タイトル,サムネイル,マニフェストURI,ソート用,コレクション名,ID,利用条件,アイテムURL,機械可読データ,所蔵,年,viewingDirection,サイトURL,uparl:additionalDescription,uparl:bibliopegy,uparl:callNumber,uparl:condition,uparl:constitutionOfTheWork,uparl:dateOfTheVersion,uparl:dimensions,uparl:dimensionsOfTheVersion,uparl:externalTitle,uparl:identifierOfTheData,uparl:ledgerNumber,uparl:linageOfTheVersion,uparl:placeOfTheVersion,uparl:provenance,uparl:quantity,uparl:reference,uparl:responsibilityOfTheVersion,uparl:responsibilityOfTheWork,uparl:seal,uparl:techniqueOfTheMaterialization,uparl:techniqueOfTheVersion,uparl:titleOfTheData,uparl:titleOfTheWork,uparl:yearOfTheVersion
鍾伯敬先生批評水滸伝一百巻一百回 [A006267-00],,https://iiif.dl.itc.u-tokyo.ac.jp/repo/iiif/190385/manifest,A006267-00,,80c68016-36ce-4a3c-b603-0f199dca5215,https://www.lib.u-tokyo.ac.jp/ja/library/general/reuse,,https://iiif.dl.itc.u-tokyo.ac.jp/repo/api/items/190385,"東京大学附属図書館アジア研究図書館上廣倫理財団寄付研究部門 / Uehiro Project for the Asian Research Library in the University of Tokyo, JAPAN",,http://iiif.io/api/presentation/2#rightToLeftDirection,,"巻22第3葉版心下部に「積慶堂藏板」とあり,鈔補冊末に「紫野竹隱居主臨書(花押)」とあり,箱書に「醉竹軒珍蔵 竹隱題函(花押)」とあり,帙の前表紙裏に「寄贈/昭和拾年貮月壹日/神山閏次氏」とあり","線装, 四針眼釘法",A00-6267,"首冊鈔補,ほか闕葉鈔補,墨筆書き入れあり","100巻,100回",(中国)明末,23.7×13.9cm,(内框)20.0×12.2cm,水滸傳,A006267,,12行行26字,,"神山閏次旧蔵,東京大学総合図書館所蔵","1函,1帙,16冊",,,(明)鍾惺(伯敬)批評,"山閏之印,東京帝國大學圖書印",印本,木版,鍾伯敬先生批評水滸傳一百卷一百囘 Zhong Bojing Xiansheng Piping Shuihu Zhuan 100 juan 100 hui 鍾伯敬先生批評水滸伝一百巻一百回 锺伯敬先生批评水浒传一百卷一百回,"(巻首題)鍾伯敬先生批評水滸傳,(序首題)水滸傳,(版心題)批評水滸傳",1621-1644年
鍾伯敬先生批評水滸伝一百巻一百回 [A006267-01],,https://iiif.dl.itc.u-tokyo.ac.jp/repo/iiif/190386/manifest,A006267-01,,bbe39586-8623-447b-8814-0e19c3986d05,https://www.lib.u-tokyo.ac.jp/ja/library/general/reuse,,https://iiif.dl.itc.u-tokyo.ac.jp/repo/api/items/190386,"東京大学附属図書館アジア研究図書館上廣倫理財団寄付研究部門 / Uehiro Project for the Asian Research Library in the University of Tokyo, JAPAN",,http://iiif.io/api/presentation/2#rightToLeftDirection,,"巻22第3葉版心下部に「積慶堂藏板」とあり,鈔補冊末に「紫野竹隱居主臨書(花押)」とあり,箱書に「醉竹軒珍蔵 竹隱題函(花押)」とあり,帙の前表紙裏に「寄贈/昭和拾年貮月壹日/神山閏次氏」とあり","線装, 四針眼釘法",A00-6267,"首冊鈔補,ほか闕葉鈔補,墨筆書き入れあり","100巻,100回",(中国)明末,23.7×13.9cm,(内框)20.0×12.2cm,水滸傳,A006267,,12行行26字,,"神山閏次旧蔵,東京大学総合図書館所蔵","1函,1帙,16冊",,,(明)鍾惺(伯敬)批評,"山閏之印,東京帝國大學圖書印",印本,木版,鍾伯敬先生批評水滸傳一百卷一百囘 Zhong Bojing Xiansheng Piping Shuihu Zhuan 100 juan 100 hui 鍾伯敬先生批評水滸伝一百巻一百回 锺伯敬先生批评水浒传一百卷一百回,"(巻首題)鍾伯敬先生批評水滸傳,(序首題)水滸傳,(版心題)批評水滸傳",1621-1644年
鍾伯敬先生批評水滸伝一百巻一百回 [A006267-02],,https://iiif.dl.itc.u-tokyo.ac.jp/repo/iiif/190387/manifest,A006267-02,,6514c71e-fdc3-4640-a2c5-4a56d08cd0fb,https://www.lib.u-tokyo.ac.jp/ja/library/general/reuse,,https://iiif.dl.itc.u-tokyo.ac.jp/repo/api/items/190387,"東京大学附属図書館アジア研究図書館上廣倫理財団寄付研究部門 / Uehiro Project for the Asian Research Library in the University of Tokyo, JAPAN",,http://iiif.io/api/presentation/2#rightToLeftDirection,,"巻22第3葉版心下部に「積慶堂藏板」とあり,鈔補冊末に「紫野竹隱居主臨書(花押)」とあり,箱書に「醉竹軒珍蔵 竹隱題函(花押)」とあり,帙の前表紙裏に「寄贈/昭和拾年貮月壹日/神山閏次氏」とあり","線装, 四針眼釘法",A00-6267,"首冊鈔補,ほか闕葉鈔補,墨筆書き入れあり","100巻,100回",(中国)明末,23.7×13.9cm,(内框)20.0×12.2cm,水滸傳,A006267,,12行行26字,,"神山閏次旧蔵,東京大学総合図書館所蔵","1函,1帙,16冊",,,(明)鍾惺(伯敬)批評,"山閏之印,東京帝國大學圖書印",印本,木版,鍾伯敬先生批評水滸傳一百卷一百囘 Zhong Bojing Xiansheng Piping Shuihu Zhuan 100 juan 100 hui 鍾伯敬先生批評水滸伝一百巻一百回 锺伯敬先生批评水浒传一百卷一百回,"(巻首題)鍾伯敬先生批評水滸傳,(序首題)水滸傳,(版心題)批評水滸傳",1621-1644年
鍾伯敬先生批評水滸伝一百巻一百回 [A006267-03],,https://iiif.dl.itc.u-tokyo.ac.jp/repo/iiif/190388/manifest,A006267-03,,73a155d3-cc02-401a-bcc0-0c3de3044027,https://www.lib.u-tokyo.ac.jp/ja/library/general/reuse,,https://iiif.dl.itc.u-tokyo.ac.jp/repo/api/items/190388,"東京大学附属図書館アジア研究図書館上廣倫理財団寄付研究部門 / Uehiro Project for the Asian Research Library in the University of Tokyo, JAPAN",,http://iiif.io/api/presentation/2#rightToLeftDirection,,"巻22第3葉版心下部に「積慶堂藏板」とあり,鈔補冊末に「紫野竹隱居主臨書(花押)」とあり,箱書に「醉竹軒珍蔵 竹隱題函(花押)」とあり,帙の前表紙裏に「寄贈/昭和拾年貮月壹日/神山閏次氏」とあり","線装, 四針眼釘法",A00-6267,"首冊鈔補,ほか闕葉鈔補,墨筆書き入れあり","100巻,100回",(中国)明末,23.7×13.9cm,(内框)20.0×12.2cm,水滸傳,A006267,,12行行26字,,"神山閏次旧蔵,東京大学総合図書館所蔵","1函,1帙,16冊",,,(明)鍾惺(伯敬)批評,"山閏之印,東京帝國大學圖書印",印本,木版,鍾伯敬先生批評水滸傳一百卷一百囘 Zhong Bojing Xiansheng Piping Shuihu Zhuan 100 juan 100 hui 鍾伯敬先生批評水滸伝一百巻一百回 锺伯敬先生批评水浒传一百卷一百回,"(巻首題)鍾伯敬先生批評水滸傳,(序首題)水滸傳,(版心題)批評水滸傳",1621-1644年
鍾伯敬先生批評水滸伝一百巻一百回 [A006267-04],,https://iiif.dl.itc.u-tokyo.ac.jp/repo/iiif/190389/manifest,A006267-04,,9e6fed20-04c1-469b-9f16-3ec5837a4370,https://www.lib.u-tokyo.ac.jp/ja/library/general/reuse,,https://iiif.dl.itc.u-tokyo.ac.jp/repo/api/items/190389,"東京大学附属図書館アジア研究図書館上廣倫理財団寄付研究部門 / Uehiro Project for the Asian Research Library in the University of Tokyo, JAPAN",,http://iiif.io/api/presentation/2#rightToLeftDirection,,"巻22第3葉版心下部に「積慶堂藏板」とあり,鈔補冊末に「紫野竹隱居主臨書(花押)」とあり,箱書に「醉竹軒珍蔵 竹隱題函(花押)」とあり,帙の前表紙裏に「寄贈/昭和拾年貮月壹日/神山閏次氏」とあり","線装, 四針眼釘法",A00-6267,"首冊鈔補,ほか闕葉鈔補,墨筆書き入れあり","100巻,100回",(中国)明末,23.7×13.9cm,(内框)20.0×12.2cm,水滸傳,A006267,,12行行26字,,"神山閏次旧蔵,東京大学総合図書館所蔵","1函,1帙,16冊",,,(明)鍾惺(伯敬)批評,"山閏之印,東京帝國大學圖書印",印本,木版,鍾伯敬先生批評水滸傳一百卷一百囘 Zhong Bojing Xiansheng Piping Shuihu Zhuan 100 juan 100 hui 鍾伯敬先生批評水滸伝一百巻一百回 锺伯敬先生批评水浒传一百卷一百回,"(巻首題)鍾伯敬先生批評水滸傳,(序首題)水滸傳,(版心題)批評水滸傳",1621-1644年
鍾伯敬先生批評水滸伝一百巻一百回 [A006267-05],,https://iiif.dl.itc.u-tokyo.ac.jp/repo/iiif/190390/manifest,A006267-05,,7b290256-392d-4a98-ac0b-9609ea5edae8,https://www.lib.u-tokyo.ac.jp/ja/library/general/reuse,,https://iiif.dl.itc.u-tokyo.ac.jp/repo/api/items/190390,"東京大学附属図書館アジア研究図書館上廣倫理財団寄付研究部門 / Uehiro Project for the Asian Research Library in the University of Tokyo, JAPAN",,http://iiif.io/api/presentation/2#rightToLeftDirection,,"巻22第3葉版心下部に「積慶堂藏板」とあり,鈔補冊末に「紫野竹隱居主臨書(花押)」とあり,箱書に「醉竹軒珍蔵 竹隱題函(花押)」とあり,帙の前表紙裏に「寄贈/昭和拾年貮月壹日/神山閏次氏」とあり","線装, 四針眼釘法",A00-6267,"首冊鈔補,ほか闕葉鈔補,墨筆書き入れあり","100巻,100回",(中国)明末,23.7×13.9cm,(内框)20.0×12.2cm,水滸傳,A006267,,12行行26字,,"神山閏次旧蔵,東京大学総合図書館所蔵","1函,1帙,16冊",,,(明)鍾惺(伯敬)批評,"山閏之印,東京帝國大學圖書印",印本,木版,鍾伯敬先生批評水滸傳一百卷一百囘 Zhong Bojing Xiansheng Piping Shuihu Zhuan 100 juan 100 hui 鍾伯敬先生批評水滸伝一百巻一百回 锺伯敬先生批评水浒传一百卷一百回,"(巻首題)鍾伯敬先生批評水滸傳,(序首題)水滸傳,(版心題)批評水滸傳",1621-1644年
鍾伯敬先生批評水滸伝一百巻一百回 [A006267-06],,https://iiif.dl.itc.u-tokyo.ac.jp/repo/iiif/190391/manifest,A006267-06,,bc40407b-6193-4252-8802-90b1a2a80f2b,https://www.lib.u-tokyo.ac.jp/ja/library/general/reuse,,https://iiif.dl.itc.u-tokyo.ac.jp/repo/api/items/190391,"東京大学附属図書館アジア研究図書館上廣倫理財団寄付研究部門 / Uehiro Project for the Asian Research Library in the University of Tokyo, JAPAN",,http://iiif.io/api/presentation/2#rightToLeftDirection,,"巻22第3葉版心下部に「積慶堂藏板」とあり,鈔補冊末に「紫野竹隱居主臨書(花押)」とあり,箱書に「醉竹軒珍蔵 竹隱題函(花押)」とあり,帙の前表紙裏に「寄贈/昭和拾年貮月壹日/神山閏次氏」とあり","線装, 四針眼釘法",A00-6267,"首冊鈔補,ほか闕葉鈔補,墨筆書き入れあり","100巻,100回",(中国)明末,23.7×13.9cm,(内框)20.0×12.2cm,水滸傳,A006267,,12行行26字,,"神山閏次旧蔵,東京大学総合図書館所蔵","1函,1帙,16冊",,,(明)鍾惺(伯敬)批評,"山閏之印,東京帝國大學圖書印",印本,木版,鍾伯敬先生批評水滸傳一百卷一百囘 Zhong Bojing Xiansheng Piping Shuihu Zhuan 100 juan 100 hui 鍾伯敬先生批評水滸伝一百巻一百回 锺伯敬先生批评水浒传一百卷一百回,"(巻首題)鍾伯敬先生批評水滸傳,(序首題)水滸傳,(版心題)批評水滸傳",1621-1644年
鍾伯敬先生批評水滸伝一百巻一百回 [A006267-07],,https://iiif.dl.itc.u-tokyo.ac.jp/repo/iiif/190392/manifest,A006267-07,,9890547d-641b-42ff-b0bf-2fea1bea60dc,https://www.lib.u-tokyo.ac.jp/ja/library/general/reuse,,https://iiif.dl.itc.u-tokyo.ac.jp/repo/api/items/190392,"東京大学附属図書館アジア研究図書館上廣倫理財団寄付研究部門 / Uehiro Project for the Asian Research Library in the University of Tokyo, JAPAN",,http://iiif.io/api/presentation/2#rightToLeftDirection,,"巻22第3葉版心下部に「積慶堂藏板」とあり,鈔補冊末に「紫野竹隱居主臨書(花押)」とあり,箱書に「醉竹軒珍蔵 竹隱題函(花押)」とあり,帙の前表紙裏に「寄贈/昭和拾年貮月壹日/神山閏次氏」とあり","線装, 四針眼釘法",A00-6267,"首冊鈔補,ほか闕葉鈔補,墨筆書き入れあり","100巻,100回",(中国)明末,23.7×13.9cm,(内框)20.0×12.2cm,水滸傳,A006267,,12行行26字,,"神山閏次旧蔵,東京大学総合図書館所蔵","1函,1帙,16冊",,,(明)鍾惺(伯敬)批評,"山閏之印,東京帝國大學圖書印",印本,木版,鍾伯敬先生批評水滸傳一百卷一百囘 Zhong Bojing Xiansheng Piping Shuihu Zhuan 100 juan 100 hui 鍾伯敬先生批評水滸伝一百巻一百回 锺伯敬先生批评水浒传一百卷一百回,"(巻首題)鍾伯敬先生批評水滸傳,(序首題)水滸傳,(版心題)批評水滸傳",1621-1644年
鍾伯敬先生批評水滸伝一百巻一百回 [A006267-08],,https://iiif.dl.itc.u-tokyo.ac.jp/repo/iiif/190393/manifest,A006267-08,,39241169-d3e6-46c4-aa89-a1d7e90d6a0d,https://www.lib.u-tokyo.ac.jp/ja/library/general/reuse,,https://iiif.dl.itc.u-tokyo.ac.jp/repo/api/items/190393,"東京大学附属図書館アジア研究図書館上廣倫理財団寄付研究部門 / Uehiro Project for the Asian Research Library in the University of Tokyo, JAPAN",,http://iiif.io/api/presentation/2#rightToLeftDirection,,"巻22第3葉版心下部に「積慶堂藏板」とあり,鈔補冊末に「紫野竹隱居主臨書(花押)」とあり,箱書に「醉竹軒珍蔵 竹隱題函(花押)」とあり,帙の前表紙裏に「寄贈/昭和拾年貮月壹日/神山閏次氏」とあり","線装, 四針眼釘法",A00-6267,"首冊鈔補,ほか闕葉鈔補,墨筆書き入れあり","100巻,100回",(中国)明末,23.7×13.9cm,(内框)20.0×12.2cm,水滸傳,A006267,,12行行26字,,"神山閏次旧蔵,東京大学総合図書館所蔵","1函,1帙,16冊",,,(明)鍾惺(伯敬)批評,"山閏之印,東京帝國大學圖書印",印本,木版,鍾伯敬先生批評水滸傳一百卷一百囘 Zhong Bojing Xiansheng Piping Shuihu Zhuan 100 juan 100 hui 鍾伯敬先生批評水滸伝一百巻一百回 锺伯敬先生批评水浒传一百卷一百回,"(巻首題)鍾伯敬先生批評水滸傳,(序首題)水滸傳,(版心題)批評水滸傳",1621-1644年
鍾伯敬先生批評水滸伝一百巻一百回 [A006267-09],,https://iiif.dl.itc.u-tokyo.ac.jp/repo/iiif/190394/manifest,A006267-09,,1242ca5a-de88-4844-89d2-5953495e7918,https://www.lib.u-tokyo.ac.jp/ja/library/general/reuse,,https://iiif.dl.itc.u-tokyo.ac.jp/repo/api/items/190394,"東京大学附属図書館アジア研究図書館上廣倫理財団寄付研究部門 / Uehiro Project for the Asian Research Library in the University of Tokyo, JAPAN",,http://iiif.io/api/presentation/2#rightToLeftDirection,,"巻22第3葉版心下部に「積慶堂藏板」とあり,鈔補冊末に「紫野竹隱居主臨書(花押)」とあり,箱書に「醉竹軒珍蔵 竹隱題函(花押)」とあり,帙の前表紙裏に「寄贈/昭和拾年貮月壹日/神山閏次氏」とあり","線装, 四針眼釘法",A00-6267,"首冊鈔補,ほか闕葉鈔補,墨筆書き入れあり","100巻,100回",(中国)明末,23.7×13.9cm,(内框)20.0×12.2cm,水滸傳,A006267,,12行行26字,,"神山閏次旧蔵,東京大学総合図書館所蔵","1函,1帙,16冊",,,(明)鍾惺(伯敬)批評,"山閏之印,東京帝國大學圖書印",印本,木版,鍾伯敬先生批評水滸傳一百卷一百囘 Zhong Bojing Xiansheng Piping Shuihu Zhuan 100 juan 100 hui 鍾伯敬先生批評水滸伝一百巻一百回 锺伯敬先生批评水浒传一百卷一百回,"(巻首題)鍾伯敬先生批評水滸傳,(序首題)水滸傳,(版心題)批評水滸傳",1621-1644年
鍾伯敬先生批評水滸伝一百巻一百回 [A006267-10],,https://iiif.dl.itc.u-tokyo.ac.jp/repo/iiif/190395/manifest,A006267-10,,371b33da-684d-4c82-bd7d-501e9eab7a49,https://www.lib.u-tokyo.ac.jp/ja/library/general/reuse,,https://iiif.dl.itc.u-tokyo.ac.jp/repo/api/items/190395,"東京大学附属図書館アジア研究図書館上廣倫理財団寄付研究部門 / Uehiro Project for the Asian Research Library in the University of Tokyo, JAPAN",,http://iiif.io/api/presentation/2#rightToLeftDirection,,"巻22第3葉版心下部に「積慶堂藏板」とあり,鈔補冊末に「紫野竹隱居主臨書(花押)」とあり,箱書に「醉竹軒珍蔵 竹隱題函(花押)」とあり,帙の前表紙裏に「寄贈/昭和拾年貮月壹日/神山閏次氏」とあり","線装, 四針眼釘法",A00-6267,"首冊鈔補,ほか闕葉鈔補,墨筆書き入れあり","100巻,100回",(中国)明末,23.7×13.9cm,(内框)20.0×12.2cm,水滸傳,A006267,,12行行26字,,"神山閏次旧蔵,東京大学総合図書館所蔵","1函,1帙,16冊",,,(明)鍾惺(伯敬)批評,"山閏之印,東京帝國大學圖書印",印本,木版,鍾伯敬先生批評水滸傳一百卷一百囘 Zhong Bojing Xiansheng Piping Shuihu Zhuan 100 juan 100 hui 鍾伯敬先生批評水滸伝一百巻一百回 锺伯敬先生批评水浒传一百卷一百回,"(巻首題)鍾伯敬先生批評水滸傳,(序首題)水滸傳,(版心題)批評水滸傳",1621-1644年
鍾伯敬先生批評水滸伝一百巻一百回 [A006267-11],,https://iiif.dl.itc.u-tokyo.ac.jp/repo/iiif/190396/manifest,A006267-11,,26644046-a49d-4476-bb61-0afc3f084ced,https://www.lib.u-tokyo.ac.jp/ja/library/general/reuse,,https://iiif.dl.itc.u-tokyo.ac.jp/repo/api/items/190396,"東京大学附属図書館アジア研究図書館上廣倫理財団寄付研究部門 / Uehiro Project for the Asian Research Library in the University of Tokyo, JAPAN",,http://iiif.io/api/presentation/2#rightToLeftDirection,,"巻22第3葉版心下部に「積慶堂藏板」とあり,鈔補冊末に「紫野竹隱居主臨書(花押)」とあり,箱書に「醉竹軒珍蔵 竹隱題函(花押)」とあり,帙の前表紙裏に「寄贈/昭和拾年貮月壹日/神山閏次氏」とあり","線装, 四針眼釘法",A00-6267,"首冊鈔補,ほか闕葉鈔補,墨筆書き入れあり","100巻,100回",(中国)明末,23.7×13.9cm,(内框)20.0×12.2cm,水滸傳,A006267,,12行行26字,,"神山閏次旧蔵,東京大学総合図書館所蔵","1函,1帙,16冊",,,(明)鍾惺(伯敬)批評,"山閏之印,東京帝國大學圖書印",印本,木版,鍾伯敬先生批評水滸傳一百卷一百囘 Zhong Bojing Xiansheng Piping Shuihu Zhuan 100 juan 100 hui 鍾伯敬先生批評水滸伝一百巻一百回 锺伯敬先生批评水浒传一百卷一百回,"(巻首題)鍾伯敬先生批評水滸傳,(序首題)水滸傳,(版心題)批評水滸傳",1621-1644年
鍾伯敬先生批評水滸伝一百巻一百回 [A006267-12],,https://iiif.dl.itc.u-tokyo.ac.jp/repo/iiif/190397/manifest,A006267-12,,d6cb7988-57a7-445a-ba42-cae2ab2f81c0,https://www.lib.u-tokyo.ac.jp/ja/library/general/reuse,,https://iiif.dl.itc.u-tokyo.ac.jp/repo/api/items/190397,"東京大学附属図書館アジア研究図書館上廣倫理財団寄付研究部門 / Uehiro Project for the Asian Research Library in the University of Tokyo, JAPAN",,http://iiif.io/api/presentation/2#rightToLeftDirection,,"巻22第3葉版心下部に「積慶堂藏板」とあり,鈔補冊末に「紫野竹隱居主臨書(花押)」とあり,箱書に「醉竹軒珍蔵 竹隱題函(花押)」とあり,帙の前表紙裏に「寄贈/昭和拾年貮月壹日/神山閏次氏」とあり","線装, 四針眼釘法",A00-6267,"首冊鈔補,ほか闕葉鈔補,墨筆書き入れあり","100巻,100回",(中国)明末,23.7×13.9cm,(内框)20.0×12.2cm,水滸傳,A006267,,12行行26字,,"神山閏次旧蔵,東京大学総合図書館所蔵","1函,1帙,16冊",,,(明)鍾惺(伯敬)批評,"山閏之印,東京帝國大學圖書印",印本,木版,鍾伯敬先生批評水滸傳一百卷一百囘 Zhong Bojing Xiansheng Piping Shuihu Zhuan 100 juan 100 hui 鍾伯敬先生批評水滸伝一百巻一百回 锺伯敬先生批评水浒传一百卷一百回,"(巻首題)鍾伯敬先生批評水滸傳,(序首題)水滸傳,(版心題)批評水滸傳",1621-1644年
鍾伯敬先生批評水滸伝一百巻一百回 [A006267-13],,https://iiif.dl.itc.u-tokyo.ac.jp/repo/iiif/190398/manifest,A006267-13,,0013fe05-6d0d-42b9-8ce8-f8994166d9b8,https://www.lib.u-tokyo.ac.jp/ja/library/general/reuse,,https://iiif.dl.itc.u-tokyo.ac.jp/repo/api/items/190398,"東京大学附属図書館アジア研究図書館上廣倫理財団寄付研究部門 / Uehiro Project for the Asian Research Library in the University of Tokyo, JAPAN",,http://iiif.io/api/presentation/2#rightToLeftDirection,,"巻22第3葉版心下部に「積慶堂藏板」とあり,鈔補冊末に「紫野竹隱居主臨書(花押)」とあり,箱書に「醉竹軒珍蔵 竹隱題函(花押)」とあり,帙の前表紙裏に「寄贈/昭和拾年貮月壹日/神山閏次氏」とあり","線装, 四針眼釘法",A00-6267,"首冊鈔補,ほか闕葉鈔補,墨筆書き入れあり","100巻,100回",(中国)明末,23.7×13.9cm,(内框)20.0×12.2cm,水滸傳,A006267,,12行行26字,,"神山閏次旧蔵,東京大学総合図書館所蔵","1函,1帙,16冊",,,(明)鍾惺(伯敬)批評,"山閏之印,東京帝國大學圖書印",印本,木版,鍾伯敬先生批評水滸傳一百卷一百囘 Zhong Bojing Xiansheng Piping Shuihu Zhuan 100 juan 100 hui 鍾伯敬先生批評水滸伝一百巻一百回 锺伯敬先生批评水浒传一百卷一百回,"(巻首題)鍾伯敬先生批評水滸傳,(序首題)水滸傳,(版心題)批評水滸傳",1621-1644年
鍾伯敬先生批評水滸伝一百巻一百回 [A006267-14],,https://iiif.dl.itc.u-tokyo.ac.jp/repo/iiif/190399/manifest,A006267-14,,3d9b5db4-348b-4327-9ee9-0437b1d5929b,https://www.lib.u-tokyo.ac.jp/ja/library/general/reuse,,https://iiif.dl.itc.u-tokyo.ac.jp/repo/api/items/190399,"東京大学附属図書館アジア研究図書館上廣倫理財団寄付研究部門 / Uehiro Project for the Asian Research Library in the University of Tokyo, JAPAN",,http://iiif.io/api/presentation/2#rightToLeftDirection,,"巻22第3葉版心下部に「積慶堂藏板」とあり,鈔補冊末に「紫野竹隱居主臨書(花押)」とあり,箱書に「醉竹軒珍蔵 竹隱題函(花押)」とあり,帙の前表紙裏に「寄贈/昭和拾年貮月壹日/神山閏次氏」とあり","線装, 四針眼釘法",A00-6267,"首冊鈔補,ほか闕葉鈔補,墨筆書き入れあり","100巻,100回",(中国)明末,23.7×13.9cm,(内框)20.0×12.2cm,水滸傳,A006267,,12行行26字,,"神山閏次旧蔵,東京大学総合図書館所蔵","1函,1帙,16冊",,,(明)鍾惺(伯敬)批評,"山閏之印,東京帝國大學圖書印",印本,木版,鍾伯敬先生批評水滸傳一百卷一百囘 Zhong Bojing Xiansheng Piping Shuihu Zhuan 100 juan 100 hui 鍾伯敬先生批評水滸伝一百巻一百回 锺伯敬先生批评水浒传一百卷一百回,"(巻首題)鍾伯敬先生批評水滸傳,(序首題)水滸傳,(版心題)批評水滸傳",1621-1644年
鍾伯敬先生批評水滸伝一百巻一百回 [A006267-15],,https://iiif.dl.itc.u-tokyo.ac.jp/repo/iiif/190400/manifest,A006267-15,,1582ab23-9c4c-4fd9-9145-e10f030c4f69,https://www.lib.u-tokyo.ac.jp/ja/library/general/reuse,,https://iiif.dl.itc.u-tokyo.ac.jp/repo/api/items/190400,"東京大学附属図書館アジア研究図書館上廣倫理財団寄付研究部門 / Uehiro Project for the Asian Research Library in the University of Tokyo, JAPAN",,http://iiif.io/api/presentation/2#rightToLeftDirection,,"巻22第3葉版心下部に「積慶堂藏板」とあり,鈔補冊末に「紫野竹隱居主臨書(花押)」とあり,箱書に「醉竹軒珍蔵 竹隱題函(花押)」とあり,帙の前表紙裏に「寄贈/昭和拾年貮月壹日/神山閏次氏」とあり","線装, 四針眼釘法",A00-6267,"首冊鈔補,ほか闕葉鈔補,墨筆書き入れあり","100巻,100回",(中国)明末,23.7×13.9cm,(内框)20.0×12.2cm,水滸傳,A006267,,12行行26字,,"神山閏次旧蔵,東京大学総合図書館所蔵","1函,1帙,16冊",,,(明)鍾惺(伯敬)批評,"山閏之印,東京帝國大學圖書印",印本,木版,鍾伯敬先生批評水滸傳一百卷一百囘 Zhong Bojing Xiansheng Piping Shuihu Zhuan 100 juan 100 hui 鍾伯敬先生批評水滸伝一百巻一百回 锺伯敬先生批评水浒传一百卷一百回,"(巻首題)鍾伯敬先生批評水滸傳,(序首題)水滸傳,(版心題)批評水滸傳",1621-1644年
鍾伯敬先生批評水滸伝一百巻一百回 [A006267-16],,https://iiif.dl.itc.u-tokyo.ac.jp/repo/iiif/190401/manifest,A006267-16,,f7626177-dfde-4dc3-9798-f5cb155374a5,https://www.lib.u-tokyo.ac.jp/ja/library/general/reuse,,https://iiif.dl.itc.u-tokyo.ac.jp/repo/api/items/190401,"東京大学附属図書館アジア研究図書館上廣倫理財団寄付研究部門 / Uehiro Project for the Asian Research Library in the University of Tokyo, JAPAN",,http://iiif.io/api/presentation/2#rightToLeftDirection,,"巻22第3葉版心下部に「積慶堂藏板」とあり,鈔補冊末に「紫野竹隱居主臨書(花押)」とあり,箱書に「醉竹軒珍蔵 竹隱題函(花押)」とあり,帙の前表紙裏に「寄贈/昭和拾年貮月壹日/神山閏次氏」とあり","線装, 四針眼釘法",A00-6267,"首冊鈔補,ほか闕葉鈔補,墨筆書き入れあり","100巻,100回",(中国)明末,23.7×13.9cm,(内框)20.0×12.2cm,水滸傳,A006267,,12行行26字,,"神山閏次旧蔵,東京大学総合図書館所蔵","1函,1帙,16冊",,,(明)鍾惺(伯敬)批評,"山閏之印,東京帝國大學圖書印",印本,木版,鍾伯敬先生批評水滸傳一百卷一百囘 Zhong Bojing Xiansheng Piping Shuihu Zhuan 100 juan 100 hui 鍾伯敬先生批評水滸伝一百巻一百回 锺伯敬先生批评水浒传一百卷一百回,"(巻首題)鍾伯敬先生批評水滸傳,(序首題)水滸傳,(版心題)批評水滸傳",1621-1644年
新刻全像忠義水滸誌伝二十五巻一百十五回 [A006371-00],,https://iiif.dl.itc.u-tokyo.ac.jp/repo/iiif/190376/manifest,A006371-00,,5a30b73d-3275-4b02-bdc7-9fa1a2302a32,https://www.lib.u-tokyo.ac.jp/ja/library/general/reuse,,https://iiif.dl.itc.u-tokyo.ac.jp/repo/api/items/190376,"東京大学附属図書館アジア研究図書館上廣倫理財団寄付研究部門 / Uehiro Project for the Asian Research Library in the University of Tokyo, JAPAN",,http://iiif.io/api/presentation/2#rightToLeftDirection,,嵌図式上図下文本,"線装, 四針眼釘法",A00-6371,"闕巻16第2葉,虫損あり,裏打修補あり,天地裁断あり,朱墨書き入れあり","25巻,115回",(中国)明末清初,23.4×13.9cm,(内框)21.1×11.6cm,水滸傳,A006371,B23475,15行行34字(嵌図部行27字),建陽,"森林太郎(鴎外)旧蔵,東京大学総合図書館所蔵","2帙,8冊",,"(明)劉栄吾(欽温)刊,藜光堂刊,藜光閣刊,藜光堂藏版","(明)姚宗鎭編,(明)鄭國揚校","東京帝國大学圖書印,鷗外藏書,集義精舎,林太郎",印本,木版,新刻全像忠義水滸誌傳二十五卷一百十五囘 Xinke Quanxiang Zhongyi Shuihu Zhizhuan 25 juan 115 hui 新刻全像忠義水滸誌伝二十五巻一百十五回 新刻全像忠义水浒志传二十五卷一百一十五回,"(巻首題)新刻全像忠義水滸誌傳,(目首題)鼎鐫全像水滸忠義志傳,(版心題)忠義水滸,(封面題)全像忠義水滸",1621-1722年
新刻全像忠義水滸誌伝二十五巻一百十五回 [A006371-01],,https://iiif.dl.itc.u-tokyo.ac.jp/repo/iiif/190377/manifest,A006371-01,,1251c78e-4633-43ad-9e0d-49952ee2b6c8,https://www.lib.u-tokyo.ac.jp/ja/library/general/reuse,,https://iiif.dl.itc.u-tokyo.ac.jp/repo/api/items/190377,"東京大学附属図書館アジア研究図書館上廣倫理財団寄付研究部門 / Uehiro Project for the Asian Research Library in the University of Tokyo, JAPAN",,http://iiif.io/api/presentation/2#rightToLeftDirection,,嵌図式上図下文本,"線装, 四針眼釘法",A00-6371,"闕巻16第2葉,虫損あり,裏打修補あり,天地裁断あり,朱墨書き入れあり","25巻,115回",(中国)明末清初,23.4×13.9cm,(内框)21.1×11.6cm,水滸傳,A006371,B23475,15行行34字(嵌図部行27字),建陽,"森林太郎(鴎外)旧蔵,東京大学総合図書館所蔵","2帙,8冊",,"(明)劉栄吾(欽温)刊,藜光堂刊,藜光閣刊,藜光堂藏版","(明)姚宗鎭編,(明)鄭國揚校","東京帝國大学圖書印,鷗外藏書,集義精舎,林太郎",印本,木版,新刻全像忠義水滸誌傳二十五卷一百十五囘 Xinke Quanxiang Zhongyi Shuihu Zhizhuan 25 juan 115 hui 新刻全像忠義水滸誌伝二十五巻一百十五回 新刻全像忠义水浒志传二十五卷一百一十五回,"(巻首題)新刻全像忠義水滸誌傳,(目首題)鼎鐫全像水滸忠義志傳,(版心題)忠義水滸,(封面題)全像忠義水滸",1621-1722年
新刻全像忠義水滸誌伝二十五巻一百十五回 [A006371-02],,https://iiif.dl.itc.u-tokyo.ac.jp/repo/iiif/190378/manifest,A006371-02,,de81517b-1b16-4cc1-aa9e-2f2ba088eecc,https://www.lib.u-tokyo.ac.jp/ja/library/general/reuse,,https://iiif.dl.itc.u-tokyo.ac.jp/repo/api/items/190378,"東京大学附属図書館アジア研究図書館上廣倫理財団寄付研究部門 / Uehiro Project for the Asian Research Library in the University of Tokyo, JAPAN",,http://iiif.io/api/presentation/2#rightToLeftDirection,,嵌図式上図下文本,"線装, 四針眼釘法",A00-6371,"闕巻16第2葉,虫損あり,裏打修補あり,天地裁断あり,朱墨書き入れあり","25巻,115回",(中国)明末清初,23.4×13.9cm,(内框)21.1×11.6cm,水滸傳,A006371,B23475,15行行34字(嵌図部行27字),建陽,"森林太郎(鴎外)旧蔵,東京大学総合図書館所蔵","2帙,8冊",,"(明)劉栄吾(欽温)刊,藜光堂刊,藜光閣刊,藜光堂藏版","(明)姚宗鎭編,(明)鄭國揚校","東京帝國大学圖書印,鷗外藏書,集義精舎,林太郎",印本,木版,新刻全像忠義水滸誌傳二十五卷一百十五囘 Xinke Quanxiang Zhongyi Shuihu Zhizhuan 25 juan 115 hui 新刻全像忠義水滸誌伝二十五巻一百十五回 新刻全像忠义水浒志传二十五卷一百一十五回,"(巻首題)新刻全像忠義水滸誌傳,(目首題)鼎鐫全像水滸忠義志傳,(版心題)忠義水滸,(封面題)全像忠義水滸",1621-1722年
新刻全像忠義水滸誌伝二十五巻一百十五回 [A006371-03],,https://iiif.dl.itc.u-tokyo.ac.jp/repo/iiif/190379/manifest,A006371-03,,0b5bf2b7-4f49-4731-9a09-6bc7d0896a86,https://www.lib.u-tokyo.ac.jp/ja/library/general/reuse,,https://iiif.dl.itc.u-tokyo.ac.jp/repo/api/items/190379,"東京大学附属図書館アジア研究図書館上廣倫理財団寄付研究部門 / Uehiro Project for the Asian Research Library in the University of Tokyo, JAPAN",,http://iiif.io/api/presentation/2#rightToLeftDirection,,嵌図式上図下文本,"線装, 四針眼釘法",A00-6371,"闕巻16第2葉,虫損あり,裏打修補あり,天地裁断あり,朱墨書き入れあり","25巻,115回",(中国)明末清初,23.4×13.9cm,(内框)21.1×11.6cm,水滸傳,A006371,B23475,15行行34字(嵌図部行27字),建陽,"森林太郎(鴎外)旧蔵,東京大学総合図書館所蔵","2帙,8冊",,"(明)劉栄吾(欽温)刊,藜光堂刊,藜光閣刊,藜光堂藏版","(明)姚宗鎭編,(明)鄭國揚校","東京帝國大学圖書印,鷗外藏書,集義精舎,林太郎",印本,木版,新刻全像忠義水滸誌傳二十五卷一百十五囘 Xinke Quanxiang Zhongyi Shuihu Zhizhuan 25 juan 115 hui 新刻全像忠義水滸誌伝二十五巻一百十五回 新刻全像忠义水浒志传二十五卷一百一十五回,"(巻首題)新刻全像忠義水滸誌傳,(目首題)鼎鐫全像水滸忠義志傳,(版心題)忠義水滸,(封面題)全像忠義水滸",1621-1722年
新刻全像忠義水滸誌伝二十五巻一百十五回 [A006371-04],,https://iiif.dl.itc.u-tokyo.ac.jp/repo/iiif/190380/manifest,A006371-04,,11844708-ba3d-4823-979e-1ee22d9f164e,https://www.lib.u-tokyo.ac.jp/ja/library/general/reuse,,https://iiif.dl.itc.u-tokyo.ac.jp/repo/api/items/190380,"東京大学附属図書館アジア研究図書館上廣倫理財団寄付研究部門 / Uehiro Project for the Asian Research Library in the University of Tokyo, JAPAN",,http://iiif.io/api/presentation/2#rightToLeftDirection,,嵌図式上図下文本,"線装, 四針眼釘法",A00-6371,"闕巻16第2葉,虫損あり,裏打修補あり,天地裁断あり,朱墨書き入れあり","25巻,115回",(中国)明末清初,23.4×13.9cm,(内框)21.1×11.6cm,水滸傳,A006371,B23475,15行行34字(嵌図部行27字),建陽,"森林太郎(鴎外)旧蔵,東京大学総合図書館所蔵","2帙,8冊",,"(明)劉栄吾(欽温)刊,藜光堂刊,藜光閣刊,藜光堂藏版","(明)姚宗鎭編,(明)鄭國揚校","東京帝國大学圖書印,鷗外藏書,集義精舎,林太郎",印本,木版,新刻全像忠義水滸誌傳二十五卷一百十五囘 Xinke Quanxiang Zhongyi Shuihu Zhizhuan 25 juan 115 hui 新刻全像忠義水滸誌伝二十五巻一百十五回 新刻全像忠义水浒志传二十五卷一百一十五回,"(巻首題)新刻全像忠義水滸誌傳,(目首題)鼎鐫全像水滸忠義志傳,(版心題)忠義水滸,(封面題)全像忠義水滸",1621-1722年
新刻全像忠義水滸誌伝二十五巻一百十五回 [A006371-05],,https://iiif.dl.itc.u-tokyo.ac.jp/repo/iiif/190381/manifest,A006371-05,,539b9123-ad39-43eb-89f4-bb28909f3db8,https://www.lib.u-tokyo.ac.jp/ja/library/general/reuse,,https://iiif.dl.itc.u-tokyo.ac.jp/repo/api/items/190381,"東京大学附属図書館アジア研究図書館上廣倫理財団寄付研究部門 / Uehiro Project for the Asian Research Library in the University of Tokyo, JAPAN",,http://iiif.io/api/presentation/2#rightToLeftDirection,,嵌図式上図下文本,"線装, 四針眼釘法",A00-6371,"闕巻16第2葉,虫損あり,裏打修補あり,天地裁断あり,朱墨書き入れあり","25巻,115回",(中国)明末清初,23.4×13.9cm,(内框)21.1×11.6cm,水滸傳,A006371,B23475,15行行34字(嵌図部行27字),建陽,"森林太郎(鴎外)旧蔵,東京大学総合図書館所蔵","2帙,8冊",,"(明)劉栄吾(欽温)刊,藜光堂刊,藜光閣刊,藜光堂藏版","(明)姚宗鎭編,(明)鄭國揚校","東京帝國大学圖書印,鷗外藏書,集義精舎,林太郎",印本,木版,新刻全像忠義水滸誌傳二十五卷一百十五囘 Xinke Quanxiang Zhongyi Shuihu Zhizhuan 25 juan 115 hui 新刻全像忠義水滸誌伝二十五巻一百十五回 新刻全像忠义水浒志传二十五卷一百一十五回,"(巻首題)新刻全像忠義水滸誌傳,(目首題)鼎鐫全像水滸忠義志傳,(版心題)忠義水滸,(封面題)全像忠義水滸",1621-1722年
新刻全像忠義水滸誌伝二十五巻一百十五回 [A006371-06],,https://iiif.dl.itc.u-tokyo.ac.jp/repo/iiif/190382/manifest,A006371-06,,212c9a64-d845-4d6b-b4cc-9037d3ec3dbd,https://www.lib.u-tokyo.ac.jp/ja/library/general/reuse,,https://iiif.dl.itc.u-tokyo.ac.jp/repo/api/items/190382,"東京大学附属図書館アジア研究図書館上廣倫理財団寄付研究部門 / Uehiro Project for the Asian Research Library in the University of Tokyo, JAPAN",,http://iiif.io/api/presentation/2#rightToLeftDirection,,嵌図式上図下文本,"線装, 四針眼釘法",A00-6371,"闕巻16第2葉,虫損あり,裏打修補あり,天地裁断あり,朱墨書き入れあり","25巻,115回",(中国)明末清初,23.4×13.9cm,(内框)21.1×11.6cm,水滸傳,A006371,B23475,15行行34字(嵌図部行27字),建陽,"森林太郎(鴎外)旧蔵,東京大学総合図書館所蔵","2帙,8冊",,"(明)劉栄吾(欽温)刊,藜光堂刊,藜光閣刊,藜光堂藏版","(明)姚宗鎭編,(明)鄭國揚校","東京帝國大学圖書印,鷗外藏書,集義精舎,林太郎",印本,木版,新刻全像忠義水滸誌傳二十五卷一百十五囘 Xinke Quanxiang Zhongyi Shuihu Zhizhuan 25 juan 115 hui 新刻全像忠義水滸誌伝二十五巻一百十五回 新刻全像忠义水浒志传二十五卷一百一十五回,"(巻首題)新刻全像忠義水滸誌傳,(目首題)鼎鐫全像水滸忠義志傳,(版心題)忠義水滸,(封面題)全像忠義水滸",1621-1722年
新刻全像忠義水滸誌伝二十五巻一百十五回 [A006371-07],,https://iiif.dl.itc.u-tokyo.ac.jp/repo/iiif/190383/manifest,A006371-07,,7670f5f6-d6da-44a8-80b2-1ba5025a850c,https://www.lib.u-tokyo.ac.jp/ja/library/general/reuse,,https://iiif.dl.itc.u-tokyo.ac.jp/repo/api/items/190383,"東京大学附属図書館アジア研究図書館上廣倫理財団寄付研究部門 / Uehiro Project for the Asian Research Library in the University of Tokyo, JAPAN",,http://iiif.io/api/presentation/2#rightToLeftDirection,,嵌図式上図下文本,"線装, 四針眼釘法",A00-6371,"闕巻16第2葉,虫損あり,裏打修補あり,天地裁断あり,朱墨書き入れあり","25巻,115回",(中国)明末清初,23.4×13.9cm,(内框)21.1×11.6cm,水滸傳,A006371,B23475,15行行34字(嵌図部行27字),建陽,"森林太郎(鴎外)旧蔵,東京大学総合図書館所蔵","2帙,8冊",,"(明)劉栄吾(欽温)刊,藜光堂刊,藜光閣刊,藜光堂藏版","(明)姚宗鎭編,(明)鄭國揚校","東京帝國大学圖書印,鷗外藏書,集義精舎,林太郎",印本,木版,新刻全像忠義水滸誌傳二十五卷一百十五囘 Xinke Quanxiang Zhongyi Shuihu Zhizhuan 25 juan 115 hui 新刻全像忠義水滸誌伝二十五巻一百十五回 新刻全像忠义水浒志传二十五卷一百一十五回,"(巻首題)新刻全像忠義水滸誌傳,(目首題)鼎鐫全像水滸忠義志傳,(版心題)忠義水滸,(封面題)全像忠義水滸",1621-1722年
新刻全像忠義水滸誌伝二十五巻一百十五回 [A006371-08],,https://iiif.dl.itc.u-tokyo.ac.jp/repo/iiif/190384/manifest,A006371-08,,f5c12d0a-39f4-4d0b-8bdd-e2a8c3a59e09,https://www.lib.u-tokyo.ac.jp/ja/library/general/reuse,,https://iiif.dl.itc.u-tokyo.ac.jp/repo/api/items/190384,"東京大学附属図書館アジア研究図書館上廣倫理財団寄付研究部門 / Uehiro Project for the Asian Research Library in the University of Tokyo, JAPAN",,http://iiif.io/api/presentation/2#rightToLeftDirection,,嵌図式上図下文本,"線装, 四針眼釘法",A00-6371,"闕巻16第2葉,虫損あり,裏打修補あり,天地裁断あり,朱墨書き入れあり","25巻,115回",(中国)明末清初,23.4×13.9cm,(内框)21.1×11.6cm,水滸傳,A006371,B23475,15行行34字(嵌図部行27字),建陽,"森林太郎(鴎外)旧蔵,東京大学総合図書館所蔵","2帙,8冊",,"(明)劉栄吾(欽温)刊,藜光堂刊,藜光閣刊,藜光堂藏版","(明)姚宗鎭編,(明)鄭國揚校","東京帝國大学圖書印,鷗外藏書,集義精舎,林太郎",印本,木版,新刻全像忠義水滸誌傳二十五卷一百十五囘 Xinke Quanxiang Zhongyi Shuihu Zhizhuan 25 juan 115 hui 新刻全像忠義水滸誌伝二十五巻一百十五回 新刻全像忠义水浒志传二十五卷一百一十五回,"(巻首題)新刻全像忠義水滸誌傳,(目首題)鼎鐫全像水滸忠義志傳,(版心題)忠義水滸,(封面題)全像忠義水滸",1621-1722年
水滸伝全本三十巻 [E46386-00],,https://iiif.dl.itc.u-tokyo.ac.jp/repo/iiif/192217/manifest,E46386-00,,70f8f799-e618-4446-b43c-64ee4d9bd871,https://www.lib.u-tokyo.ac.jp/ja/library/general/reuse,,https://iiif.dl.itc.u-tokyo.ac.jp/repo/api/items/192217,"東京大学附属図書館アジア研究図書館上廣倫理財団寄付研究部門 / Uehiro Project for the Asian Research Library in the University of Tokyo, JAPAN",,http://iiif.io/api/presentation/2#rightToLeftDirection,,"首冊に図20葉あり,第4冊後見返しに墨筆にて「中田弃莠」とあり","線装, 四針眼釘法",E46-386,"破損あり,裏打修補あり,墨筆書き入れあり",30巻,(中国)清前期,24.9×15.9cm,(内框)20.4×12.8cm,李卓語水滸傳,E46386,"B130602,B130603,B130604,B130605,B130606,B130607,B130608,B130609,B130610,B130611,B130612,B130613",10行行20字,蘇州,"中屋幸三郎旧蔵,東京大学総合図書館所蔵","2帙,12冊","氏岡真士「三十巻本『水滸伝』について」(『日本中国学会報』第六十三集,2011年)",金閶映雪草堂藏板,"(元)施耐菴編,(明)李卓吾評點","東京大學圖書印,(印文不明),大門通小傳馬三丁目中屋幸三郎藏書記,東京帝國大學圖書印,東京帝國大學附属圖書館明治卅三年十月十日",印本,木版,水滸傳全本三十卷 Shuihu Zhuan Quanben 30 juan 水滸伝全本三十巻 水浒传全本三十卷,"(巻首題,版心題)水滸傳全本,(目首題)金聖歎評水滸全傳,(序首題)水滸全傳,(封面題)施耐菴原□李卓□先生評水滸全傳",1644-1735年
水滸伝全本三十巻 [E46386-01],,https://iiif.dl.itc.u-tokyo.ac.jp/repo/iiif/192218/manifest,E46386-01,,d3b3384b-4546-42ad-af78-09d46ab1cd65,https://www.lib.u-tokyo.ac.jp/ja/library/general/reuse,,https://iiif.dl.itc.u-tokyo.ac.jp/repo/api/items/192218,"東京大学附属図書館アジア研究図書館上廣倫理財団寄付研究部門 / Uehiro Project for the Asian Research Library in the University of Tokyo, JAPAN",,http://iiif.io/api/presentation/2#rightToLeftDirection,,"首冊に図20葉あり,第4冊後見返しに墨筆にて「中田弃莠」とあり","線装, 四針眼釘法",E46-386,"破損あり,裏打修補あり,墨筆書き入れあり",30巻,(中国)清前期,24.9×15.9cm,(内框)20.4×12.8cm,李卓語水滸傳,E46386,"B130602,B130603,B130604,B130605,B130606,B130607,B130608,B130609,B130610,B130611,B130612,B130613",10行行20字,蘇州,"中屋幸三郎旧蔵,東京大学総合図書館所蔵","2帙,12冊","氏岡真士「三十巻本『水滸伝』について」(『日本中国学会報』第六十三集,2011年)",金閶映雪草堂藏板,"(元)施耐菴編,(明)李卓吾評點","東京大學圖書印,(印文不明),大門通小傳馬三丁目中屋幸三郎藏書記,東京帝國大學圖書印,東京帝國大學附属圖書館明治卅三年十月十日",印本,木版,水滸傳全本三十卷 Shuihu Zhuan Quanben 30 juan 水滸伝全本三十巻 水浒传全本三十卷,"(巻首題,版心題)水滸傳全本,(目首題)金聖歎評水滸全傳,(序首題)水滸全傳,(封面題)施耐菴原□李卓□先生評水滸全傳",1644-1735年
水滸伝全本三十巻 [E46386-02],,https://iiif.dl.itc.u-tokyo.ac.jp/repo/iiif/192219/manifest,E46386-02,,ece8efba-ac11-4b60-9215-d4615539bd22,https://www.lib.u-tokyo.ac.jp/ja/library/general/reuse,,https://iiif.dl.itc.u-tokyo.ac.jp/repo/api/items/192219,"東京大学附属図書館アジア研究図書館上廣倫理財団寄付研究部門 / Uehiro Project for the Asian Research Library in the University of Tokyo, JAPAN",,http://iiif.io/api/presentation/2#rightToLeftDirection,,"首冊に図20葉あり,第4冊後見返しに墨筆にて「中田弃莠」とあり","線装, 四針眼釘法",E46-386,"破損あり,裏打修補あり,墨筆書き入れあり",30巻,(中国)清前期,24.9×15.9cm,(内框)20.4×12.8cm,李卓語水滸傳,E46386,"B130602,B130603,B130604,B130605,B130606,B130607,B130608,B130609,B130610,B130611,B130612,B130613",10行行20字,蘇州,"中屋幸三郎旧蔵,東京大学総合図書館所蔵","2帙,12冊","氏岡真士「三十巻本『水滸伝』について」(『日本中国学会報』第六十三集,2011年)",金閶映雪草堂藏板,"(元)施耐菴編,(明)李卓吾評點","東京大學圖書印,(印文不明),大門通小傳馬三丁目中屋幸三郎藏書記,東京帝國大學圖書印,東京帝國大學附属圖書館明治卅三年十月十日",印本,木版,水滸傳全本三十卷 Shuihu Zhuan Quanben 30 juan 水滸伝全本三十巻 水浒传全本三十卷,"(巻首題,版心題)水滸傳全本,(目首題)金聖歎評水滸全傳,(序首題)水滸全傳,(封面題)施耐菴原□李卓□先生評水滸全傳",1644-1735年
水滸伝全本三十巻 [E46386-03],,https://iiif.dl.itc.u-tokyo.ac.jp/repo/iiif/192220/manifest,E46386-03,,f2d9e6db-f85a-4b66-bc36-926f5f1ca62e,https://www.lib.u-tokyo.ac.jp/ja/library/general/reuse,,https://iiif.dl.itc.u-tokyo.ac.jp/repo/api/items/192220,"東京大学附属図書館アジア研究図書館上廣倫理財団寄付研究部門 / Uehiro Project for the Asian Research Library in the University of Tokyo, JAPAN",,http://iiif.io/api/presentation/2#rightToLeftDirection,,"首冊に図20葉あり,第4冊後見返しに墨筆にて「中田弃莠」とあり","線装, 四針眼釘法",E46-386,"破損あり,裏打修補あり,墨筆書き入れあり",30巻,(中国)清前期,24.9×15.9cm,(内框)20.4×12.8cm,李卓語水滸傳,E46386,"B130602,B130603,B130604,B130605,B130606,B130607,B130608,B130609,B130610,B130611,B130612,B130613",10行行20字,蘇州,"中屋幸三郎旧蔵,東京大学総合図書館所蔵","2帙,12冊","氏岡真士「三十巻本『水滸伝』について」(『日本中国学会報』第六十三集,2011年)",金閶映雪草堂藏板,"(元)施耐菴編,(明)李卓吾評點","東京大學圖書印,(印文不明),大門通小傳馬三丁目中屋幸三郎藏書記,東京帝國大學圖書印,東京帝國大學附属圖書館明治卅三年十月十日",印本,木版,水滸傳全本三十卷 Shuihu Zhuan Quanben 30 juan 水滸伝全本三十巻 水浒传全本三十卷,"(巻首題,版心題)水滸傳全本,(目首題)金聖歎評水滸全傳,(序首題)水滸全傳,(封面題)施耐菴原□李卓□先生評水滸全傳",1644-1735年
水滸伝全本三十巻 [E46386-04],,https://iiif.dl.itc.u-tokyo.ac.jp/repo/iiif/192221/manifest,E46386-04,,c133295f-6907-4fa1-a37a-d3485abe3deb,https://www.lib.u-tokyo.ac.jp/ja/library/general/reuse,,https://iiif.dl.itc.u-tokyo.ac.jp/repo/api/items/192221,"東京大学附属図書館アジア研究図書館上廣倫理財団寄付研究部門 / Uehiro Project for the Asian Research Library in the University of Tokyo, JAPAN",,http://iiif.io/api/presentation/2#rightToLeftDirection,,"首冊に図20葉あり,第4冊後見返しに墨筆にて「中田弃莠」とあり","線装, 四針眼釘法",E46-386,"破損あり,裏打修補あり,墨筆書き入れあり",30巻,(中国)清前期,24.9×15.9cm,(内框)20.4×12.8cm,李卓語水滸傳,E46386,"B130602,B130603,B130604,B130605,B130606,B130607,B130608,B130609,B130610,B130611,B130612,B130613",10行行20字,蘇州,"中屋幸三郎旧蔵,東京大学総合図書館所蔵","2帙,12冊","氏岡真士「三十巻本『水滸伝』について」(『日本中国学会報』第六十三集,2011年)",金閶映雪草堂藏板,"(元)施耐菴編,(明)李卓吾評點","東京大學圖書印,(印文不明),大門通小傳馬三丁目中屋幸三郎藏書記,東京帝國大學圖書印,東京帝國大學附属圖書館明治卅三年十月十日",印本,木版,水滸傳全本三十卷 Shuihu Zhuan Quanben 30 juan 水滸伝全本三十巻 水浒传全本三十卷,"(巻首題,版心題)水滸傳全本,(目首題)金聖歎評水滸全傳,(序首題)水滸全傳,(封面題)施耐菴原□李卓□先生評水滸全傳",1644-1735年
水滸伝全本三十巻 [E46386-05],,https://iiif.dl.itc.u-tokyo.ac.jp/repo/iiif/192222/manifest,E46386-05,,7d821d08-de8e-4310-a97d-858a5270bda3,https://www.lib.u-tokyo.ac.jp/ja/library/general/reuse,,https://iiif.dl.itc.u-tokyo.ac.jp/repo/api/items/192222,"東京大学附属図書館アジア研究図書館上廣倫理財団寄付研究部門 / Uehiro Project for the Asian Research Library in the University of Tokyo, JAPAN",,http://iiif.io/api/presentation/2#rightToLeftDirection,,"首冊に図20葉あり,第4冊後見返しに墨筆にて「中田弃莠」とあり","線装, 四針眼釘法",E46-386,"破損あり,裏打修補あり,墨筆書き入れあり",30巻,(中国)清前期,24.9×15.9cm,(内框)20.4×12.8cm,李卓語水滸傳,E46386,"B130602,B130603,B130604,B130605,B130606,B130607,B130608,B130609,B130610,B130611,B130612,B130613",10行行20字,蘇州,"中屋幸三郎旧蔵,東京大学総合図書館所蔵","2帙,12冊","氏岡真士「三十巻本『水滸伝』について」(『日本中国学会報』第六十三集,2011年)",金閶映雪草堂藏板,"(元)施耐菴編,(明)李卓吾評點","東京大學圖書印,(印文不明),大門通小傳馬三丁目中屋幸三郎藏書記,東京帝國大學圖書印,東京帝國大學附属圖書館明治卅三年十月十日",印本,木版,水滸傳全本三十卷 Shuihu Zhuan Quanben 30 juan 水滸伝全本三十巻 水浒传全本三十卷,"(巻首題,版心題)水滸傳全本,(目首題)金聖歎評水滸全傳,(序首題)水滸全傳,(封面題)施耐菴原□李卓□先生評水滸全傳",1644-1735年
水滸伝全本三十巻 [E46386-06],,https://iiif.dl.itc.u-tokyo.ac.jp/repo/iiif/192223/manifest,E46386-06,,a82a69ee-b8df-4314-8008-f0466705e3c1,https://www.lib.u-tokyo.ac.jp/ja/library/general/reuse,,https://iiif.dl.itc.u-tokyo.ac.jp/repo/api/items/192223,"東京大学附属図書館アジア研究図書館上廣倫理財団寄付研究部門 / Uehiro Project for the Asian Research Library in the University of Tokyo, JAPAN",,http://iiif.io/api/presentation/2#rightToLeftDirection,,"首冊に図20葉あり,第4冊後見返しに墨筆にて「中田弃莠」とあり","線装, 四針眼釘法",E46-386,"破損あり,裏打修補あり,墨筆書き入れあり",30巻,(中国)清前期,24.9×15.9cm,(内框)20.4×12.8cm,李卓語水滸傳,E46386,"B130602,B130603,B130604,B130605,B130606,B130607,B130608,B130609,B130610,B130611,B130612,B130613",10行行20字,蘇州,"中屋幸三郎旧蔵,東京大学総合図書館所蔵","2帙,12冊","氏岡真士「三十巻本『水滸伝』について」(『日本中国学会報』第六十三集,2011年)",金閶映雪草堂藏板,"(元)施耐菴編,(明)李卓吾評點","東京大學圖書印,(印文不明),大門通小傳馬三丁目中屋幸三郎藏書記,東京帝國大學圖書印,東京帝國大學附属圖書館明治卅三年十月十日",印本,木版,水滸傳全本三十卷 Shuihu Zhuan Quanben 30 juan 水滸伝全本三十巻 水浒传全本三十卷,"(巻首題,版心題)水滸傳全本,(目首題)金聖歎評水滸全傳,(序首題)水滸全傳,(封面題)施耐菴原□李卓□先生評水滸全傳",1644-1735年
水滸伝全本三十巻 [E46386-07],,https://iiif.dl.itc.u-tokyo.ac.jp/repo/iiif/192224/manifest,E46386-07,,e7e74c75-8fa0-4a7f-9621-c21814733a59,https://www.lib.u-tokyo.ac.jp/ja/library/general/reuse,,https://iiif.dl.itc.u-tokyo.ac.jp/repo/api/items/192224,"東京大学附属図書館アジア研究図書館上廣倫理財団寄付研究部門 / Uehiro Project for the Asian Research Library in the University of Tokyo, JAPAN",,http://iiif.io/api/presentation/2#rightToLeftDirection,,"首冊に図20葉あり,第4冊後見返しに墨筆にて「中田弃莠」とあり","線装, 四針眼釘法",E46-386,"破損あり,裏打修補あり,墨筆書き入れあり",30巻,(中国)清前期,24.9×15.9cm,(内框)20.4×12.8cm,李卓語水滸傳,E46386,"B130602,B130603,B130604,B130605,B130606,B130607,B130608,B130609,B130610,B130611,B130612,B130613",10行行20字,蘇州,"中屋幸三郎旧蔵,東京大学総合図書館所蔵","2帙,12冊","氏岡真士「三十巻本『水滸伝』について」(『日本中国学会報』第六十三集,2011年)",金閶映雪草堂藏板,"(元)施耐菴編,(明)李卓吾評點","東京大學圖書印,(印文不明),大門通小傳馬三丁目中屋幸三郎藏書記,東京帝國大學圖書印,東京帝國大學附属圖書館明治卅三年十月十日",印本,木版,水滸傳全本三十卷 Shuihu Zhuan Quanben 30 juan 水滸伝全本三十巻 水浒传全本三十卷,"(巻首題,版心題)水滸傳全本,(目首題)金聖歎評水滸全傳,(序首題)水滸全傳,(封面題)施耐菴原□李卓□先生評水滸全傳",1644-1735年
水滸伝全本三十巻 [E46386-08],,https://iiif.dl.itc.u-tokyo.ac.jp/repo/iiif/192225/manifest,E46386-08,,27058ab0-5546-4a0b-ab5c-2752c5411727,https://www.lib.u-tokyo.ac.jp/ja/library/general/reuse,,https://iiif.dl.itc.u-tokyo.ac.jp/repo/api/items/192225,"東京大学附属図書館アジア研究図書館上廣倫理財団寄付研究部門 / Uehiro Project for the Asian Research Library in the University of Tokyo, JAPAN",,http://iiif.io/api/presentation/2#rightToLeftDirection,,"首冊に図20葉あり,第4冊後見返しに墨筆にて「中田弃莠」とあり","線装, 四針眼釘法",E46-386,"破損あり,裏打修補あり,墨筆書き入れあり",30巻,(中国)清前期,24.9×15.9cm,(内框)20.4×12.8cm,李卓語水滸傳,E46386,"B130602,B130603,B130604,B130605,B130606,B130607,B130608,B130609,B130610,B130611,B130612,B130613",10行行20字,蘇州,"中屋幸三郎旧蔵,東京大学総合図書館所蔵","2帙,12冊","氏岡真士「三十巻本『水滸伝』について」(『日本中国学会報』第六十三集,2011年)",金閶映雪草堂藏板,"(元)施耐菴編,(明)李卓吾評點","東京大學圖書印,(印文不明),大門通小傳馬三丁目中屋幸三郎藏書記,東京帝國大學圖書印,東京帝國大學附属圖書館明治卅三年十月十日",印本,木版,水滸傳全本三十卷 Shuihu Zhuan Quanben 30 juan 水滸伝全本三十巻 水浒传全本三十卷,"(巻首題,版心題)水滸傳全本,(目首題)金聖歎評水滸全傳,(序首題)水滸全傳,(封面題)施耐菴原□李卓□先生評水滸全傳",1644-1735年
水滸伝全本三十巻 [E46386-09],,https://iiif.dl.itc.u-tokyo.ac.jp/repo/iiif/192226/manifest,E46386-09,,2cf4c346-bd9d-443e-b3f5-114847dfd308,https://www.lib.u-tokyo.ac.jp/ja/library/general/reuse,,https://iiif.dl.itc.u-tokyo.ac.jp/repo/api/items/192226,"東京大学附属図書館アジア研究図書館上廣倫理財団寄付研究部門 / Uehiro Project for the Asian Research Library in the University of Tokyo, JAPAN",,http://iiif.io/api/presentation/2#rightToLeftDirection,,"首冊に図20葉あり,第4冊後見返しに墨筆にて「中田弃莠」とあり","線装, 四針眼釘法",E46-386,"破損あり,裏打修補あり,墨筆書き入れあり",30巻,(中国)清前期,24.9×15.9cm,(内框)20.4×12.8cm,李卓語水滸傳,E46386,"B130602,B130603,B130604,B130605,B130606,B130607,B130608,B130609,B130610,B130611,B130612,B130613",10行行20字,蘇州,"中屋幸三郎旧蔵,東京大学総合図書館所蔵","2帙,12冊","氏岡真士「三十巻本『水滸伝』について」(『日本中国学会報』第六十三集,2011年)",金閶映雪草堂藏板,"(元)施耐菴編,(明)李卓吾評點","東京大學圖書印,(印文不明),大門通小傳馬三丁目中屋幸三郎藏書記,東京帝國大學圖書印,東京帝國大學附属圖書館明治卅三年十月十日",印本,木版,水滸傳全本三十卷 Shuihu Zhuan Quanben 30 juan 水滸伝全本三十巻 水浒传全本三十卷,"(巻首題,版心題)水滸傳全本,(目首題)金聖歎評水滸全傳,(序首題)水滸全傳,(封面題)施耐菴原□李卓□先生評水滸全傳",1644-1735年
水滸伝全本三十巻 [E46386-10],,https://iiif.dl.itc.u-tokyo.ac.jp/repo/iiif/192227/manifest,E46386-10,,9b8ffdfb-de8f-47de-bf79-410464a60af6,https://www.lib.u-tokyo.ac.jp/ja/library/general/reuse,,https://iiif.dl.itc.u-tokyo.ac.jp/repo/api/items/192227,"東京大学附属図書館アジア研究図書館上廣倫理財団寄付研究部門 / Uehiro Project for the Asian Research Library in the University of Tokyo, JAPAN",,http://iiif.io/api/presentation/2#rightToLeftDirection,,"首冊に図20葉あり,第4冊後見返しに墨筆にて「中田弃莠」とあり","線装, 四針眼釘法",E46-386,"破損あり,裏打修補あり,墨筆書き入れあり",30巻,(中国)清前期,24.9×15.9cm,(内框)20.4×12.8cm,李卓語水滸傳,E46386,"B130602,B130603,B130604,B130605,B130606,B130607,B130608,B130609,B130610,B130611,B130612,B130613",10行行20字,蘇州,"中屋幸三郎旧蔵,東京大学総合図書館所蔵","2帙,12冊","氏岡真士「三十巻本『水滸伝』について」(『日本中国学会報』第六十三集,2011年)",金閶映雪草堂藏板,"(元)施耐菴編,(明)李卓吾評點","東京大學圖書印,(印文不明),大門通小傳馬三丁目中屋幸三郎藏書記,東京帝國大學圖書印,東京帝國大學附属圖書館明治卅三年十月十日",印本,木版,水滸傳全本三十卷 Shuihu Zhuan Quanben 30 juan 水滸伝全本三十巻 水浒传全本三十卷,"(巻首題,版心題)水滸傳全本,(目首題)金聖歎評水滸全傳,(序首題)水滸全傳,(封面題)施耐菴原□李卓□先生評水滸全傳",1644-1735年
水滸伝全本三十巻 [E46386-11],,https://iiif.dl.itc.u-tokyo.ac.jp/repo/iiif/192228/manifest,E46386-11,,fdb69000-731f-4f93-b385-87b34adfb993,https://www.lib.u-tokyo.ac.jp/ja/library/general/reuse,,https://iiif.dl.itc.u-tokyo.ac.jp/repo/api/items/192228,"東京大学附属図書館アジア研究図書館上廣倫理財団寄付研究部門 / Uehiro Project for the Asian Research Library in the University of Tokyo, JAPAN",,http://iiif.io/api/presentation/2#rightToLeftDirection,,"首冊に図20葉あり,第4冊後見返しに墨筆にて「中田弃莠」とあり","線装, 四針眼釘法",E46-386,"破損あり,裏打修補あり,墨筆書き入れあり",30巻,(中国)清前期,24.9×15.9cm,(内框)20.4×12.8cm,李卓語水滸傳,E46386,"B130602,B130603,B130604,B130605,B130606,B130607,B130608,B130609,B130610,B130611,B130612,B130613",10行行20字,蘇州,"中屋幸三郎旧蔵,東京大学総合図書館所蔵","2帙,12冊","氏岡真士「三十巻本『水滸伝』について」(『日本中国学会報』第六十三集,2011年)",金閶映雪草堂藏板,"(元)施耐菴編,(明)李卓吾評點","東京大學圖書印,(印文不明),大門通小傳馬三丁目中屋幸三郎藏書記,東京帝國大學圖書印,東京帝國大學附属圖書館明治卅三年十月十日",印本,木版,水滸傳全本三十卷 Shuihu Zhuan Quanben 30 juan 水滸伝全本三十巻 水浒传全本三十卷,"(巻首題,版心題)水滸傳全本,(目首題)金聖歎評水滸全傳,(序首題)水滸全傳,(封面題)施耐菴原□李卓□先生評水滸全傳",1644-1735年
水滸伝全本三十巻 [E46386-12],,https://iiif.dl.itc.u-tokyo.ac.jp/repo/iiif/192229/manifest,E46386-12,,264037de-e545-45c2-aa6a-2aa0bbe85341,https://www.lib.u-tokyo.ac.jp/ja/library/general/reuse,,https://iiif.dl.itc.u-tokyo.ac.jp/repo/api/items/192229,"東京大学附属図書館アジア研究図書館上廣倫理財団寄付研究部門 / Uehiro Project for the Asian Research Library in the University of Tokyo, JAPAN",,http://iiif.io/api/presentation/2#rightToLeftDirection,,"首冊に図20葉あり,第4冊後見返しに墨筆にて「中田弃莠」とあり","線装, 四針眼釘法",E46-386,"破損あり,裏打修補あり,墨筆書き入れあり",30巻,(中国)清前期,24.9×15.9cm,(内框)20.4×12.8cm,李卓語水滸傳,E46386,"B130602,B130603,B130604,B130605,B130606,B130607,B130608,B130609,B130610,B130611,B130612,B130613",10行行20字,蘇州,"中屋幸三郎旧蔵,東京大学総合図書館所蔵","2帙,12冊","氏岡真士「三十巻本『水滸伝』について」(『日本中国学会報』第六十三集,2011年)",金閶映雪草堂藏板,"(元)施耐菴編,(明)李卓吾評點","東京大學圖書印,(印文不明),大門通小傳馬三丁目中屋幸三郎藏書記,東京帝國大學圖書印,東京帝國大學附属圖書館明治卅三年十月十日",印本,木版,水滸傳全本三十卷 Shuihu Zhuan Quanben 30 juan 水滸伝全本三十巻 水浒传全本三十卷,"(巻首題,版心題)水滸傳全本,(目首題)金聖歎評水滸全傳,(序首題)水滸全傳,(封面題)施耐菴原□李卓□先生評水滸全傳",1644-1735年
