タイトル	タイトルヨミ	別タイトル	別タイトル（題簽題）	注記	大きさ	冊	請求記号	作成者	画像数	備考	iiif viewer	ID	ウェブサイトURL	アイテムURL	利用条件	サムネイル	機械可読ドキュメント	帰属	viewingDirection	viewingHint	コレクション	ソート用項目	西暦	IIIFマニフェストURI	IIIF Search API URI	アノテーション付きIIIFマニフェストURI	Link to TAPAS Project	Text with Rich Text Format	# of media
dcterms:title	dcndl:titleTranscription	dcterms:alternative	dcndl:alternative	archiveshub:note	archiveshub:extent	dcndl:volume	dcndl:callNumber	dcterms:creator	dcterms:extent	bibo:shortDescription	iiif viewer	bibo:identifier	dcterms:isPartOf	dcterms:relation	dcterms:rights	foaf:thumbnail	rdfs:seeAlso	sc:attributionLabel	sc:viewingDirection	sc:viewingHint	uterms:databaseLabel	uterms:sort	uterms:year	uterms:manifestUri	uterms:searchApiUri	uterms:annotedManifest	uterms:linkToTapas	uterms:rtf	2763
日本産物誌稿 一				山城、大和、河内、和泉、摂津、伊賀、伊勢志摩、尾張、三河、遠江			A00:5766	田中芳男	241		http://tify.sub.uni-goettingen.de/demo.html?manifest=https://archdataset.dl.itc.u-tokyo.ac.jp/manifest/7b034730-6d50-588e-3f11-d479d2ea7a79.json	7b034730-6d50-588e-3f11-d479d2ea7a79	https://iiif.dl.itc.u-tokyo.ac.jp/repo/s/tanaka/	https://iiif.dl.itc.u-tokyo.ac.jp/repo/s/tanaka/document/7b034730-6d50-588e-3f11-d479d2ea7a79	https://www.lib.u-tokyo.ac.jp/ja/library/contents/archives-top/reuse	https://iiif.dl.itc.u-tokyo.ac.jp/repo/files/medium/74c8dbd33e511c14695470aa22a23b44451b332c.jpg	https://iiif.dl.itc.u-tokyo.ac.jp/repo/api/items/534061	東京大学総合図書館 General Library in the University of Tokyo, JAPAN	http://iiif.io/api/presentation/2#rightToLeftDirection		田中芳男・博物学コレクション	10000096		https://iiif.dl.itc.u-tokyo.ac.jp/repo/iiif/7b034730-6d50-588e-3f11-d479d2ea7a79/manifest					240
日本産物誌稿 二				駿河、甲斐、伊豆、相模、武蔵、安房、上総、下総、常陸			A00:5766	田中芳男	251		http://tify.sub.uni-goettingen.de/demo.html?manifest=https://archdataset.dl.itc.u-tokyo.ac.jp/manifest/b2685f63-380b-4254-647b-259f93426929.json	b2685f63-380b-4254-647b-259f93426929	https://iiif.dl.itc.u-tokyo.ac.jp/repo/s/tanaka/	https://iiif.dl.itc.u-tokyo.ac.jp/repo/s/tanaka/document/b2685f63-380b-4254-647b-259f93426929	https://www.lib.u-tokyo.ac.jp/ja/library/contents/archives-top/reuse	https://iiif.dl.itc.u-tokyo.ac.jp/repo/files/medium/bd828c31cac2e596b245927e7e57a9d9f019ec67.jpg	https://iiif.dl.itc.u-tokyo.ac.jp/repo/api/items/534062	東京大学総合図書館 General Library in the University of Tokyo, JAPAN	http://iiif.io/api/presentation/2#rightToLeftDirection		田中芳男・博物学コレクション	10000097		https://iiif.dl.itc.u-tokyo.ac.jp/repo/iiif/b2685f63-380b-4254-647b-259f93426929/manifest					251
日本産物誌稿 三				近江、美濃			A00:5766	田中芳男	235		http://tify.sub.uni-goettingen.de/demo.html?manifest=https://archdataset.dl.itc.u-tokyo.ac.jp/manifest/5ca2856b-3b65-1473-7ba8-5672bf839d22.json	5ca2856b-3b65-1473-7ba8-5672bf839d22	https://iiif.dl.itc.u-tokyo.ac.jp/repo/s/tanaka/	https://iiif.dl.itc.u-tokyo.ac.jp/repo/s/tanaka/document/5ca2856b-3b65-1473-7ba8-5672bf839d22	https://www.lib.u-tokyo.ac.jp/ja/library/contents/archives-top/reuse	https://iiif.dl.itc.u-tokyo.ac.jp/repo/files/medium/9f4094d223f3f194954d2d4199fa24eaaf82033b.jpg	https://iiif.dl.itc.u-tokyo.ac.jp/repo/api/items/534063	東京大学総合図書館 General Library in the University of Tokyo, JAPAN	http://iiif.io/api/presentation/2#rightToLeftDirection		田中芳男・博物学コレクション	10000098		https://iiif.dl.itc.u-tokyo.ac.jp/repo/iiif/5ca2856b-3b65-1473-7ba8-5672bf839d22/manifest					235
日本産物誌稿 四				飛騨、信濃、上野、下野			A00:5766	田中芳男	236		http://tify.sub.uni-goettingen.de/demo.html?manifest=https://archdataset.dl.itc.u-tokyo.ac.jp/manifest/e243a947-5081-0d02-12b2-ccd242097cf7.json	e243a947-5081-0d02-12b2-ccd242097cf7	https://iiif.dl.itc.u-tokyo.ac.jp/repo/s/tanaka/	https://iiif.dl.itc.u-tokyo.ac.jp/repo/s/tanaka/document/e243a947-5081-0d02-12b2-ccd242097cf7	https://www.lib.u-tokyo.ac.jp/ja/library/contents/archives-top/reuse	https://iiif.dl.itc.u-tokyo.ac.jp/repo/files/medium/dfea284f1da15333263022e9fd16e2d3ad596891.jpg	https://iiif.dl.itc.u-tokyo.ac.jp/repo/api/items/534064	東京大学総合図書館 General Library in the University of Tokyo, JAPAN	http://iiif.io/api/presentation/2#rightToLeftDirection		田中芳男・博物学コレクション	10000099		https://iiif.dl.itc.u-tokyo.ac.jp/repo/iiif/e243a947-5081-0d02-12b2-ccd242097cf7/manifest					236
日本産物誌稿 五				陸奥、出羽、若狭、越前、加賀、能登、越中、越後			A00:5766	田中芳男	236		http://tify.sub.uni-goettingen.de/demo.html?manifest=https://archdataset.dl.itc.u-tokyo.ac.jp/manifest/0e50a52f-4a1f-58c9-77c2-748e98975632.json	0e50a52f-4a1f-58c9-77c2-748e98975632	https://iiif.dl.itc.u-tokyo.ac.jp/repo/s/tanaka/	https://iiif.dl.itc.u-tokyo.ac.jp/repo/s/tanaka/document/0e50a52f-4a1f-58c9-77c2-748e98975632	https://www.lib.u-tokyo.ac.jp/ja/library/contents/archives-top/reuse	https://iiif.dl.itc.u-tokyo.ac.jp/repo/files/medium/f67aa443a89a96ed7ee51a0da85bcf5bd03a99cf.jpg	https://iiif.dl.itc.u-tokyo.ac.jp/repo/api/items/534065	東京大学総合図書館 General Library in the University of Tokyo, JAPAN	http://iiif.io/api/presentation/2#rightToLeftDirection		田中芳男・博物学コレクション	10000100		https://iiif.dl.itc.u-tokyo.ac.jp/repo/iiif/0e50a52f-4a1f-58c9-77c2-748e98975632/manifest					236
日本産物誌稿 六				佐渡、丹波、丹後、但馬、因幡、伯耆、出雲、石見、隠岐、播磨、美作			A00:5766	田中芳男	198		http://tify.sub.uni-goettingen.de/demo.html?manifest=https://archdataset.dl.itc.u-tokyo.ac.jp/manifest/b1a1fe6b-3564-16a2-16d9-50b7c189985f.json	b1a1fe6b-3564-16a2-16d9-50b7c189985f	https://iiif.dl.itc.u-tokyo.ac.jp/repo/s/tanaka/	https://iiif.dl.itc.u-tokyo.ac.jp/repo/s/tanaka/document/b1a1fe6b-3564-16a2-16d9-50b7c189985f	https://www.lib.u-tokyo.ac.jp/ja/library/contents/archives-top/reuse	https://iiif.dl.itc.u-tokyo.ac.jp/repo/files/medium/cb9827194e79a9b79d75fa2108d43a785fcb6602.jpg	https://iiif.dl.itc.u-tokyo.ac.jp/repo/api/items/534066	東京大学総合図書館 General Library in the University of Tokyo, JAPAN	http://iiif.io/api/presentation/2#rightToLeftDirection		田中芳男・博物学コレクション	10000101		https://iiif.dl.itc.u-tokyo.ac.jp/repo/iiif/b1a1fe6b-3564-16a2-16d9-50b7c189985f/manifest					198
日本産物誌稿 七				備前、備中、備後、安芸、周防、長門、紀伊、淡路、阿波、讃岐、伊予			A00:5766	田中芳男	207		http://tify.sub.uni-goettingen.de/demo.html?manifest=https://archdataset.dl.itc.u-tokyo.ac.jp/manifest/33d43098-2d88-7b48-1972-34bf516680ad.json	33d43098-2d88-7b48-1972-34bf516680ad	https://iiif.dl.itc.u-tokyo.ac.jp/repo/s/tanaka/	https://iiif.dl.itc.u-tokyo.ac.jp/repo/s/tanaka/document/33d43098-2d88-7b48-1972-34bf516680ad	https://www.lib.u-tokyo.ac.jp/ja/library/contents/archives-top/reuse	https://iiif.dl.itc.u-tokyo.ac.jp/repo/files/medium/b7a3d3b3c7c52c580a0b3106a51f75c9fc4245ce.jpg	https://iiif.dl.itc.u-tokyo.ac.jp/repo/api/items/534067	東京大学総合図書館 General Library in the University of Tokyo, JAPAN	http://iiif.io/api/presentation/2#rightToLeftDirection		田中芳男・博物学コレクション	10000102		https://iiif.dl.itc.u-tokyo.ac.jp/repo/iiif/33d43098-2d88-7b48-1972-34bf516680ad/manifest					207
日本産物誌稿 八				土佐、筑前、筑後、豊前、豊後、肥前、肥後、日向、大隅、薩摩、壱岐、琉球、北海道			A00:5766	田中芳男	223		http://tify.sub.uni-goettingen.de/demo.html?manifest=https://archdataset.dl.itc.u-tokyo.ac.jp/manifest/4c1486c3-1f92-3879-4350-ff9c2f4e3978.json	4c1486c3-1f92-3879-4350-ff9c2f4e3978	https://iiif.dl.itc.u-tokyo.ac.jp/repo/s/tanaka/	https://iiif.dl.itc.u-tokyo.ac.jp/repo/s/tanaka/document/4c1486c3-1f92-3879-4350-ff9c2f4e3978	https://www.lib.u-tokyo.ac.jp/ja/library/contents/archives-top/reuse	https://iiif.dl.itc.u-tokyo.ac.jp/repo/files/medium/fd3a3bf95744b05d3e1dfc4c518480c38b64c772.jpg	https://iiif.dl.itc.u-tokyo.ac.jp/repo/api/items/534068	東京大学総合図書館 General Library in the University of Tokyo, JAPAN	http://iiif.io/api/presentation/2#rightToLeftDirection		田中芳男・博物学コレクション	10000103		https://iiif.dl.itc.u-tokyo.ac.jp/repo/iiif/4c1486c3-1f92-3879-4350-ff9c2f4e3978/manifest					223
鯣帖 一				明治十七年成 壱			A00:5842	田中芳男	182		http://tify.sub.uni-goettingen.de/demo.html?manifest=https://archdataset.dl.itc.u-tokyo.ac.jp/manifest/ec1e46fa-97c5-2482-3eb7-692c8364209c.json	ec1e46fa-97c5-2482-3eb7-692c8364209c	https://iiif.dl.itc.u-tokyo.ac.jp/repo/s/tanaka/	https://iiif.dl.itc.u-tokyo.ac.jp/repo/s/tanaka/document/ec1e46fa-97c5-2482-3eb7-692c8364209c	https://www.lib.u-tokyo.ac.jp/ja/library/contents/archives-top/reuse	https://iiif.dl.itc.u-tokyo.ac.jp/repo/files/medium/468d9dc9b03a831c583451433f0c983ff3d9cef2.jpg	https://iiif.dl.itc.u-tokyo.ac.jp/repo/api/items/534069	東京大学総合図書館 General Library in the University of Tokyo, JAPAN	http://iiif.io/api/presentation/2#rightToLeftDirection		田中芳男・博物学コレクション	10000104		https://iiif.dl.itc.u-tokyo.ac.jp/repo/iiif/ec1e46fa-97c5-2482-3eb7-692c8364209c/manifest					182
鯣帖 二				明治廿一年成 弐 尓后追加入			A00:5842	田中芳男	117		http://tify.sub.uni-goettingen.de/demo.html?manifest=https://archdataset.dl.itc.u-tokyo.ac.jp/manifest/25c8ac93-043e-474e-7b51-7acf78732653.json	25c8ac93-043e-474e-7b51-7acf78732653	https://iiif.dl.itc.u-tokyo.ac.jp/repo/s/tanaka/	https://iiif.dl.itc.u-tokyo.ac.jp/repo/s/tanaka/document/25c8ac93-043e-474e-7b51-7acf78732653	https://www.lib.u-tokyo.ac.jp/ja/library/contents/archives-top/reuse	https://iiif.dl.itc.u-tokyo.ac.jp/repo/files/medium/da6f200229468e7867649e7198a202c52d2a2481.jpg	https://iiif.dl.itc.u-tokyo.ac.jp/repo/api/items/534070	東京大学総合図書館 General Library in the University of Tokyo, JAPAN	http://iiif.io/api/presentation/2#rightToLeftDirection		田中芳男・博物学コレクション	10000105		https://iiif.dl.itc.u-tokyo.ac.jp/repo/iiif/25c8ac93-043e-474e-7b51-7acf78732653/manifest					117
多識帖 一							BA:13	田中芳男	32		http://tify.sub.uni-goettingen.de/demo.html?manifest=https://archdataset.dl.itc.u-tokyo.ac.jp/manifest/11954152-5bb6-3087-3fae-f7f42c6e11ee.json	11954152-5bb6-3087-3fae-f7f42c6e11ee	https://iiif.dl.itc.u-tokyo.ac.jp/repo/s/tanaka/	https://iiif.dl.itc.u-tokyo.ac.jp/repo/s/tanaka/document/11954152-5bb6-3087-3fae-f7f42c6e11ee	https://www.lib.u-tokyo.ac.jp/ja/library/contents/archives-top/reuse	https://iiif.dl.itc.u-tokyo.ac.jp/repo/files/medium/0beb7ac957cfbc2c55fe84a92335317513274ea9.jpg	https://iiif.dl.itc.u-tokyo.ac.jp/repo/api/items/534071	東京大学総合図書館 General Library in the University of Tokyo, JAPAN	http://iiif.io/api/presentation/2#rightToLeftDirection		田中芳男・博物学コレクション	10000106		https://iiif.dl.itc.u-tokyo.ac.jp/repo/iiif/11954152-5bb6-3087-3fae-f7f42c6e11ee/manifest					32
多識帖 二							BA:13	田中芳男	50		http://tify.sub.uni-goettingen.de/demo.html?manifest=https://archdataset.dl.itc.u-tokyo.ac.jp/manifest/edc832d0-5dc4-0d7b-530b-02c3478f2192.json	edc832d0-5dc4-0d7b-530b-02c3478f2192	https://iiif.dl.itc.u-tokyo.ac.jp/repo/s/tanaka/	https://iiif.dl.itc.u-tokyo.ac.jp/repo/s/tanaka/document/edc832d0-5dc4-0d7b-530b-02c3478f2192	https://www.lib.u-tokyo.ac.jp/ja/library/contents/archives-top/reuse	https://iiif.dl.itc.u-tokyo.ac.jp/repo/files/medium/b0f9c2f784a7d449fa70b7efa38ae75b9f913b32.jpg	https://iiif.dl.itc.u-tokyo.ac.jp/repo/api/items/534072	東京大学総合図書館 General Library in the University of Tokyo, JAPAN	http://iiif.io/api/presentation/2#rightToLeftDirection		田中芳男・博物学コレクション	10000107		https://iiif.dl.itc.u-tokyo.ac.jp/repo/iiif/edc832d0-5dc4-0d7b-530b-02c3478f2192/manifest					50
明治六年墺國博覽會出品寫真帖							XB10:296		71		http://tify.sub.uni-goettingen.de/demo.html?manifest=https://archdataset.dl.itc.u-tokyo.ac.jp/manifest/c84b1595-4359-65a1-4deb-52a9ea5a8586.json	c84b1595-4359-65a1-4deb-52a9ea5a8586	https://iiif.dl.itc.u-tokyo.ac.jp/repo/s/tanaka/	https://iiif.dl.itc.u-tokyo.ac.jp/repo/s/tanaka/document/c84b1595-4359-65a1-4deb-52a9ea5a8586	https://www.lib.u-tokyo.ac.jp/ja/library/contents/archives-top/reuse	https://iiif.dl.itc.u-tokyo.ac.jp/repo/files/medium/87a116de13a2d028ed107a0c33206cd87388a1e9.jpg	https://iiif.dl.itc.u-tokyo.ac.jp/repo/api/items/534073	東京大学総合図書館 General Library in the University of Tokyo, JAPAN	http://iiif.io/api/presentation/2#rightToLeftDirection		田中芳男・博物学コレクション	10000108		https://iiif.dl.itc.u-tokyo.ac.jp/repo/iiif/c84b1595-4359-65a1-4deb-52a9ea5a8586/manifest					71
教草 一 稲米一覧					38×52cm		XB10:299		5		http://tify.sub.uni-goettingen.de/demo.html?manifest=https://archdataset.dl.itc.u-tokyo.ac.jp/manifest/3b3ed824-680d-9fc6-9f93-3cc996a86771.json	3b3ed824-680d-9fc6-9f93-3cc996a86771	https://iiif.dl.itc.u-tokyo.ac.jp/repo/s/tanaka/	https://iiif.dl.itc.u-tokyo.ac.jp/repo/s/tanaka/document/3b3ed824-680d-9fc6-9f93-3cc996a86771	https://www.lib.u-tokyo.ac.jp/ja/library/contents/archives-top/reuse	https://iiif.dl.itc.u-tokyo.ac.jp/repo/files/medium/b27f1052eb57abf29b1e9289d39dd3b3d013d30f.jpg	https://iiif.dl.itc.u-tokyo.ac.jp/repo/api/items/534074	東京大学総合図書館 General Library in the University of Tokyo, JAPAN	http://iiif.io/api/presentation/2#rightToLeftDirection		田中芳男・博物学コレクション	10000109		https://iiif.dl.itc.u-tokyo.ac.jp/repo/iiif/3b3ed824-680d-9fc6-9f93-3cc996a86771/manifest					5
教草 四 生糸一覧					38×52cm		XB10:299		3		http://tify.sub.uni-goettingen.de/demo.html?manifest=https://archdataset.dl.itc.u-tokyo.ac.jp/manifest/f8d9c0f9-72a9-3583-6d23-bbf77e4aa426.json	f8d9c0f9-72a9-3583-6d23-bbf77e4aa426	https://iiif.dl.itc.u-tokyo.ac.jp/repo/s/tanaka/	https://iiif.dl.itc.u-tokyo.ac.jp/repo/s/tanaka/document/f8d9c0f9-72a9-3583-6d23-bbf77e4aa426	https://www.lib.u-tokyo.ac.jp/ja/library/contents/archives-top/reuse	https://iiif.dl.itc.u-tokyo.ac.jp/repo/files/medium/276fd21751f2154262741d4db19fd323a09d6c8d.jpg	https://iiif.dl.itc.u-tokyo.ac.jp/repo/api/items/534075	東京大学総合図書館 General Library in the University of Tokyo, JAPAN	http://iiif.io/api/presentation/2#rightToLeftDirection		田中芳男・博物学コレクション	10000110		https://iiif.dl.itc.u-tokyo.ac.jp/repo/iiif/f8d9c0f9-72a9-3583-6d23-bbf77e4aa426/manifest					3
教草 五 樟虫一覧					38×52cm		XB10:299		3		http://tify.sub.uni-goettingen.de/demo.html?manifest=https://archdataset.dl.itc.u-tokyo.ac.jp/manifest/279e50fe-387f-6ef9-1227-cc9023ae4a2e.json	279e50fe-387f-6ef9-1227-cc9023ae4a2e	https://iiif.dl.itc.u-tokyo.ac.jp/repo/s/tanaka/	https://iiif.dl.itc.u-tokyo.ac.jp/repo/s/tanaka/document/279e50fe-387f-6ef9-1227-cc9023ae4a2e	https://www.lib.u-tokyo.ac.jp/ja/library/contents/archives-top/reuse	https://iiif.dl.itc.u-tokyo.ac.jp/repo/files/medium/3fe79e7a3a9e402b93a333132219a4926fa24387.jpg	https://iiif.dl.itc.u-tokyo.ac.jp/repo/api/items/534076	東京大学総合図書館 General Library in the University of Tokyo, JAPAN	http://iiif.io/api/presentation/2#rightToLeftDirection		田中芳男・博物学コレクション	10000111		https://iiif.dl.itc.u-tokyo.ac.jp/repo/iiif/279e50fe-387f-6ef9-1227-cc9023ae4a2e/manifest					3
教草 六 野蚕一覧					38×52cm		XB10:299		3		http://tify.sub.uni-goettingen.de/demo.html?manifest=https://archdataset.dl.itc.u-tokyo.ac.jp/manifest/3c991f5d-5279-3aaf-037e-07ad8008725b.json	3c991f5d-5279-3aaf-037e-07ad8008725b	https://iiif.dl.itc.u-tokyo.ac.jp/repo/s/tanaka/	https://iiif.dl.itc.u-tokyo.ac.jp/repo/s/tanaka/document/3c991f5d-5279-3aaf-037e-07ad8008725b	https://www.lib.u-tokyo.ac.jp/ja/library/contents/archives-top/reuse	https://iiif.dl.itc.u-tokyo.ac.jp/repo/files/medium/81a7f8e6a397f283f885a3be13cebcc21dc0fcd7.jpg	https://iiif.dl.itc.u-tokyo.ac.jp/repo/api/items/534077	東京大学総合図書館 General Library in the University of Tokyo, JAPAN	http://iiif.io/api/presentation/2#rightToLeftDirection		田中芳男・博物学コレクション	10000112		https://iiif.dl.itc.u-tokyo.ac.jp/repo/iiif/3c991f5d-5279-3aaf-037e-07ad8008725b/manifest					3
教草 七 葛布一覧					38×52cm		XB10:299		3		http://tify.sub.uni-goettingen.de/demo.html?manifest=https://archdataset.dl.itc.u-tokyo.ac.jp/manifest/38f5b19b-00d1-2937-1938-bd652319a460.json	38f5b19b-00d1-2937-1938-bd652319a460	https://iiif.dl.itc.u-tokyo.ac.jp/repo/s/tanaka/	https://iiif.dl.itc.u-tokyo.ac.jp/repo/s/tanaka/document/38f5b19b-00d1-2937-1938-bd652319a460	https://www.lib.u-tokyo.ac.jp/ja/library/contents/archives-top/reuse	https://iiif.dl.itc.u-tokyo.ac.jp/repo/files/medium/0cc635d412683aed33d9f818fb0479613b47f6d5.jpg	https://iiif.dl.itc.u-tokyo.ac.jp/repo/api/items/534078	東京大学総合図書館 General Library in the University of Tokyo, JAPAN	http://iiif.io/api/presentation/2#rightToLeftDirection		田中芳男・博物学コレクション	10000113		https://iiif.dl.itc.u-tokyo.ac.jp/repo/iiif/38f5b19b-00d1-2937-1938-bd652319a460/manifest					3
教草 十一 索麺一覧					38×52cm		XB10:299		3		http://tify.sub.uni-goettingen.de/demo.html?manifest=https://archdataset.dl.itc.u-tokyo.ac.jp/manifest/f4f736f5-1bfb-6089-5946-85a5abfa058d.json	f4f736f5-1bfb-6089-5946-85a5abfa058d	https://iiif.dl.itc.u-tokyo.ac.jp/repo/s/tanaka/	https://iiif.dl.itc.u-tokyo.ac.jp/repo/s/tanaka/document/f4f736f5-1bfb-6089-5946-85a5abfa058d	https://www.lib.u-tokyo.ac.jp/ja/library/contents/archives-top/reuse	https://iiif.dl.itc.u-tokyo.ac.jp/repo/files/medium/e30ea34801b7ddde05f7d68668661923fda47daf.jpg	https://iiif.dl.itc.u-tokyo.ac.jp/repo/api/items/534079	東京大学総合図書館 General Library in the University of Tokyo, JAPAN	http://iiif.io/api/presentation/2#rightToLeftDirection		田中芳男・博物学コレクション	10000114		https://iiif.dl.itc.u-tokyo.ac.jp/repo/iiif/f4f736f5-1bfb-6089-5946-85a5abfa058d/manifest					3
教草 十二 葛粉一覧					38×52cm		XB10:299		3		http://tify.sub.uni-goettingen.de/demo.html?manifest=https://archdataset.dl.itc.u-tokyo.ac.jp/manifest/6f2c6d3c-85b2-9947-1f9e-6b593ff55bb0.json	6f2c6d3c-85b2-9947-1f9e-6b593ff55bb0	https://iiif.dl.itc.u-tokyo.ac.jp/repo/s/tanaka/	https://iiif.dl.itc.u-tokyo.ac.jp/repo/s/tanaka/document/6f2c6d3c-85b2-9947-1f9e-6b593ff55bb0	https://www.lib.u-tokyo.ac.jp/ja/library/contents/archives-top/reuse	https://iiif.dl.itc.u-tokyo.ac.jp/repo/files/medium/3bba6ae16110b2908fdc7373b0164397f5eace0f.jpg	https://iiif.dl.itc.u-tokyo.ac.jp/repo/api/items/534080	東京大学総合図書館 General Library in the University of Tokyo, JAPAN	http://iiif.io/api/presentation/2#rightToLeftDirection		田中芳男・博物学コレクション	10000115		https://iiif.dl.itc.u-tokyo.ac.jp/repo/iiif/6f2c6d3c-85b2-9947-1f9e-6b593ff55bb0/manifest					3
教草 十三 藍一覧					38×52cm		XB10:299		3		http://tify.sub.uni-goettingen.de/demo.html?manifest=https://archdataset.dl.itc.u-tokyo.ac.jp/manifest/46cb476b-8ee5-7e6b-46f2-6c5dd95847e0.json	46cb476b-8ee5-7e6b-46f2-6c5dd95847e0	https://iiif.dl.itc.u-tokyo.ac.jp/repo/s/tanaka/	https://iiif.dl.itc.u-tokyo.ac.jp/repo/s/tanaka/document/46cb476b-8ee5-7e6b-46f2-6c5dd95847e0	https://www.lib.u-tokyo.ac.jp/ja/library/contents/archives-top/reuse	https://iiif.dl.itc.u-tokyo.ac.jp/repo/files/medium/f66ffe15d1b36c0486503f8beaa56e373f628f92.jpg	https://iiif.dl.itc.u-tokyo.ac.jp/repo/api/items/534081	東京大学総合図書館 General Library in the University of Tokyo, JAPAN	http://iiif.io/api/presentation/2#rightToLeftDirection		田中芳男・博物学コレクション	10000116		https://iiif.dl.itc.u-tokyo.ac.jp/repo/iiif/46cb476b-8ee5-7e6b-46f2-6c5dd95847e0/manifest					3
教草 十四 青花紙一覧					38×52cm		XB10:299		3		http://tify.sub.uni-goettingen.de/demo.html?manifest=https://archdataset.dl.itc.u-tokyo.ac.jp/manifest/e55ef903-386d-2fff-8ec0-d46750614804.json	e55ef903-386d-2fff-8ec0-d46750614804	https://iiif.dl.itc.u-tokyo.ac.jp/repo/s/tanaka/	https://iiif.dl.itc.u-tokyo.ac.jp/repo/s/tanaka/document/e55ef903-386d-2fff-8ec0-d46750614804	https://www.lib.u-tokyo.ac.jp/ja/library/contents/archives-top/reuse	https://iiif.dl.itc.u-tokyo.ac.jp/repo/files/medium/296ee0fe898e29d8e58504f807114ef7cfd80d79.jpg	https://iiif.dl.itc.u-tokyo.ac.jp/repo/api/items/534082	東京大学総合図書館 General Library in the University of Tokyo, JAPAN	http://iiif.io/api/presentation/2#rightToLeftDirection		田中芳男・博物学コレクション	10000117		https://iiif.dl.itc.u-tokyo.ac.jp/repo/iiif/e55ef903-386d-2fff-8ec0-d46750614804/manifest					3
教草 十五 製茶一覧					38×52cm		XB10:299		3		http://tify.sub.uni-goettingen.de/demo.html?manifest=https://archdataset.dl.itc.u-tokyo.ac.jp/manifest/0da88023-1bb1-89f9-091b-b373aef077ed.json	0da88023-1bb1-89f9-091b-b373aef077ed	https://iiif.dl.itc.u-tokyo.ac.jp/repo/s/tanaka/	https://iiif.dl.itc.u-tokyo.ac.jp/repo/s/tanaka/document/0da88023-1bb1-89f9-091b-b373aef077ed	https://www.lib.u-tokyo.ac.jp/ja/library/contents/archives-top/reuse	https://iiif.dl.itc.u-tokyo.ac.jp/repo/files/medium/2266b5d3953540c3e5d2cf034c4b33a3310aab9a.jpg	https://iiif.dl.itc.u-tokyo.ac.jp/repo/api/items/534083	東京大学総合図書館 General Library in the University of Tokyo, JAPAN	http://iiif.io/api/presentation/2#rightToLeftDirection		田中芳男・博物学コレクション	10000118		https://iiif.dl.itc.u-tokyo.ac.jp/repo/iiif/0da88023-1bb1-89f9-091b-b373aef077ed/manifest					3
教草 十六 煙草一覧					38×52cm		XB10:299		3		http://tify.sub.uni-goettingen.de/demo.html?manifest=https://archdataset.dl.itc.u-tokyo.ac.jp/manifest/0e31b48b-899a-6f70-0a20-d862e65c307a.json	0e31b48b-899a-6f70-0a20-d862e65c307a	https://iiif.dl.itc.u-tokyo.ac.jp/repo/s/tanaka/	https://iiif.dl.itc.u-tokyo.ac.jp/repo/s/tanaka/document/0e31b48b-899a-6f70-0a20-d862e65c307a	https://www.lib.u-tokyo.ac.jp/ja/library/contents/archives-top/reuse	https://iiif.dl.itc.u-tokyo.ac.jp/repo/files/medium/1691a9e9ae1e676a501b3c330f01990330e2b792.jpg	https://iiif.dl.itc.u-tokyo.ac.jp/repo/api/items/534084	東京大学総合図書館 General Library in the University of Tokyo, JAPAN	http://iiif.io/api/presentation/2#rightToLeftDirection		田中芳男・博物学コレクション	10000119		https://iiif.dl.itc.u-tokyo.ac.jp/repo/iiif/0e31b48b-899a-6f70-0a20-d862e65c307a/manifest					3
教草 十七 漆一覧					38×52cm		XB10:299		1		http://tify.sub.uni-goettingen.de/demo.html?manifest=https://archdataset.dl.itc.u-tokyo.ac.jp/manifest/6a812c3b-7db1-2ac9-7f46-c57cb419306f.json	6a812c3b-7db1-2ac9-7f46-c57cb419306f	https://iiif.dl.itc.u-tokyo.ac.jp/repo/s/tanaka/	https://iiif.dl.itc.u-tokyo.ac.jp/repo/s/tanaka/document/6a812c3b-7db1-2ac9-7f46-c57cb419306f	https://www.lib.u-tokyo.ac.jp/ja/library/contents/archives-top/reuse	https://iiif.dl.itc.u-tokyo.ac.jp/repo/files/medium/cd3ca1ee614009753e7b5f4efc894dd245219774.jpg	https://iiif.dl.itc.u-tokyo.ac.jp/repo/api/items/534085	東京大学総合図書館 General Library in the University of Tokyo, JAPAN	http://iiif.io/api/presentation/2#rightToLeftDirection		田中芳男・博物学コレクション	10000120		https://iiif.dl.itc.u-tokyo.ac.jp/repo/iiif/6a812c3b-7db1-2ac9-7f46-c57cb419306f/manifest					1
教草 十八 蒔絵一覧					38×52cm		XB10:299		3		http://tify.sub.uni-goettingen.de/demo.html?manifest=https://archdataset.dl.itc.u-tokyo.ac.jp/manifest/abb6cb04-508b-7091-8b10-0bd9c50630b6.json	abb6cb04-508b-7091-8b10-0bd9c50630b6	https://iiif.dl.itc.u-tokyo.ac.jp/repo/s/tanaka/	https://iiif.dl.itc.u-tokyo.ac.jp/repo/s/tanaka/document/abb6cb04-508b-7091-8b10-0bd9c50630b6	https://www.lib.u-tokyo.ac.jp/ja/library/contents/archives-top/reuse	https://iiif.dl.itc.u-tokyo.ac.jp/repo/files/medium/764d346cda42157fd58650315d97d2cc9bd58874.jpg	https://iiif.dl.itc.u-tokyo.ac.jp/repo/api/items/534086	東京大学総合図書館 General Library in the University of Tokyo, JAPAN	http://iiif.io/api/presentation/2#rightToLeftDirection		田中芳男・博物学コレクション	10000121		https://iiif.dl.itc.u-tokyo.ac.jp/repo/iiif/abb6cb04-508b-7091-8b10-0bd9c50630b6/manifest					3
教草 十九 蝋一覧					38×52cm		XB10:299		3		http://tify.sub.uni-goettingen.de/demo.html?manifest=https://archdataset.dl.itc.u-tokyo.ac.jp/manifest/0941b97c-4ccf-0e2c-836d-155d972a55cd.json	0941b97c-4ccf-0e2c-836d-155d972a55cd	https://iiif.dl.itc.u-tokyo.ac.jp/repo/s/tanaka/	https://iiif.dl.itc.u-tokyo.ac.jp/repo/s/tanaka/document/0941b97c-4ccf-0e2c-836d-155d972a55cd	https://www.lib.u-tokyo.ac.jp/ja/library/contents/archives-top/reuse	https://iiif.dl.itc.u-tokyo.ac.jp/repo/files/medium/f6a8a674ebb2c76088d2f42d8ec0817fd9d2d9d0.jpg	https://iiif.dl.itc.u-tokyo.ac.jp/repo/api/items/534087	東京大学総合図書館 General Library in the University of Tokyo, JAPAN	http://iiif.io/api/presentation/2#rightToLeftDirection		田中芳男・博物学コレクション	10000122		https://iiif.dl.itc.u-tokyo.ac.jp/repo/iiif/0941b97c-4ccf-0e2c-836d-155d972a55cd/manifest					3
教草 二十 白柿一覧					38×52cm		XB10:299		3		http://tify.sub.uni-goettingen.de/demo.html?manifest=https://archdataset.dl.itc.u-tokyo.ac.jp/manifest/8c84a273-59fe-675d-6bfb-51c91b3a113e.json	8c84a273-59fe-675d-6bfb-51c91b3a113e	https://iiif.dl.itc.u-tokyo.ac.jp/repo/s/tanaka/	https://iiif.dl.itc.u-tokyo.ac.jp/repo/s/tanaka/document/8c84a273-59fe-675d-6bfb-51c91b3a113e	https://www.lib.u-tokyo.ac.jp/ja/library/contents/archives-top/reuse	https://iiif.dl.itc.u-tokyo.ac.jp/repo/files/medium/e5702a771aac3b359729fe4c613cfaf538cbfc5c.jpg	https://iiif.dl.itc.u-tokyo.ac.jp/repo/api/items/534088	東京大学総合図書館 General Library in the University of Tokyo, JAPAN	http://iiif.io/api/presentation/2#rightToLeftDirection		田中芳男・博物学コレクション	10000123		https://iiif.dl.itc.u-tokyo.ac.jp/repo/iiif/8c84a273-59fe-675d-6bfb-51c91b3a113e/manifest					3
教草 二一 畳表一覧					38×52cm		XB10:299		3		http://tify.sub.uni-goettingen.de/demo.html?manifest=https://archdataset.dl.itc.u-tokyo.ac.jp/manifest/b24dce19-3d0c-1ef2-a520-5620d45488c6.json	b24dce19-3d0c-1ef2-a520-5620d45488c6	https://iiif.dl.itc.u-tokyo.ac.jp/repo/s/tanaka/	https://iiif.dl.itc.u-tokyo.ac.jp/repo/s/tanaka/document/b24dce19-3d0c-1ef2-a520-5620d45488c6	https://www.lib.u-tokyo.ac.jp/ja/library/contents/archives-top/reuse	https://iiif.dl.itc.u-tokyo.ac.jp/repo/files/medium/780fbcbcefdf87feb9beefd3082c4f9900aa2401.jpg	https://iiif.dl.itc.u-tokyo.ac.jp/repo/api/items/534089	東京大学総合図書館 General Library in the University of Tokyo, JAPAN	http://iiif.io/api/presentation/2#rightToLeftDirection		田中芳男・博物学コレクション	10000124		https://iiif.dl.itc.u-tokyo.ac.jp/repo/iiif/b24dce19-3d0c-1ef2-a520-5620d45488c6/manifest					3
教草 二二 香蕈一覧					38×52cm		XB10:299		3		http://tify.sub.uni-goettingen.de/demo.html?manifest=https://archdataset.dl.itc.u-tokyo.ac.jp/manifest/5762ba93-0fbd-516e-3fc4-f76800133d7e.json	5762ba93-0fbd-516e-3fc4-f76800133d7e	https://iiif.dl.itc.u-tokyo.ac.jp/repo/s/tanaka/	https://iiif.dl.itc.u-tokyo.ac.jp/repo/s/tanaka/document/5762ba93-0fbd-516e-3fc4-f76800133d7e	https://www.lib.u-tokyo.ac.jp/ja/library/contents/archives-top/reuse	https://iiif.dl.itc.u-tokyo.ac.jp/repo/files/medium/da0d9d350652b16a0db3589623ba6562e2001407.jpg	https://iiif.dl.itc.u-tokyo.ac.jp/repo/api/items/534090	東京大学総合図書館 General Library in the University of Tokyo, JAPAN	http://iiif.io/api/presentation/2#rightToLeftDirection		田中芳男・博物学コレクション	10000125		https://iiif.dl.itc.u-tokyo.ac.jp/repo/iiif/5762ba93-0fbd-516e-3fc4-f76800133d7e/manifest					3
教草 二四 蜂蜜一覧					38×52cm		XB10:299		3		http://tify.sub.uni-goettingen.de/demo.html?manifest=https://archdataset.dl.itc.u-tokyo.ac.jp/manifest/3ae26f29-7b20-2c20-189b-1ea94d3a30d8.json	3ae26f29-7b20-2c20-189b-1ea94d3a30d8	https://iiif.dl.itc.u-tokyo.ac.jp/repo/s/tanaka/	https://iiif.dl.itc.u-tokyo.ac.jp/repo/s/tanaka/document/3ae26f29-7b20-2c20-189b-1ea94d3a30d8	https://www.lib.u-tokyo.ac.jp/ja/library/contents/archives-top/reuse	https://iiif.dl.itc.u-tokyo.ac.jp/repo/files/medium/c85f5d5b646cdc9f5d216740670b290e12a6f65e.jpg	https://iiif.dl.itc.u-tokyo.ac.jp/repo/api/items/534091	東京大学総合図書館 General Library in the University of Tokyo, JAPAN	http://iiif.io/api/presentation/2#rightToLeftDirection		田中芳男・博物学コレクション	10000126		https://iiif.dl.itc.u-tokyo.ac.jp/repo/iiif/3ae26f29-7b20-2c20-189b-1ea94d3a30d8/manifest					3
教草 二五 油一覽					38×52cm		XB10:299	博覧會事務局	3		http://tify.sub.uni-goettingen.de/demo.html?manifest=https://archdataset.dl.itc.u-tokyo.ac.jp/manifest/a6846a02-30e5-2615-001c-d8f8981f48e6.json	a6846a02-30e5-2615-001c-d8f8981f48e6	https://iiif.dl.itc.u-tokyo.ac.jp/repo/s/tanaka/	https://iiif.dl.itc.u-tokyo.ac.jp/repo/s/tanaka/document/a6846a02-30e5-2615-001c-d8f8981f48e6	https://www.lib.u-tokyo.ac.jp/ja/library/contents/archives-top/reuse	https://iiif.dl.itc.u-tokyo.ac.jp/repo/files/medium/5126c7bdac1a422378071b653eb723cd38604432.jpg	https://iiif.dl.itc.u-tokyo.ac.jp/repo/api/items/534092	東京大学総合図書館 General Library in the University of Tokyo, JAPAN	http://iiif.io/api/presentation/2#rightToLeftDirection		田中芳男・博物学コレクション	10000127		https://iiif.dl.itc.u-tokyo.ac.jp/repo/iiif/a6846a02-30e5-2615-001c-d8f8981f48e6/manifest					3
教草 二六 臙脂一覽					38×52cm		XB10:299	博覧會事務局	3		http://tify.sub.uni-goettingen.de/demo.html?manifest=https://archdataset.dl.itc.u-tokyo.ac.jp/manifest/767f7d22-444e-56b1-2cf6-f84b2af0146f.json	767f7d22-444e-56b1-2cf6-f84b2af0146f	https://iiif.dl.itc.u-tokyo.ac.jp/repo/s/tanaka/	https://iiif.dl.itc.u-tokyo.ac.jp/repo/s/tanaka/document/767f7d22-444e-56b1-2cf6-f84b2af0146f	https://www.lib.u-tokyo.ac.jp/ja/library/contents/archives-top/reuse	https://iiif.dl.itc.u-tokyo.ac.jp/repo/files/medium/d8cf30182233be0d287d8fde0ea743880ee2eea0.jpg	https://iiif.dl.itc.u-tokyo.ac.jp/repo/api/items/534093	東京大学総合図書館 General Library in the University of Tokyo, JAPAN	http://iiif.io/api/presentation/2#rightToLeftDirection		田中芳男・博物学コレクション	10000128		https://iiif.dl.itc.u-tokyo.ac.jp/repo/iiif/767f7d22-444e-56b1-2cf6-f84b2af0146f/manifest					3
教草 二九 褐腐一覽					38×52cm		XB10:299	博覧會事務局	3		http://tify.sub.uni-goettingen.de/demo.html?manifest=https://archdataset.dl.itc.u-tokyo.ac.jp/manifest/6a7a2e16-370d-5d47-4511-c9197e8a823b.json	6a7a2e16-370d-5d47-4511-c9197e8a823b	https://iiif.dl.itc.u-tokyo.ac.jp/repo/s/tanaka/	https://iiif.dl.itc.u-tokyo.ac.jp/repo/s/tanaka/document/6a7a2e16-370d-5d47-4511-c9197e8a823b	https://www.lib.u-tokyo.ac.jp/ja/library/contents/archives-top/reuse	https://iiif.dl.itc.u-tokyo.ac.jp/repo/files/medium/d61e22504b18cbb63d8c78d3be2df5b6e5a37925.jpg	https://iiif.dl.itc.u-tokyo.ac.jp/repo/api/items/534094	東京大学総合図書館 General Library in the University of Tokyo, JAPAN	http://iiif.io/api/presentation/2#rightToLeftDirection		田中芳男・博物学コレクション	10000129		https://iiif.dl.itc.u-tokyo.ac.jp/repo/iiif/6a7a2e16-370d-5d47-4511-c9197e8a823b/manifest					3
教草 三十 豆腐一覽					38×52cm		XB10:299	博覧會事務局	3		http://tify.sub.uni-goettingen.de/demo.html?manifest=https://archdataset.dl.itc.u-tokyo.ac.jp/manifest/2dd0d02e-0a5a-8ff2-82de-9b459fc0a2bb.json	2dd0d02e-0a5a-8ff2-82de-9b459fc0a2bb	https://iiif.dl.itc.u-tokyo.ac.jp/repo/s/tanaka/	https://iiif.dl.itc.u-tokyo.ac.jp/repo/s/tanaka/document/2dd0d02e-0a5a-8ff2-82de-9b459fc0a2bb	https://www.lib.u-tokyo.ac.jp/ja/library/contents/archives-top/reuse	https://iiif.dl.itc.u-tokyo.ac.jp/repo/files/medium/1459139c1814523a6675ca6dc2db7eef92da5c83.jpg	https://iiif.dl.itc.u-tokyo.ac.jp/repo/api/items/534095	東京大学総合図書館 General Library in the University of Tokyo, JAPAN	http://iiif.io/api/presentation/2#rightToLeftDirection		田中芳男・博物学コレクション	10000130		https://iiif.dl.itc.u-tokyo.ac.jp/repo/iiif/2dd0d02e-0a5a-8ff2-82de-9b459fc0a2bb/manifest					3
台湾帖				明治四十一年十月鉄道全通式出張之際取得等	42.3×30.5cm		BA:12	田中芳男	84		http://tify.sub.uni-goettingen.de/demo.html?manifest=https://archdataset.dl.itc.u-tokyo.ac.jp/manifest/99129f67-2420-3f1e-6eba-90448b744baf.json	99129f67-2420-3f1e-6eba-90448b744baf	https://iiif.dl.itc.u-tokyo.ac.jp/repo/s/tanaka/	https://iiif.dl.itc.u-tokyo.ac.jp/repo/s/tanaka/document/99129f67-2420-3f1e-6eba-90448b744baf	https://www.lib.u-tokyo.ac.jp/ja/library/contents/archives-top/reuse	https://iiif.dl.itc.u-tokyo.ac.jp/repo/files/medium/3ef36470f3b5a507457e05db9d1571bfa23fa5d5.jpg	https://iiif.dl.itc.u-tokyo.ac.jp/repo/api/items/534096	東京大学総合図書館 General Library in the University of Tokyo, JAPAN	http://iiif.io/api/presentation/2#rightToLeftDirection		田中芳男・博物学コレクション	10000131		https://iiif.dl.itc.u-tokyo.ac.jp/repo/iiif/99129f67-2420-3f1e-6eba-90448b744baf/manifest					84
神都印刷帖附農業館掛図・絵				明治廿四年以後所集同丗七年三月貼附畢田中芳男	40.5×28.0cm		BJ:25	田中芳男	31		http://tify.sub.uni-goettingen.de/demo.html?manifest=https://archdataset.dl.itc.u-tokyo.ac.jp/manifest/1e672f8a-8c42-14fe-62ea-2c5945ce2a37.json	1e672f8a-8c42-14fe-62ea-2c5945ce2a37	https://iiif.dl.itc.u-tokyo.ac.jp/repo/s/tanaka/	https://iiif.dl.itc.u-tokyo.ac.jp/repo/s/tanaka/document/1e672f8a-8c42-14fe-62ea-2c5945ce2a37	https://www.lib.u-tokyo.ac.jp/ja/library/contents/archives-top/reuse	https://iiif.dl.itc.u-tokyo.ac.jp/repo/files/medium/a4f3ca26331f1af0edcf11ef541e8fc9741707f4.jpg	https://iiif.dl.itc.u-tokyo.ac.jp/repo/api/items/534097	東京大学総合図書館 General Library in the University of Tokyo, JAPAN	http://iiif.io/api/presentation/2#rightToLeftDirection		田中芳男・博物学コレクション	10000132		https://iiif.dl.itc.u-tokyo.ac.jp/repo/iiif/1e672f8a-8c42-14fe-62ea-2c5945ce2a37/manifest					31
共進会並水産博覧会帖					40.5×28.5cm		BXB:8	田中芳男	63		http://tify.sub.uni-goettingen.de/demo.html?manifest=https://archdataset.dl.itc.u-tokyo.ac.jp/manifest/8a599110-591e-9c98-a32b-99b37f160317.json	8a599110-591e-9c98-a32b-99b37f160317	https://iiif.dl.itc.u-tokyo.ac.jp/repo/s/tanaka/	https://iiif.dl.itc.u-tokyo.ac.jp/repo/s/tanaka/document/8a599110-591e-9c98-a32b-99b37f160317	https://www.lib.u-tokyo.ac.jp/ja/library/contents/archives-top/reuse	https://iiif.dl.itc.u-tokyo.ac.jp/repo/files/medium/73dbf964676f34b8cbd87cb87392aff672d71cd7.jpg	https://iiif.dl.itc.u-tokyo.ac.jp/repo/api/items/534098	東京大学総合図書館 General Library in the University of Tokyo, JAPAN	http://iiif.io/api/presentation/2#rightToLeftDirection		田中芳男・博物学コレクション	10000133		https://iiif.dl.itc.u-tokyo.ac.jp/repo/iiif/8a599110-591e-9c98-a32b-99b37f160317/manifest					63
繭絲織物陶漆器共進会帖					41.0×28.0cm		BXB:9	田中芳男	241		http://tify.sub.uni-goettingen.de/demo.html?manifest=https://archdataset.dl.itc.u-tokyo.ac.jp/manifest/b7b22418-218f-25b4-8a01-cd236420774f.json	b7b22418-218f-25b4-8a01-cd236420774f	https://iiif.dl.itc.u-tokyo.ac.jp/repo/s/tanaka/	https://iiif.dl.itc.u-tokyo.ac.jp/repo/s/tanaka/document/b7b22418-218f-25b4-8a01-cd236420774f	https://www.lib.u-tokyo.ac.jp/ja/library/contents/archives-top/reuse	https://iiif.dl.itc.u-tokyo.ac.jp/repo/files/medium/b280716bcdfa670e8f2177660f10b63d6cb0eb42.jpg	https://iiif.dl.itc.u-tokyo.ac.jp/repo/api/items/534099	東京大学総合図書館 General Library in the University of Tokyo, JAPAN	http://iiif.io/api/presentation/2#rightToLeftDirection		田中芳男・博物学コレクション	10000134		https://iiif.dl.itc.u-tokyo.ac.jp/repo/iiif/b7b22418-218f-25b4-8a01-cd236420774f/manifest					241
