資料名,資料名ヨミ,編著者,刊行年、書写年等,冊数,請求記号,注記,異なりアクセスタイトル,解説URL,＜日本語＞コレクション名,＜英語＞コレクション名,親書誌表題,親書誌の番号等,iiif viewer,ID,ウェブサイトURL,アイテムURL,利用条件,サムネイル,機械可読ドキュメント,帰属,viewingDirection,viewingHint,コレクション,ソート用項目,西暦,IIIFマニフェストURI,IIIF Search API URI,アノテーション付きIIIFマニフェストURI,Link to TAPAS Project,Text with Rich Text Format,# of media
dcterms:title,dcndl:transcription,dcterms:creator,dcterms:date,dcterms:extent,dcndl:callNumber,dcterms:description,dcndl:alternative,archiveshub:note,dcndl:seriesTitle,dcndl:seriesTitleTranscription,dcndl:seriesVolumeTitle,dcndl:volume,iiif viewer,bibo:identifier,dcterms:isPartOf,dcterms:relation,dcterms:rights,foaf:thumbnail,rdfs:seeAlso,sc:attributionLabel,sc:viewingDirection,sc:viewingHint,uterms:databaseLabel,uterms:sort,uterms:year,uterms:manifestUri,uterms:searchApiUri,uterms:annotedManifest,uterms:linkToTapas,uterms:rtf,53
[外袋],,"ファン・カステール訳 ; 平野栄, 鳴門義民校",[1875.9],1枚,,画像は第26のもの。裏面に巻構成のリストと発行者の記載あり,,,農場博物館コレクション,Farm Museum Collection,独逸農事図解,,http://tify.sub.uni-goettingen.de/demo.html?manifest=https://archdataset.dl.itc.u-tokyo.ac.jp/manifest/a4299201-94ef-4831-4c6b-6da4817c9523.json,a4299201-94ef-4831-4c6b-6da4817c9523,https://iiif.dl.itc.u-tokyo.ac.jp/repo/s/agrifarm,https://iiif.dl.itc.u-tokyo.ac.jp/repo/s/agrifarm/document/a4299201-94ef-4831-4c6b-6da4817c9523,https://creativecommons.org/licenses/by/4.0/,https://iiif.dl.itc.u-tokyo.ac.jp/repo/files/medium/8c1a9e263806555241a58115d55693ddee047f86.jpg,https://iiif.dl.itc.u-tokyo.ac.jp/repo/api/items/541486,"東京大学農学生命科学研究科・農学部 / Graduate School of Agricultural and Life Sciences/Faculty of Agriculture, The University of Tokyo, JAPAN",,,農場博物館コレクション,0001,,https://iiif.dl.itc.u-tokyo.ac.jp/repo/iiif/a4299201-94ef-4831-4c6b-6da4817c9523/manifest,,,,,1
菓樹栽培法,カジュ サイバイホウ,"ファン・カステール訳 ; 平野栄, 鳴門義民校",1875.9,1枚,,,,,農場博物館コレクション,Farm Museum Collection,独逸農事図解,第1,http://tify.sub.uni-goettingen.de/demo.html?manifest=https://archdataset.dl.itc.u-tokyo.ac.jp/manifest/7fb326e3-9776-2ac0-7ad0-d791dc26415b.json,7fb326e3-9776-2ac0-7ad0-d791dc26415b,https://iiif.dl.itc.u-tokyo.ac.jp/repo/s/agrifarm,https://iiif.dl.itc.u-tokyo.ac.jp/repo/s/agrifarm/document/7fb326e3-9776-2ac0-7ad0-d791dc26415b,https://creativecommons.org/licenses/by/4.0/,https://iiif.dl.itc.u-tokyo.ac.jp/repo/files/medium/6a6b9fe0bb7289a09c62e38a4eff8a029023b406.jpg,https://iiif.dl.itc.u-tokyo.ac.jp/repo/api/items/541485,"東京大学農学生命科学研究科・農学部 / Graduate School of Agricultural and Life Sciences/Faculty of Agriculture, The University of Tokyo, JAPAN",,,農場博物館コレクション,0002,,https://iiif.dl.itc.u-tokyo.ac.jp/repo/iiif/7fb326e3-9776-2ac0-7ad0-d791dc26415b/manifest,,,,,1
葡萄栽培法,ブドウ サイバイホウ,"ファン・カステール訳 ; 平野栄, 鳴門義民校",[1875.9],1枚,,,,,農場博物館コレクション,Farm Museum Collection,独逸農事図解,第2,http://tify.sub.uni-goettingen.de/demo.html?manifest=https://archdataset.dl.itc.u-tokyo.ac.jp/manifest/8414644e-2ee4-743d-8b06-b8b0e3b83ceb.json,8414644e-2ee4-743d-8b06-b8b0e3b83ceb,https://iiif.dl.itc.u-tokyo.ac.jp/repo/s/agrifarm,https://iiif.dl.itc.u-tokyo.ac.jp/repo/s/agrifarm/document/8414644e-2ee4-743d-8b06-b8b0e3b83ceb,https://creativecommons.org/licenses/by/4.0/,https://iiif.dl.itc.u-tokyo.ac.jp/repo/files/medium/f48561b99c12d7e56aba2e59cd7a5eb2f59db978.jpg,https://iiif.dl.itc.u-tokyo.ac.jp/repo/api/items/541484,"東京大学農学生命科学研究科・農学部 / Graduate School of Agricultural and Life Sciences/Faculty of Agriculture, The University of Tokyo, JAPAN",,,農場博物館コレクション,0003,,https://iiif.dl.itc.u-tokyo.ac.jp/repo/iiif/8414644e-2ee4-743d-8b06-b8b0e3b83ceb/manifest,,,,,1
葡萄酒管理法,ブドウシュ カンリホウ,"ファン・カステール訳 ; 平野栄, 鳴門義民校",1875.9,1枚,,,,,農場博物館コレクション,Farm Museum Collection,独逸農事図解,第3,http://tify.sub.uni-goettingen.de/demo.html?manifest=https://archdataset.dl.itc.u-tokyo.ac.jp/manifest/e9433446-39a7-8404-105f-462b851778a5.json,e9433446-39a7-8404-105f-462b851778a5,https://iiif.dl.itc.u-tokyo.ac.jp/repo/s/agrifarm,https://iiif.dl.itc.u-tokyo.ac.jp/repo/s/agrifarm/document/e9433446-39a7-8404-105f-462b851778a5,https://creativecommons.org/licenses/by/4.0/,https://iiif.dl.itc.u-tokyo.ac.jp/repo/files/medium/35e9e13f14c908b46894f06a05acb8207e941029.jpg,https://iiif.dl.itc.u-tokyo.ac.jp/repo/api/items/541483,"東京大学農学生命科学研究科・農学部 / Graduate School of Agricultural and Life Sciences/Faculty of Agriculture, The University of Tokyo, JAPAN",,,農場博物館コレクション,0004,,https://iiif.dl.itc.u-tokyo.ac.jp/repo/iiif/e9433446-39a7-8404-105f-462b851778a5/manifest,,,,,1
糞培法,フンバイホウ,"ファン・カステール訳 ; 平野栄, 鳴門義民校",1875.9,1枚,,,,,農場博物館コレクション,Farm Museum Collection,独逸農事図解,第4,http://tify.sub.uni-goettingen.de/demo.html?manifest=https://archdataset.dl.itc.u-tokyo.ac.jp/manifest/66cfe948-7dce-6a04-7bd0-e41085821817.json,66cfe948-7dce-6a04-7bd0-e41085821817,https://iiif.dl.itc.u-tokyo.ac.jp/repo/s/agrifarm,https://iiif.dl.itc.u-tokyo.ac.jp/repo/s/agrifarm/document/66cfe948-7dce-6a04-7bd0-e41085821817,https://creativecommons.org/licenses/by/4.0/,https://iiif.dl.itc.u-tokyo.ac.jp/repo/files/medium/990292dae182348acc6b219987234f51503e7d47.jpg,https://iiif.dl.itc.u-tokyo.ac.jp/repo/api/items/541482,"東京大学農学生命科学研究科・農学部 / Graduate School of Agricultural and Life Sciences/Faculty of Agriculture, The University of Tokyo, JAPAN",,,農場博物館コレクション,0005,,https://iiif.dl.itc.u-tokyo.ac.jp/repo/iiif/66cfe948-7dce-6a04-7bd0-e41085821817/manifest,,,,,1
退水法,タイスイホウ,"ファン・カステール訳 ; 平野栄, 鳴門義民校",1875.9,1枚,,,,,農場博物館コレクション,Farm Museum Collection,独逸農事図解,第5,http://tify.sub.uni-goettingen.de/demo.html?manifest=https://archdataset.dl.itc.u-tokyo.ac.jp/manifest/05ab80b2-900e-8a18-0787-2f6d3d8c197f.json,05ab80b2-900e-8a18-0787-2f6d3d8c197f,https://iiif.dl.itc.u-tokyo.ac.jp/repo/s/agrifarm,https://iiif.dl.itc.u-tokyo.ac.jp/repo/s/agrifarm/document/05ab80b2-900e-8a18-0787-2f6d3d8c197f,https://creativecommons.org/licenses/by/4.0/,https://iiif.dl.itc.u-tokyo.ac.jp/repo/files/medium/43dea43848b8ae9038756be153f9a24eb7bb6bd9.jpg,https://iiif.dl.itc.u-tokyo.ac.jp/repo/api/items/541481,"東京大学農学生命科学研究科・農学部 / Graduate School of Agricultural and Life Sciences/Faculty of Agriculture, The University of Tokyo, JAPAN",,,農場博物館コレクション,0006,,https://iiif.dl.itc.u-tokyo.ac.jp/repo/iiif/05ab80b2-900e-8a18-0787-2f6d3d8c197f/manifest,,,,,1
牧場灌水法,ボクジョウ カンスイホウ,"ファン・カステール訳 ; 平野栄, 鳴門義民校",1875.9,1枚,,,,,農場博物館コレクション,Farm Museum Collection,独逸農事図解,第6,http://tify.sub.uni-goettingen.de/demo.html?manifest=https://archdataset.dl.itc.u-tokyo.ac.jp/manifest/37c58367-6f39-613d-6765-55020748571d.json,37c58367-6f39-613d-6765-55020748571d,https://iiif.dl.itc.u-tokyo.ac.jp/repo/s/agrifarm,https://iiif.dl.itc.u-tokyo.ac.jp/repo/s/agrifarm/document/37c58367-6f39-613d-6765-55020748571d,https://creativecommons.org/licenses/by/4.0/,https://iiif.dl.itc.u-tokyo.ac.jp/repo/files/medium/8e755caf811cf66c099bc1d01ca7d5bfa0b4371e.jpg,https://iiif.dl.itc.u-tokyo.ac.jp/repo/api/items/541480,"東京大学農学生命科学研究科・農学部 / Graduate School of Agricultural and Life Sciences/Faculty of Agriculture, The University of Tokyo, JAPAN",,,農場博物館コレクション,0007,,https://iiif.dl.itc.u-tokyo.ac.jp/repo/iiif/37c58367-6f39-613d-6765-55020748571d/manifest,,,,,1
蜜蜂養法,ミツバチ カイカタ,"ファン・カステール訳 ; 平野栄, 鳴門義民校",1875.9,1枚,,,,,農場博物館コレクション,Farm Museum Collection,独逸農事図解,第7,http://tify.sub.uni-goettingen.de/demo.html?manifest=https://archdataset.dl.itc.u-tokyo.ac.jp/manifest/879f7d68-3108-0fac-2793-492df0484813.json,879f7d68-3108-0fac-2793-492df0484813,https://iiif.dl.itc.u-tokyo.ac.jp/repo/s/agrifarm,https://iiif.dl.itc.u-tokyo.ac.jp/repo/s/agrifarm/document/879f7d68-3108-0fac-2793-492df0484813,https://creativecommons.org/licenses/by/4.0/,https://iiif.dl.itc.u-tokyo.ac.jp/repo/files/medium/0f31adcf66837e3ef2829a6172e9a2981d552b15.jpg,https://iiif.dl.itc.u-tokyo.ac.jp/repo/api/items/541479,"東京大学農学生命科学研究科・農学部 / Graduate School of Agricultural and Life Sciences/Faculty of Agriculture, The University of Tokyo, JAPAN",,,農場博物館コレクション,0008,,https://iiif.dl.itc.u-tokyo.ac.jp/repo/iiif/879f7d68-3108-0fac-2793-492df0484813/manifest,,,,,1
蔬菜類耕種法,ソサイルイ コウシュホウ,"ファン・カステール訳 ; 平野栄, 鳴門義民校",1875.9,1枚,,,,,農場博物館コレクション,Farm Museum Collection,独逸農事図解,第8,http://tify.sub.uni-goettingen.de/demo.html?manifest=https://archdataset.dl.itc.u-tokyo.ac.jp/manifest/80a9cc28-a2f3-9a4b-7140-b7c2cb467a47.json,80a9cc28-a2f3-9a4b-7140-b7c2cb467a47,https://iiif.dl.itc.u-tokyo.ac.jp/repo/s/agrifarm,https://iiif.dl.itc.u-tokyo.ac.jp/repo/s/agrifarm/document/80a9cc28-a2f3-9a4b-7140-b7c2cb467a47,https://creativecommons.org/licenses/by/4.0/,https://iiif.dl.itc.u-tokyo.ac.jp/repo/files/medium/d5b0691fe3fc312f4489d59a941549367253ee4c.jpg,https://iiif.dl.itc.u-tokyo.ac.jp/repo/api/items/541478,"東京大学農学生命科学研究科・農学部 / Graduate School of Agricultural and Life Sciences/Faculty of Agriculture, The University of Tokyo, JAPAN",,,農場博物館コレクション,0009,,https://iiif.dl.itc.u-tokyo.ac.jp/repo/iiif/80a9cc28-a2f3-9a4b-7140-b7c2cb467a47/manifest,,,,,1
葎草培養法,リツソウ バイヨウホウ,"ファン・カステール訳 ; 平野栄, 鳴門義民校",[1875.9],1枚,,,,,農場博物館コレクション,Farm Museum Collection,独逸農事図解,第9,http://tify.sub.uni-goettingen.de/demo.html?manifest=https://archdataset.dl.itc.u-tokyo.ac.jp/manifest/a495e6a3-a089-7499-9345-9564fc546970.json,a495e6a3-a089-7499-9345-9564fc546970,https://iiif.dl.itc.u-tokyo.ac.jp/repo/s/agrifarm,https://iiif.dl.itc.u-tokyo.ac.jp/repo/s/agrifarm/document/a495e6a3-a089-7499-9345-9564fc546970,https://creativecommons.org/licenses/by/4.0/,https://iiif.dl.itc.u-tokyo.ac.jp/repo/files/medium/5687402b524a9278e818471db29fb6b2bbdf2c69.jpg,https://iiif.dl.itc.u-tokyo.ac.jp/repo/api/items/541477,"東京大学農学生命科学研究科・農学部 / Graduate School of Agricultural and Life Sciences/Faculty of Agriculture, The University of Tokyo, JAPAN",,,農場博物館コレクション,0010,,https://iiif.dl.itc.u-tokyo.ac.jp/repo/iiif/a495e6a3-a089-7499-9345-9564fc546970/manifest,,,,,1
養蠶法,ヨウサンホウ,"ファン・カステール訳 ; 平野栄, 鳴門義民校",1875.9,1枚,,,,,農場博物館コレクション,Farm Museum Collection,独逸農事図解,第10,http://tify.sub.uni-goettingen.de/demo.html?manifest=https://archdataset.dl.itc.u-tokyo.ac.jp/manifest/cc05ebf3-a48d-2cfa-58c0-47598aa27551.json,cc05ebf3-a48d-2cfa-58c0-47598aa27551,https://iiif.dl.itc.u-tokyo.ac.jp/repo/s/agrifarm,https://iiif.dl.itc.u-tokyo.ac.jp/repo/s/agrifarm/document/cc05ebf3-a48d-2cfa-58c0-47598aa27551,https://creativecommons.org/licenses/by/4.0/,https://iiif.dl.itc.u-tokyo.ac.jp/repo/files/medium/f9eafc70c86ece7d2889611af29da2f96d29747d.jpg,https://iiif.dl.itc.u-tokyo.ac.jp/repo/api/items/541476,"東京大学農学生命科学研究科・農学部 / Graduate School of Agricultural and Life Sciences/Faculty of Agriculture, The University of Tokyo, JAPAN",,,農場博物館コレクション,0011,,https://iiif.dl.itc.u-tokyo.ac.jp/repo/iiif/cc05ebf3-a48d-2cfa-58c0-47598aa27551/manifest,,,,,1
魚類蕃殖法,ギョルイ ハンショクホウ,"ファン・カステール訳 ; 平野栄, 鳴門義民校",1875,1枚,,,,,農場博物館コレクション,Farm Museum Collection,独逸農事図解,第11,http://tify.sub.uni-goettingen.de/demo.html?manifest=https://archdataset.dl.itc.u-tokyo.ac.jp/manifest/0a04f9cc-8fa8-959b-3af8-e1d6911c4830.json,0a04f9cc-8fa8-959b-3af8-e1d6911c4830,https://iiif.dl.itc.u-tokyo.ac.jp/repo/s/agrifarm,https://iiif.dl.itc.u-tokyo.ac.jp/repo/s/agrifarm/document/0a04f9cc-8fa8-959b-3af8-e1d6911c4830,https://creativecommons.org/licenses/by/4.0/,https://iiif.dl.itc.u-tokyo.ac.jp/repo/files/medium/f7fb49ab2c5cde93354a4c4766d352a26b3e1ced.jpg,https://iiif.dl.itc.u-tokyo.ac.jp/repo/api/items/541475,"東京大学農学生命科学研究科・農学部 / Graduate School of Agricultural and Life Sciences/Faculty of Agriculture, The University of Tokyo, JAPAN",,,農場博物館コレクション,0012,,https://iiif.dl.itc.u-tokyo.ac.jp/repo/iiif/0a04f9cc-8fa8-959b-3af8-e1d6911c4830/manifest,,,,,1
樹林栽殖法,ジュリン サイショクホウ,"ファン・カステール訳 ; 平野栄, 鳴門義民校",[1875.9],1枚,,,,,農場博物館コレクション,Farm Museum Collection,独逸農事図解,第12,http://tify.sub.uni-goettingen.de/demo.html?manifest=https://archdataset.dl.itc.u-tokyo.ac.jp/manifest/5d68013a-1b66-72b6-2911-bd13cc018fdc.json,5d68013a-1b66-72b6-2911-bd13cc018fdc,https://iiif.dl.itc.u-tokyo.ac.jp/repo/s/agrifarm,https://iiif.dl.itc.u-tokyo.ac.jp/repo/s/agrifarm/document/5d68013a-1b66-72b6-2911-bd13cc018fdc,https://creativecommons.org/licenses/by/4.0/,https://iiif.dl.itc.u-tokyo.ac.jp/repo/files/medium/083c654cd58e704fee1ad59339a83bee0e7c53ac.jpg,https://iiif.dl.itc.u-tokyo.ac.jp/repo/api/items/541474,"東京大学農学生命科学研究科・農学部 / Graduate School of Agricultural and Life Sciences/Faculty of Agriculture, The University of Tokyo, JAPAN",,,農場博物館コレクション,0013,,https://iiif.dl.itc.u-tokyo.ac.jp/repo/iiif/5d68013a-1b66-72b6-2911-bd13cc018fdc/manifest,,,,,1
林木伐採法,リンボク バッサイホウ,"ファン・カステール訳 ; 平野栄, 鳴門義民校",[1875.9],1枚,,,,,農場博物館コレクション,Farm Museum Collection,独逸農事図解,第13,http://tify.sub.uni-goettingen.de/demo.html?manifest=https://archdataset.dl.itc.u-tokyo.ac.jp/manifest/29b16429-3a9c-7cdc-6c9f-e4367a513202.json,29b16429-3a9c-7cdc-6c9f-e4367a513202,https://iiif.dl.itc.u-tokyo.ac.jp/repo/s/agrifarm,https://iiif.dl.itc.u-tokyo.ac.jp/repo/s/agrifarm/document/29b16429-3a9c-7cdc-6c9f-e4367a513202,https://creativecommons.org/licenses/by/4.0/,https://iiif.dl.itc.u-tokyo.ac.jp/repo/files/medium/d09dc869945c9127dcfcd5900fd06b861d0f51df.jpg,https://iiif.dl.itc.u-tokyo.ac.jp/repo/api/items/541473,"東京大学農学生命科学研究科・農学部 / Graduate School of Agricultural and Life Sciences/Faculty of Agriculture, The University of Tokyo, JAPAN",,,農場博物館コレクション,0014,,https://iiif.dl.itc.u-tokyo.ac.jp/repo/iiif/29b16429-3a9c-7cdc-6c9f-e4367a513202/manifest,,,,,1
田圃耕作法,タンボ コウサクホウ,"ファン・カステール訳 ; 平野栄, 鳴門義民校",1875.12,1枚,,,,,農場博物館コレクション,Farm Museum Collection,独逸農事図解,第14,http://tify.sub.uni-goettingen.de/demo.html?manifest=https://archdataset.dl.itc.u-tokyo.ac.jp/manifest/b45ca788-1a76-774f-9e4e-c8de52027825.json,b45ca788-1a76-774f-9e4e-c8de52027825,https://iiif.dl.itc.u-tokyo.ac.jp/repo/s/agrifarm,https://iiif.dl.itc.u-tokyo.ac.jp/repo/s/agrifarm/document/b45ca788-1a76-774f-9e4e-c8de52027825,https://creativecommons.org/licenses/by/4.0/,https://iiif.dl.itc.u-tokyo.ac.jp/repo/files/medium/088a45c546856768bff5c0b669721c88f38da97b.jpg,https://iiif.dl.itc.u-tokyo.ac.jp/repo/api/items/541472,"東京大学農学生命科学研究科・農学部 / Graduate School of Agricultural and Life Sciences/Faculty of Agriculture, The University of Tokyo, JAPAN",,,農場博物館コレクション,0015,,https://iiif.dl.itc.u-tokyo.ac.jp/repo/iiif/b45ca788-1a76-774f-9e4e-c8de52027825/manifest,,,,,1
牧牛法,ボクギュウホウ,"ファン・カステール訳 ; 平野栄, 鳴門義民校",[1875],1枚,,,,,農場博物館コレクション,Farm Museum Collection,独逸農事図解,第15,http://tify.sub.uni-goettingen.de/demo.html?manifest=https://archdataset.dl.itc.u-tokyo.ac.jp/manifest/1f0c5ff3-1340-040b-50dc-d6493d0a5455.json,1f0c5ff3-1340-040b-50dc-d6493d0a5455,https://iiif.dl.itc.u-tokyo.ac.jp/repo/s/agrifarm,https://iiif.dl.itc.u-tokyo.ac.jp/repo/s/agrifarm/document/1f0c5ff3-1340-040b-50dc-d6493d0a5455,https://creativecommons.org/licenses/by/4.0/,https://iiif.dl.itc.u-tokyo.ac.jp/repo/files/medium/66f7fc3e1f537aae1f27a21066da48c6f5127a6e.jpg,https://iiif.dl.itc.u-tokyo.ac.jp/repo/api/items/541471,"東京大学農学生命科学研究科・農学部 / Graduate School of Agricultural and Life Sciences/Faculty of Agriculture, The University of Tokyo, JAPAN",,,農場博物館コレクション,0016,,https://iiif.dl.itc.u-tokyo.ac.jp/repo/iiif/1f0c5ff3-1340-040b-50dc-d6493d0a5455/manifest,,,,,1
牧牛利用説,ボクギュウ リヨウセツ,"ファン・カステール訳 ; 平野栄, 鳴門義民校",1875.9,1枚,,,,,農場博物館コレクション,Farm Museum Collection,独逸農事図解,第16,http://tify.sub.uni-goettingen.de/demo.html?manifest=https://archdataset.dl.itc.u-tokyo.ac.jp/manifest/60c21901-402d-17b6-555c-a833047368a5.json,60c21901-402d-17b6-555c-a833047368a5,https://iiif.dl.itc.u-tokyo.ac.jp/repo/s/agrifarm,https://iiif.dl.itc.u-tokyo.ac.jp/repo/s/agrifarm/document/60c21901-402d-17b6-555c-a833047368a5,https://creativecommons.org/licenses/by/4.0/,https://iiif.dl.itc.u-tokyo.ac.jp/repo/files/medium/b3a1d7f00882e412a8cbc611dfa9bf85a0abebbb.jpg,https://iiif.dl.itc.u-tokyo.ac.jp/repo/api/items/541470,"東京大学農学生命科学研究科・農学部 / Graduate School of Agricultural and Life Sciences/Faculty of Agriculture, The University of Tokyo, JAPAN",,,農場博物館コレクション,0017,,https://iiif.dl.itc.u-tokyo.ac.jp/repo/iiif/60c21901-402d-17b6-555c-a833047368a5/manifest,,,,,1
菓樹施工法,カジュ セコウホウ,"ファン・カステール訳 ; 平野栄, 鳴門義民校",1875.9,1枚,,,,,農場博物館コレクション,Farm Museum Collection,独逸農事図解,第17,http://tify.sub.uni-goettingen.de/demo.html?manifest=https://archdataset.dl.itc.u-tokyo.ac.jp/manifest/edee84e1-1e75-35e7-0f0b-251a0c3d245e.json,edee84e1-1e75-35e7-0f0b-251a0c3d245e,https://iiif.dl.itc.u-tokyo.ac.jp/repo/s/agrifarm,https://iiif.dl.itc.u-tokyo.ac.jp/repo/s/agrifarm/document/edee84e1-1e75-35e7-0f0b-251a0c3d245e,https://creativecommons.org/licenses/by/4.0/,https://iiif.dl.itc.u-tokyo.ac.jp/repo/files/medium/e51a8d2bef3691e28476e5a0da0528748ad47169.jpg,https://iiif.dl.itc.u-tokyo.ac.jp/repo/api/items/541469,"東京大学農学生命科学研究科・農学部 / Graduate School of Agricultural and Life Sciences/Faculty of Agriculture, The University of Tokyo, JAPAN",,,農場博物館コレクション,0018,,https://iiif.dl.itc.u-tokyo.ac.jp/repo/iiif/edee84e1-1e75-35e7-0f0b-251a0c3d245e/manifest,,,,,1
煙草種藝法,タバコ シュゲイホウ,"ファン・カステール訳 ; 平野栄, 鳴門義民校",1875.9,1枚,,,,,農場博物館コレクション,Farm Museum Collection,独逸農事図解,第18,http://tify.sub.uni-goettingen.de/demo.html?manifest=https://archdataset.dl.itc.u-tokyo.ac.jp/manifest/a19e34e5-2f0e-0e87-7b8e-f019ad4080e1.json,a19e34e5-2f0e-0e87-7b8e-f019ad4080e1,https://iiif.dl.itc.u-tokyo.ac.jp/repo/s/agrifarm,https://iiif.dl.itc.u-tokyo.ac.jp/repo/s/agrifarm/document/a19e34e5-2f0e-0e87-7b8e-f019ad4080e1,https://creativecommons.org/licenses/by/4.0/,https://iiif.dl.itc.u-tokyo.ac.jp/repo/files/medium/03acb9ad211f981a71229effd4e0573b740cf497.jpg,https://iiif.dl.itc.u-tokyo.ac.jp/repo/api/items/541468,"東京大学農学生命科学研究科・農学部 / Graduate School of Agricultural and Life Sciences/Faculty of Agriculture, The University of Tokyo, JAPAN",,,農場博物館コレクション,0019,,https://iiif.dl.itc.u-tokyo.ac.jp/repo/iiif/a19e34e5-2f0e-0e87-7b8e-f019ad4080e1/manifest,,,,,1
亜麻種收法,アマ シュシュウホウ,"ファン・カステール訳 ; 平野栄, 鳴門義民校",1875.9,1枚,,,,,農場博物館コレクション,Farm Museum Collection,独逸農事図解,第19,http://tify.sub.uni-goettingen.de/demo.html?manifest=https://archdataset.dl.itc.u-tokyo.ac.jp/manifest/85f86b5e-77ef-1804-7834-1c7938cb68c6.json,85f86b5e-77ef-1804-7834-1c7938cb68c6,https://iiif.dl.itc.u-tokyo.ac.jp/repo/s/agrifarm,https://iiif.dl.itc.u-tokyo.ac.jp/repo/s/agrifarm/document/85f86b5e-77ef-1804-7834-1c7938cb68c6,https://creativecommons.org/licenses/by/4.0/,https://iiif.dl.itc.u-tokyo.ac.jp/repo/files/medium/a6695aef97e5e5604b7b02c6a32c935dca4f7794.jpg,https://iiif.dl.itc.u-tokyo.ac.jp/repo/api/items/541467,"東京大学農学生命科学研究科・農学部 / Graduate School of Agricultural and Life Sciences/Faculty of Agriculture, The University of Tokyo, JAPAN",,,農場博物館コレクション,0020,,https://iiif.dl.itc.u-tokyo.ac.jp/repo/iiif/85f86b5e-77ef-1804-7834-1c7938cb68c6/manifest,,,,,1
甜菜培養法,テンサイ バイヨウホウ,"ファン・カステール訳 ; 平野栄, 鳴門義民校",1875.9,1枚,,,,,農場博物館コレクション,Farm Museum Collection,独逸農事図解,第20,http://tify.sub.uni-goettingen.de/demo.html?manifest=https://archdataset.dl.itc.u-tokyo.ac.jp/manifest/028e4de5-91cb-6fbd-14cb-6ca571106095.json,028e4de5-91cb-6fbd-14cb-6ca571106095,https://iiif.dl.itc.u-tokyo.ac.jp/repo/s/agrifarm,https://iiif.dl.itc.u-tokyo.ac.jp/repo/s/agrifarm/document/028e4de5-91cb-6fbd-14cb-6ca571106095,https://creativecommons.org/licenses/by/4.0/,https://iiif.dl.itc.u-tokyo.ac.jp/repo/files/medium/f9f85047560346c2bf93337e80665b9712bb2638.jpg,https://iiif.dl.itc.u-tokyo.ac.jp/repo/api/items/541466,"東京大学農学生命科学研究科・農学部 / Graduate School of Agricultural and Life Sciences/Faculty of Agriculture, The University of Tokyo, JAPAN",,,農場博物館コレクション,0021,,https://iiif.dl.itc.u-tokyo.ac.jp/repo/iiif/028e4de5-91cb-6fbd-14cb-6ca571106095/manifest,,,,,1
阿利襪栽培法,オリーブ サイバイホウ,"ファン・カステール訳 ; 平野栄, 鳴門義民校",1875.9,1枚,,,,,農場博物館コレクション,Farm Museum Collection,独逸農事図解,第21,http://tify.sub.uni-goettingen.de/demo.html?manifest=https://archdataset.dl.itc.u-tokyo.ac.jp/manifest/70c55363-3a7d-910d-8b87-9cdfed854145.json,70c55363-3a7d-910d-8b87-9cdfed854145,https://iiif.dl.itc.u-tokyo.ac.jp/repo/s/agrifarm,https://iiif.dl.itc.u-tokyo.ac.jp/repo/s/agrifarm/document/70c55363-3a7d-910d-8b87-9cdfed854145,https://creativecommons.org/licenses/by/4.0/,https://iiif.dl.itc.u-tokyo.ac.jp/repo/files/medium/03f47cb9bd7fe7073428ed9d508f05c7d020298f.jpg,https://iiif.dl.itc.u-tokyo.ac.jp/repo/api/items/541465,"東京大学農学生命科学研究科・農学部 / Graduate School of Agricultural and Life Sciences/Faculty of Agriculture, The University of Tokyo, JAPAN",,,農場博物館コレクション,0022,,https://iiif.dl.itc.u-tokyo.ac.jp/repo/iiif/70c55363-3a7d-910d-8b87-9cdfed854145/manifest,,,,,1
庖厨料理法,ホウチュウ リョウリホウ,"ファン・カステール訳 ; 平野栄, 鳴門義民校",1875.9,1枚,,,,,農場博物館コレクション,Farm Museum Collection,独逸農事図解,第22,http://tify.sub.uni-goettingen.de/demo.html?manifest=https://archdataset.dl.itc.u-tokyo.ac.jp/manifest/9af49d83-4ab7-9594-9b5a-1dbf73e55fa3.json,9af49d83-4ab7-9594-9b5a-1dbf73e55fa3,https://iiif.dl.itc.u-tokyo.ac.jp/repo/s/agrifarm,https://iiif.dl.itc.u-tokyo.ac.jp/repo/s/agrifarm/document/9af49d83-4ab7-9594-9b5a-1dbf73e55fa3,https://creativecommons.org/licenses/by/4.0/,https://iiif.dl.itc.u-tokyo.ac.jp/repo/files/medium/8bd2c3db5d7032e3acdce818b6834116ab032aef.jpg,https://iiif.dl.itc.u-tokyo.ac.jp/repo/api/items/541464,"東京大学農学生命科学研究科・農学部 / Graduate School of Agricultural and Life Sciences/Faculty of Agriculture, The University of Tokyo, JAPAN",,,農場博物館コレクション,0023,,https://iiif.dl.itc.u-tokyo.ac.jp/repo/iiif/9af49d83-4ab7-9594-9b5a-1dbf73e55fa3/manifest,,,,,1
牧馬法,ボクバホウ,"ファン・カステール訳 ; 平野栄, 鳴門義民校",1875.9,2枚(上・下),,,,,農場博物館コレクション,Farm Museum Collection,独逸農事図解,"第23, 第24",http://tify.sub.uni-goettingen.de/demo.html?manifest=https://archdataset.dl.itc.u-tokyo.ac.jp/manifest/c09b621f-9bc4-6939-9403-60b8ed900888.json,c09b621f-9bc4-6939-9403-60b8ed900888,https://iiif.dl.itc.u-tokyo.ac.jp/repo/s/agrifarm,https://iiif.dl.itc.u-tokyo.ac.jp/repo/s/agrifarm/document/c09b621f-9bc4-6939-9403-60b8ed900888,https://creativecommons.org/licenses/by/4.0/,https://iiif.dl.itc.u-tokyo.ac.jp/repo/files/medium/7572df62d55a7f305f15273465e429230f939c6e.jpg,https://iiif.dl.itc.u-tokyo.ac.jp/repo/api/items/541463,"東京大学農学生命科学研究科・農学部 / Graduate School of Agricultural and Life Sciences/Faculty of Agriculture, The University of Tokyo, JAPAN",,,農場博物館コレクション,0024,,https://iiif.dl.itc.u-tokyo.ac.jp/repo/iiif/c09b621f-9bc4-6939-9403-60b8ed900888/manifest,,,,,2
養豚法,ヨウトンホウ,"ファン・カステール訳 ; 平野栄, 鳴門義民校",1875.9,1枚,,,,,農場博物館コレクション,Farm Museum Collection,独逸農事図解,第25,http://tify.sub.uni-goettingen.de/demo.html?manifest=https://archdataset.dl.itc.u-tokyo.ac.jp/manifest/9990b3d2-142c-153a-244f-9e1195e1a2ed.json,9990b3d2-142c-153a-244f-9e1195e1a2ed,https://iiif.dl.itc.u-tokyo.ac.jp/repo/s/agrifarm,https://iiif.dl.itc.u-tokyo.ac.jp/repo/s/agrifarm/document/9990b3d2-142c-153a-244f-9e1195e1a2ed,https://creativecommons.org/licenses/by/4.0/,https://iiif.dl.itc.u-tokyo.ac.jp/repo/files/medium/e468582e52e6e57c679b4d97d0137d8d6fdab3df.jpg,https://iiif.dl.itc.u-tokyo.ac.jp/repo/api/items/541462,"東京大学農学生命科学研究科・農学部 / Graduate School of Agricultural and Life Sciences/Faculty of Agriculture, The University of Tokyo, JAPAN",,,農場博物館コレクション,0025,,https://iiif.dl.itc.u-tokyo.ac.jp/repo/iiif/9990b3d2-142c-153a-244f-9e1195e1a2ed/manifest,,,,,1
家禽養法,カキン ヨウホウ,"ファン・カステール訳 ; 平野栄, 鳴門義民校",1875.9,2枚(上・下),,,,,農場博物館コレクション,Farm Museum Collection,独逸農事図解,"第26, 第27",http://tify.sub.uni-goettingen.de/demo.html?manifest=https://archdataset.dl.itc.u-tokyo.ac.jp/manifest/677af5f0-9b08-2d29-8361-51fae07423f8.json,677af5f0-9b08-2d29-8361-51fae07423f8,https://iiif.dl.itc.u-tokyo.ac.jp/repo/s/agrifarm,https://iiif.dl.itc.u-tokyo.ac.jp/repo/s/agrifarm/document/677af5f0-9b08-2d29-8361-51fae07423f8,https://creativecommons.org/licenses/by/4.0/,https://iiif.dl.itc.u-tokyo.ac.jp/repo/files/medium/0444956e37e8c86326f45f8ec9ec267b66c0af34.jpg,https://iiif.dl.itc.u-tokyo.ac.jp/repo/api/items/541461,"東京大学農学生命科学研究科・農学部 / Graduate School of Agricultural and Life Sciences/Faculty of Agriculture, The University of Tokyo, JAPAN",,,農場博物館コレクション,0026,,https://iiif.dl.itc.u-tokyo.ac.jp/repo/iiif/677af5f0-9b08-2d29-8361-51fae07423f8/manifest,,,,,2
牧羊法,ボクヨウホウ,"ファン・カステール訳 ; 平野栄, 鳴門義民校",1875.9,1枚,,,,,農場博物館コレクション,Farm Museum Collection,独逸農事図解,第28,http://tify.sub.uni-goettingen.de/demo.html?manifest=https://archdataset.dl.itc.u-tokyo.ac.jp/manifest/c9b60cec-110d-49af-27b2-b626e6db2b6d.json,c9b60cec-110d-49af-27b2-b626e6db2b6d,https://iiif.dl.itc.u-tokyo.ac.jp/repo/s/agrifarm,https://iiif.dl.itc.u-tokyo.ac.jp/repo/s/agrifarm/document/c9b60cec-110d-49af-27b2-b626e6db2b6d,https://creativecommons.org/licenses/by/4.0/,https://iiif.dl.itc.u-tokyo.ac.jp/repo/files/medium/949fe0155f1fc99be8b78dd5749163916f7ac83a.jpg,https://iiif.dl.itc.u-tokyo.ac.jp/repo/api/items/541460,"東京大学農学生命科学研究科・農学部 / Graduate School of Agricultural and Life Sciences/Faculty of Agriculture, The University of Tokyo, JAPAN",,,農場博物館コレクション,0027,,https://iiif.dl.itc.u-tokyo.ac.jp/repo/iiif/c9b60cec-110d-49af-27b2-b626e6db2b6d/manifest,,,,,1
耕作林木利害諸鳥説,コウサク リンボク リガイ ショチョウセツ,"ファン・カステール訳 ; 平野栄, 鳴門義民校",1875.9,2枚(上・下),,,,,農場博物館コレクション,Farm Museum Collection,独逸農事図解,"第29, 第30",http://tify.sub.uni-goettingen.de/demo.html?manifest=https://archdataset.dl.itc.u-tokyo.ac.jp/manifest/b158db46-60a2-5afc-60ac-c490c60c1c76.json,b158db46-60a2-5afc-60ac-c490c60c1c76,https://iiif.dl.itc.u-tokyo.ac.jp/repo/s/agrifarm,https://iiif.dl.itc.u-tokyo.ac.jp/repo/s/agrifarm/document/b158db46-60a2-5afc-60ac-c490c60c1c76,https://creativecommons.org/licenses/by/4.0/,https://iiif.dl.itc.u-tokyo.ac.jp/repo/files/medium/7f881d6034f3cb9ff00b20efea02c14ba5f07d88.jpg,https://iiif.dl.itc.u-tokyo.ac.jp/repo/api/items/541459,"東京大学農学生命科学研究科・農学部 / Graduate School of Agricultural and Life Sciences/Faculty of Agriculture, The University of Tokyo, JAPAN",,,農場博物館コレクション,0028,,https://iiif.dl.itc.u-tokyo.ac.jp/repo/iiif/b158db46-60a2-5afc-60ac-c490c60c1c76/manifest,,,,,2
接木法並器具,ツギキホウ ナラビニ キグ,"ファン・カステール訳 ; 平野栄, 鳴門義民校",1875.9,1枚,,,,,農場博物館コレクション,Farm Museum Collection,独逸農事図解,附録,http://tify.sub.uni-goettingen.de/demo.html?manifest=https://archdataset.dl.itc.u-tokyo.ac.jp/manifest/b3f41079-8352-54b9-9211-0a01f2ff2b74.json,b3f41079-8352-54b9-9211-0a01f2ff2b74,https://iiif.dl.itc.u-tokyo.ac.jp/repo/s/agrifarm,https://iiif.dl.itc.u-tokyo.ac.jp/repo/s/agrifarm/document/b3f41079-8352-54b9-9211-0a01f2ff2b74,https://creativecommons.org/licenses/by/4.0/,https://iiif.dl.itc.u-tokyo.ac.jp/repo/files/medium/92078dd35c33e7f439f335580d5c57372421515e.jpg,https://iiif.dl.itc.u-tokyo.ac.jp/repo/api/items/541458,"東京大学農学生命科学研究科・農学部 / Graduate School of Agricultural and Life Sciences/Faculty of Agriculture, The University of Tokyo, JAPAN",,,農場博物館コレクション,0029,,https://iiif.dl.itc.u-tokyo.ac.jp/repo/iiif/b3f41079-8352-54b9-9211-0a01f2ff2b74/manifest,,,,,1
[外袋],,,[1876.2],1枚,,,,,農場博物館コレクション,Farm Museum Collection,教草,,http://tify.sub.uni-goettingen.de/demo.html?manifest=https://archdataset.dl.itc.u-tokyo.ac.jp/manifest/0bf46531-0feb-3989-2ca8-c82b988297fd.json,0bf46531-0feb-3989-2ca8-c82b988297fd,https://iiif.dl.itc.u-tokyo.ac.jp/repo/s/agrifarm,https://iiif.dl.itc.u-tokyo.ac.jp/repo/s/agrifarm/document/0bf46531-0feb-3989-2ca8-c82b988297fd,https://creativecommons.org/licenses/by/4.0/,https://iiif.dl.itc.u-tokyo.ac.jp/repo/files/medium/040443bf3a58a0547dfe864fefafdd7bc771190c.jpg,https://iiif.dl.itc.u-tokyo.ac.jp/repo/api/items/541457,"東京大学農学生命科学研究科・農学部 / Graduate School of Agricultural and Life Sciences/Faculty of Agriculture, The University of Tokyo, JAPAN",,,農場博物館コレクション,0101,,https://iiif.dl.itc.u-tokyo.ac.jp/repo/iiif/0bf46531-0feb-3989-2ca8-c82b988297fd/manifest,,,,,2
稻米一覽,イネ コメ イチラン,丹波修治述 ; 溝口月耕畫,1876.2,1枚,,,,,農場博物館コレクション,Farm Museum Collection,教草,第1,http://tify.sub.uni-goettingen.de/demo.html?manifest=https://archdataset.dl.itc.u-tokyo.ac.jp/manifest/e0a205ef-86b9-1393-5beb-3d28240b92a1.json,e0a205ef-86b9-1393-5beb-3d28240b92a1,https://iiif.dl.itc.u-tokyo.ac.jp/repo/s/agrifarm,https://iiif.dl.itc.u-tokyo.ac.jp/repo/s/agrifarm/document/e0a205ef-86b9-1393-5beb-3d28240b92a1,https://creativecommons.org/licenses/by/4.0/,https://iiif.dl.itc.u-tokyo.ac.jp/repo/files/medium/a87e72d10dc2ebc5ed35fb9141bc51440f4551a7.jpg,https://iiif.dl.itc.u-tokyo.ac.jp/repo/api/items/541456,"東京大学農学生命科学研究科・農学部 / Graduate School of Agricultural and Life Sciences/Faculty of Agriculture, The University of Tokyo, JAPAN",,,農場博物館コレクション,0102,,https://iiif.dl.itc.u-tokyo.ac.jp/repo/iiif/e0a205ef-86b9-1393-5beb-3d28240b92a1/manifest,,,,,1
糖製一覽,トウセイ イチラン,安岡百樹録 ; 中嶌仰山圖,1876.2,1枚,,,,,農場博物館コレクション,Farm Museum Collection,教草,第2,http://tify.sub.uni-goettingen.de/demo.html?manifest=https://archdataset.dl.itc.u-tokyo.ac.jp/manifest/56b6150b-5d33-50aa-0fdf-400b76d36b7f.json,56b6150b-5d33-50aa-0fdf-400b76d36b7f,https://iiif.dl.itc.u-tokyo.ac.jp/repo/s/agrifarm,https://iiif.dl.itc.u-tokyo.ac.jp/repo/s/agrifarm/document/56b6150b-5d33-50aa-0fdf-400b76d36b7f,https://creativecommons.org/licenses/by/4.0/,https://iiif.dl.itc.u-tokyo.ac.jp/repo/files/medium/c0f493410cb926d7ee282b673c971d9740f71ecb.jpg,https://iiif.dl.itc.u-tokyo.ac.jp/repo/api/items/541455,"東京大学農学生命科学研究科・農学部 / Graduate School of Agricultural and Life Sciences/Faculty of Agriculture, The University of Tokyo, JAPAN",,,農場博物館コレクション,0103,,https://iiif.dl.itc.u-tokyo.ac.jp/repo/iiif/56b6150b-5d33-50aa-0fdf-400b76d36b7f/manifest,,,,,1
養蠶一覽,ヨウサン イチラン,南部陳撰 ; 宮本三平画,1876.2,1枚,,,,,農場博物館コレクション,Farm Museum Collection,教草,第3,http://tify.sub.uni-goettingen.de/demo.html?manifest=https://archdataset.dl.itc.u-tokyo.ac.jp/manifest/38fc655a-5e12-1422-11f3-723f09b68f31.json,38fc655a-5e12-1422-11f3-723f09b68f31,https://iiif.dl.itc.u-tokyo.ac.jp/repo/s/agrifarm,https://iiif.dl.itc.u-tokyo.ac.jp/repo/s/agrifarm/document/38fc655a-5e12-1422-11f3-723f09b68f31,https://creativecommons.org/licenses/by/4.0/,https://iiif.dl.itc.u-tokyo.ac.jp/repo/files/medium/55fd9c411a566a54fc8853d47b0e36282aa66d26.jpg,https://iiif.dl.itc.u-tokyo.ac.jp/repo/api/items/541454,"東京大学農学生命科学研究科・農学部 / Graduate School of Agricultural and Life Sciences/Faculty of Agriculture, The University of Tokyo, JAPAN",,,農場博物館コレクション,0104,,https://iiif.dl.itc.u-tokyo.ac.jp/repo/iiif/38fc655a-5e12-1422-11f3-723f09b68f31/manifest,,,,,1
生糸一覽,キイト イチラン,信夫粲撰 ; 溝口月耕画,1876.2,1枚,,,,,農場博物館コレクション,Farm Museum Collection,教草,第4,http://tify.sub.uni-goettingen.de/demo.html?manifest=https://archdataset.dl.itc.u-tokyo.ac.jp/manifest/ea0100fa-3279-2cbd-37c4-aec45a9c290a.json,ea0100fa-3279-2cbd-37c4-aec45a9c290a,https://iiif.dl.itc.u-tokyo.ac.jp/repo/s/agrifarm,https://iiif.dl.itc.u-tokyo.ac.jp/repo/s/agrifarm/document/ea0100fa-3279-2cbd-37c4-aec45a9c290a,https://creativecommons.org/licenses/by/4.0/,https://iiif.dl.itc.u-tokyo.ac.jp/repo/files/medium/15b9aefeeece2455d833a0d0fb5f940b5b3b8eed.jpg,https://iiif.dl.itc.u-tokyo.ac.jp/repo/api/items/541453,"東京大学農学生命科学研究科・農学部 / Graduate School of Agricultural and Life Sciences/Faculty of Agriculture, The University of Tokyo, JAPAN",,,農場博物館コレクション,0105,,https://iiif.dl.itc.u-tokyo.ac.jp/repo/iiif/ea0100fa-3279-2cbd-37c4-aec45a9c290a/manifest,,,,,1
葛布一覽,クズフ イチラン,"鶴田清次, 佐々井半十郎撰 ; 中嶋仰山画 ; 鶴田清次校訂",1876.2,1枚,,,,,農場博物館コレクション,Farm Museum Collection,教草,第7,http://tify.sub.uni-goettingen.de/demo.html?manifest=https://archdataset.dl.itc.u-tokyo.ac.jp/manifest/b45ec8ae-8150-0e07-5a2c-534842461bdf.json,b45ec8ae-8150-0e07-5a2c-534842461bdf,https://iiif.dl.itc.u-tokyo.ac.jp/repo/s/agrifarm,https://iiif.dl.itc.u-tokyo.ac.jp/repo/s/agrifarm/document/b45ec8ae-8150-0e07-5a2c-534842461bdf,https://creativecommons.org/licenses/by/4.0/,https://iiif.dl.itc.u-tokyo.ac.jp/repo/files/medium/48a7ac5e4b66bd80f084292103bfe94e8a304f46.jpg,https://iiif.dl.itc.u-tokyo.ac.jp/repo/api/items/541452,"東京大学農学生命科学研究科・農学部 / Graduate School of Agricultural and Life Sciences/Faculty of Agriculture, The University of Tokyo, JAPAN",,,農場博物館コレクション,0106,,https://iiif.dl.itc.u-tokyo.ac.jp/repo/iiif/b45ec8ae-8150-0e07-5a2c-534842461bdf/manifest,,,,,1
草綿一覽,キワタ イチラン,"鶴田清次, 佐々井半十郎撰 ; 中嶋仰山画",1876.2,1枚,,,,,農場博物館コレクション,Farm Museum Collection,教草,第9,http://tify.sub.uni-goettingen.de/demo.html?manifest=https://archdataset.dl.itc.u-tokyo.ac.jp/manifest/ca42ae46-852b-0252-00f5-21532b2f0284.json,ca42ae46-852b-0252-00f5-21532b2f0284,https://iiif.dl.itc.u-tokyo.ac.jp/repo/s/agrifarm,https://iiif.dl.itc.u-tokyo.ac.jp/repo/s/agrifarm/document/ca42ae46-852b-0252-00f5-21532b2f0284,https://creativecommons.org/licenses/by/4.0/,https://iiif.dl.itc.u-tokyo.ac.jp/repo/files/medium/f31f62c6e4b3bd21ba8a9858096a6dcb266b32e9.jpg,https://iiif.dl.itc.u-tokyo.ac.jp/repo/api/items/541451,"東京大学農学生命科学研究科・農学部 / Graduate School of Agricultural and Life Sciences/Faculty of Agriculture, The University of Tokyo, JAPAN",,,農場博物館コレクション,0107,,https://iiif.dl.itc.u-tokyo.ac.jp/repo/iiif/ca42ae46-852b-0252-00f5-21532b2f0284/manifest,,,,,1
索麪一覽,ソウメン イチラン,丹波修治著 ; 溝口月耕畫 ; 小森頼信増訂,1876.3,1枚,,,,,農場博物館コレクション,Farm Museum Collection,教草,第11,http://tify.sub.uni-goettingen.de/demo.html?manifest=https://archdataset.dl.itc.u-tokyo.ac.jp/manifest/08719368-6196-1967-8516-881e2ad272ec.json,08719368-6196-1967-8516-881e2ad272ec,https://iiif.dl.itc.u-tokyo.ac.jp/repo/s/agrifarm,https://iiif.dl.itc.u-tokyo.ac.jp/repo/s/agrifarm/document/08719368-6196-1967-8516-881e2ad272ec,https://creativecommons.org/licenses/by/4.0/,https://iiif.dl.itc.u-tokyo.ac.jp/repo/files/medium/75840e3939010d48da19c6c4c91984b4c2956eda.jpg,https://iiif.dl.itc.u-tokyo.ac.jp/repo/api/items/541450,"東京大学農学生命科学研究科・農学部 / Graduate School of Agricultural and Life Sciences/Faculty of Agriculture, The University of Tokyo, JAPAN",,,農場博物館コレクション,0108,,https://iiif.dl.itc.u-tokyo.ac.jp/repo/iiif/08719368-6196-1967-8516-881e2ad272ec/manifest,,,,,1
製茶一覽,セイチャ イチラン,加藤景孝編述 ; 山高信離校訂 ; 中嶋仰山校圖,1876.2,1枚,,,,,農場博物館コレクション,Farm Museum Collection,教草,第15,http://tify.sub.uni-goettingen.de/demo.html?manifest=https://archdataset.dl.itc.u-tokyo.ac.jp/manifest/5542ed13-6e94-1b4d-18ba-95c0f2857725.json,5542ed13-6e94-1b4d-18ba-95c0f2857725,https://iiif.dl.itc.u-tokyo.ac.jp/repo/s/agrifarm,https://iiif.dl.itc.u-tokyo.ac.jp/repo/s/agrifarm/document/5542ed13-6e94-1b4d-18ba-95c0f2857725,https://creativecommons.org/licenses/by/4.0/,https://iiif.dl.itc.u-tokyo.ac.jp/repo/files/medium/52405ea3694503c60d975548082c8eea0ad56f0f.jpg,https://iiif.dl.itc.u-tokyo.ac.jp/repo/api/items/541449,"東京大学農学生命科学研究科・農学部 / Graduate School of Agricultural and Life Sciences/Faculty of Agriculture, The University of Tokyo, JAPAN",,,農場博物館コレクション,0109,,https://iiif.dl.itc.u-tokyo.ac.jp/repo/iiif/5542ed13-6e94-1b4d-18ba-95c0f2857725/manifest,,,,,1
蠟一覽,ロウ イチラン,武田昌次述 ; 山崎董洤畫,1876.2,1枚,,,,,農場博物館コレクション,Farm Museum Collection,教草,第19,http://tify.sub.uni-goettingen.de/demo.html?manifest=https://archdataset.dl.itc.u-tokyo.ac.jp/manifest/a6d65c34-6b80-5852-921e-3149b544869f.json,a6d65c34-6b80-5852-921e-3149b544869f,https://iiif.dl.itc.u-tokyo.ac.jp/repo/s/agrifarm,https://iiif.dl.itc.u-tokyo.ac.jp/repo/s/agrifarm/document/a6d65c34-6b80-5852-921e-3149b544869f,https://creativecommons.org/licenses/by/4.0/,https://iiif.dl.itc.u-tokyo.ac.jp/repo/files/medium/6ebbfa67bd8e1b87a3f5e859b84c4a99b7d9d421.jpg,https://iiif.dl.itc.u-tokyo.ac.jp/repo/api/items/541448,"東京大学農学生命科学研究科・農学部 / Graduate School of Agricultural and Life Sciences/Faculty of Agriculture, The University of Tokyo, JAPAN",,,農場博物館コレクション,0110,,https://iiif.dl.itc.u-tokyo.ac.jp/repo/iiif/a6d65c34-6b80-5852-921e-3149b544869f/manifest,,,,,1
白柹一覽,ツルシガキ イチラン,山本章夫撰 ; 溝口月耕画,1876.2,1枚,,,,,農場博物館コレクション,Farm Museum Collection,教草,第20,http://tify.sub.uni-goettingen.de/demo.html?manifest=https://archdataset.dl.itc.u-tokyo.ac.jp/manifest/d5c063c3-946c-2c95-5d1c-dbe6acee9686.json,d5c063c3-946c-2c95-5d1c-dbe6acee9686,https://iiif.dl.itc.u-tokyo.ac.jp/repo/s/agrifarm,https://iiif.dl.itc.u-tokyo.ac.jp/repo/s/agrifarm/document/d5c063c3-946c-2c95-5d1c-dbe6acee9686,https://creativecommons.org/licenses/by/4.0/,https://iiif.dl.itc.u-tokyo.ac.jp/repo/files/medium/2b59b20d425cd675aab3e0fd32f10255bad32486.jpg,https://iiif.dl.itc.u-tokyo.ac.jp/repo/api/items/541447,"東京大学農学生命科学研究科・農学部 / Graduate School of Agricultural and Life Sciences/Faculty of Agriculture, The University of Tokyo, JAPAN",,,農場博物館コレクション,0111,,https://iiif.dl.itc.u-tokyo.ac.jp/repo/iiif/d5c063c3-946c-2c95-5d1c-dbe6acee9686/manifest,,,,,1
疊表一覽,タタミオモテ イチラン,山本秀夫述 ; 溝口月耕画,1876.2,1枚,,,,,農場博物館コレクション,Farm Museum Collection,教草,第21,http://tify.sub.uni-goettingen.de/demo.html?manifest=https://archdataset.dl.itc.u-tokyo.ac.jp/manifest/21b0217b-2823-20e2-571c-b8a8ee779068.json,21b0217b-2823-20e2-571c-b8a8ee779068,https://iiif.dl.itc.u-tokyo.ac.jp/repo/s/agrifarm,https://iiif.dl.itc.u-tokyo.ac.jp/repo/s/agrifarm/document/21b0217b-2823-20e2-571c-b8a8ee779068,https://creativecommons.org/licenses/by/4.0/,https://iiif.dl.itc.u-tokyo.ac.jp/repo/files/medium/7f931e0324bdc008878ec620c81e615abea2e4d1.jpg,https://iiif.dl.itc.u-tokyo.ac.jp/repo/api/items/541446,"東京大学農学生命科学研究科・農学部 / Graduate School of Agricultural and Life Sciences/Faculty of Agriculture, The University of Tokyo, JAPAN",,,農場博物館コレクション,0112,,https://iiif.dl.itc.u-tokyo.ac.jp/repo/iiif/21b0217b-2823-20e2-571c-b8a8ee779068/manifest,,,,,1
香蕈一覽,シイタケ イチラン,丹波修治述 ; 溝口月耕画 ; 横川政利増訂,1876.2,1枚,,,,,農場博物館コレクション,Farm Museum Collection,教草,第22,http://tify.sub.uni-goettingen.de/demo.html?manifest=https://archdataset.dl.itc.u-tokyo.ac.jp/manifest/6535085a-0367-411a-9559-17a5c2df1991.json,6535085a-0367-411a-9559-17a5c2df1991,https://iiif.dl.itc.u-tokyo.ac.jp/repo/s/agrifarm,https://iiif.dl.itc.u-tokyo.ac.jp/repo/s/agrifarm/document/6535085a-0367-411a-9559-17a5c2df1991,https://creativecommons.org/licenses/by/4.0/,https://iiif.dl.itc.u-tokyo.ac.jp/repo/files/medium/4b78ca672d74c507d035bc3246c28d19c942218a.jpg,https://iiif.dl.itc.u-tokyo.ac.jp/repo/api/items/541445,"東京大学農学生命科学研究科・農学部 / Graduate School of Agricultural and Life Sciences/Faculty of Agriculture, The University of Tokyo, JAPAN",,,農場博物館コレクション,0113,,https://iiif.dl.itc.u-tokyo.ac.jp/repo/iiif/6535085a-0367-411a-9559-17a5c2df1991/manifest,,,,,1
蜂蜜一覽,ハチミツ イチラン,丹波修治編撰 ; 溝口月耕圖画 ; 小林常賀校訂,1876.2,1枚,,,,,農場博物館コレクション,Farm Museum Collection,教草,第24,http://tify.sub.uni-goettingen.de/demo.html?manifest=https://archdataset.dl.itc.u-tokyo.ac.jp/manifest/e29c4137-1ff0-7009-0fc0-2f0cdbaa8dbd.json,e29c4137-1ff0-7009-0fc0-2f0cdbaa8dbd,https://iiif.dl.itc.u-tokyo.ac.jp/repo/s/agrifarm,https://iiif.dl.itc.u-tokyo.ac.jp/repo/s/agrifarm/document/e29c4137-1ff0-7009-0fc0-2f0cdbaa8dbd,https://creativecommons.org/licenses/by/4.0/,https://iiif.dl.itc.u-tokyo.ac.jp/repo/files/medium/ea3a295485d6ae75b0259ebfa371edb771e63db7.jpg,https://iiif.dl.itc.u-tokyo.ac.jp/repo/api/items/541444,"東京大学農学生命科学研究科・農学部 / Graduate School of Agricultural and Life Sciences/Faculty of Agriculture, The University of Tokyo, JAPAN",,,農場博物館コレクション,0114,,https://iiif.dl.itc.u-tokyo.ac.jp/repo/iiif/e29c4137-1ff0-7009-0fc0-2f0cdbaa8dbd/manifest,,,,,1
油一覽,アブラ イチラン,武田昌次述 ; 服部雪齋画,1876.2,1枚,,,,,農場博物館コレクション,Farm Museum Collection,教草,第25,http://tify.sub.uni-goettingen.de/demo.html?manifest=https://archdataset.dl.itc.u-tokyo.ac.jp/manifest/f1717738-9be8-8282-5c59-b3bc730353e9.json,f1717738-9be8-8282-5c59-b3bc730353e9,https://iiif.dl.itc.u-tokyo.ac.jp/repo/s/agrifarm,https://iiif.dl.itc.u-tokyo.ac.jp/repo/s/agrifarm/document/f1717738-9be8-8282-5c59-b3bc730353e9,https://creativecommons.org/licenses/by/4.0/,https://iiif.dl.itc.u-tokyo.ac.jp/repo/files/medium/4703243389cfebc77eccba4836ac18a8dd4c0cad.jpg,https://iiif.dl.itc.u-tokyo.ac.jp/repo/api/items/541443,"東京大学農学生命科学研究科・農学部 / Graduate School of Agricultural and Life Sciences/Faculty of Agriculture, The University of Tokyo, JAPAN",,,農場博物館コレクション,0115,,https://iiif.dl.itc.u-tokyo.ac.jp/repo/iiif/f1717738-9be8-8282-5c59-b3bc730353e9/manifest,,,,,1
臙脂一覽,エンシ イチラン,"武田昌次述 ; 服部雪齋, 山嵜董洤画",1876.2,1枚,,,,,農場博物館コレクション,Farm Museum Collection,教草,第26,http://tify.sub.uni-goettingen.de/demo.html?manifest=https://archdataset.dl.itc.u-tokyo.ac.jp/manifest/2b418fac-6c99-2474-9dd5-e9f19d684ed7.json,2b418fac-6c99-2474-9dd5-e9f19d684ed7,https://iiif.dl.itc.u-tokyo.ac.jp/repo/s/agrifarm,https://iiif.dl.itc.u-tokyo.ac.jp/repo/s/agrifarm/document/2b418fac-6c99-2474-9dd5-e9f19d684ed7,https://creativecommons.org/licenses/by/4.0/,https://iiif.dl.itc.u-tokyo.ac.jp/repo/files/medium/f1a34bda1338c94c2ce2e4232ed844db7aa2ddbb.jpg,https://iiif.dl.itc.u-tokyo.ac.jp/repo/api/items/541442,"東京大学農学生命科学研究科・農学部 / Graduate School of Agricultural and Life Sciences/Faculty of Agriculture, The University of Tokyo, JAPAN",,,農場博物館コレクション,0116,,https://iiif.dl.itc.u-tokyo.ac.jp/repo/iiif/2b418fac-6c99-2474-9dd5-e9f19d684ed7/manifest,,,,,1
澱粉一覽,クズコ イチラン,武田昌次誌 ; 服部雪齋画,1876.2,2枚(上・下),,,,,農場博物館コレクション,Farm Museum Collection,教草,"第27, 28",http://tify.sub.uni-goettingen.de/demo.html?manifest=https://archdataset.dl.itc.u-tokyo.ac.jp/manifest/9660d869-1768-9427-721a-5f5aab869f52.json,9660d869-1768-9427-721a-5f5aab869f52,https://iiif.dl.itc.u-tokyo.ac.jp/repo/s/agrifarm,https://iiif.dl.itc.u-tokyo.ac.jp/repo/s/agrifarm/document/9660d869-1768-9427-721a-5f5aab869f52,https://creativecommons.org/licenses/by/4.0/,https://iiif.dl.itc.u-tokyo.ac.jp/repo/files/medium/834ea8fd67b358d8f019d9d039424120db6b8497.jpg,https://iiif.dl.itc.u-tokyo.ac.jp/repo/api/items/541441,"東京大学農学生命科学研究科・農学部 / Graduate School of Agricultural and Life Sciences/Faculty of Agriculture, The University of Tokyo, JAPAN",,,農場博物館コレクション,0117,,https://iiif.dl.itc.u-tokyo.ac.jp/repo/iiif/9660d869-1768-9427-721a-5f5aab869f52/manifest,,,,,2
褐腐一覽,コンニャク イチラン,榊原芳野原稿 ; 武田昌次抄録 ; 服部雪齋画圖,1876.2,1枚,,,,,農場博物館コレクション,Farm Museum Collection,教草,第29,http://tify.sub.uni-goettingen.de/demo.html?manifest=https://archdataset.dl.itc.u-tokyo.ac.jp/manifest/635d6e46-1d9b-5151-6945-f707a7677497.json,635d6e46-1d9b-5151-6945-f707a7677497,https://iiif.dl.itc.u-tokyo.ac.jp/repo/s/agrifarm,https://iiif.dl.itc.u-tokyo.ac.jp/repo/s/agrifarm/document/635d6e46-1d9b-5151-6945-f707a7677497,https://creativecommons.org/licenses/by/4.0/,https://iiif.dl.itc.u-tokyo.ac.jp/repo/files/medium/4067498a108cd35c38537ead0034b587087f36b8.jpg,https://iiif.dl.itc.u-tokyo.ac.jp/repo/api/items/541440,"東京大学農学生命科学研究科・農学部 / Graduate School of Agricultural and Life Sciences/Faculty of Agriculture, The University of Tokyo, JAPAN",,,農場博物館コレクション,0118,,https://iiif.dl.itc.u-tokyo.ac.jp/repo/iiif/635d6e46-1d9b-5151-6945-f707a7677497/manifest,,,,,1
豆腐一覽,トウフ イチラン,榊原芳野原稿 ; 武田昌次抄録 ; 服部雪齋畫,1876.2,1枚,,,,,農場博物館コレクション,Farm Museum Collection,教草,第30,http://tify.sub.uni-goettingen.de/demo.html?manifest=https://archdataset.dl.itc.u-tokyo.ac.jp/manifest/1a985acb-2162-416b-6a3f-104093617254.json,1a985acb-2162-416b-6a3f-104093617254,https://iiif.dl.itc.u-tokyo.ac.jp/repo/s/agrifarm,https://iiif.dl.itc.u-tokyo.ac.jp/repo/s/agrifarm/document/1a985acb-2162-416b-6a3f-104093617254,https://creativecommons.org/licenses/by/4.0/,https://iiif.dl.itc.u-tokyo.ac.jp/repo/files/medium/6add93cdc4004d6c197ad7df27716a3d102f64e5.jpg,https://iiif.dl.itc.u-tokyo.ac.jp/repo/api/items/541439,"東京大学農学生命科学研究科・農学部 / Graduate School of Agricultural and Life Sciences/Faculty of Agriculture, The University of Tokyo, JAPAN",,,農場博物館コレクション,0119,,https://iiif.dl.itc.u-tokyo.ac.jp/repo/iiif/1a985acb-2162-416b-6a3f-104093617254/manifest,,,,,1
