タイトル	概要	データのタイトル	データの識別子	著作のタイトル	著作の責任	著作の時期	著作の年	著作の構成	バージョンの責任	バージョンの成立時期	バージョンの成立年	バージョンの技法	バージョンの大きさ（縦×横）	バージョンの行字数	資料化の技法	外題	数量	装訂	大きさ（縦×横）	印記	出所	状態	請求記号	原簿番号	付加的記載	参考文献	資料化の時期	資料化の年	バージョンの成立場所	iiif viewer	ID	ウェブサイトURL	アイテムURL	利用条件	サムネイル	機械可読ドキュメント	帰属	viewingDirection	viewingHint	コレクション	ソート用項目	西暦	IIIFマニフェストURI	IIIF Search API URI	アノテーション付きIIIFマニフェストURI	Link to TAPAS Project	Text with Rich Text Format	# of media
dcterms:title	dcterms:description	uparl:titleOfTheData	uparl:identifierOfTheData	uparl:titleOfTheWork	uparl:responsibilityOfTheWork	uparl:dateOfTheWork	uparl:yearOfTheWork	uparl:constitutionOfTheWork	uparl:responsibilityOfTheVersion	uparl:dateOfTheVersion	uparl:yearOfTheVersion	uparl:techniqueOfTheVersion	uparl:dimensionsOfTheVersion	uparl:linageOfTheVersion	uparl:techniqueOfTheMaterialization	uparl:externalTitle	uparl:quantity	uparl:bibliopegy	uparl:dimensions	uparl:seal	uparl:provenance	uparl:condition	uparl:callNumber	uparl:ledgerNumber	uparl:additionalDescription	uparl:reference	uparl:dateOfTheMaterialization	uparl:yearOfTheMaterialization	uparl:placeOfTheVersion	iiif viewer	bibo:identifier	dcterms:isPartOf	dcterms:relation	dcterms:rights	foaf:thumbnail	rdfs:seeAlso	sc:attributionLabel	sc:viewingDirection	sc:viewingHint	uterms:databaseLabel	uterms:sort	uterms:year	uterms:manifestUri	uterms:searchApiUri	uterms:annotedManifest	uterms:linkToTapas	uterms:rtf	4049
古今歴代十八史略 一 [A004313-01]	中国元時代に刊行された漢籍。南葵文庫。	古今歴代十八史略二巻首一巻 Gujin Lidai Shibashi Lüe 2 juan shou 1 juan 古今历代十八史略二卷首一卷 古今歷代十八史略二卷首一卷	A004313	(巻首題)古今歴代十八史略	(元)曽先之編	南宋末期, 元初期	13-14世紀	首巻, 2巻	勤徳書堂刊	元	13-14世紀	木版	(内框)17.0×11.9cm	15行行26字, 首巻14行行26字	印本	十八史略, 元槧十八史略	2冊	線装, 四針眼釘法	20.1×13.9cm	昌平坂学問所, 東京帝国大学図書印, 琴川, 南葵文庫, 島田氏双桂楼収蔵, 島田重礼, 敬甫, 島田重礼敬甫氏, 双桂書楼	島田重礼旧蔵, 徳川慶喜旧蔵, 東京大学総合図書館所蔵	書き入れあり, 裏打ち修復済み, 虫損あり	A00-4313	B30966						http://tify.sub.uni-goettingen.de/demo.html?manifest=https://archdataset.dl.itc.u-tokyo.ac.jp/manifest/1519c399-d096-4f06-b8a0-f6fc0c14deaa.json	1519c399-d096-4f06-b8a0-f6fc0c14deaa	https://iiif.dl.itc.u-tokyo.ac.jp/repo/s/uparl/	https://iiif.dl.itc.u-tokyo.ac.jp/repo/s/asia/document/1519c399-d096-4f06-b8a0-f6fc0c14deaa	https://www.lib.u-tokyo.ac.jp/ja/library/contents/archives-top/reuse	https://iiif.dl.itc.u-tokyo.ac.jp/repo/files/medium/664eba1af7f0d982c7ec2a2fadad0beec1f96e88.jpg	https://iiif.dl.itc.u-tokyo.ac.jp/repo/api/items/186421	東京大学附属図書館アジア研究図書館上廣倫理財団寄付研究部門 / Uehiro Project for the Asian Research Library in the University of Tokyo, JAPAN	http://iiif.io/api/presentation/2#rightToLeftDirection		漢籍・碑帖拓本資料	A004313-01		https://iiif.dl.itc.u-tokyo.ac.jp/repo/iiif/186421/manifest					100
古今歴代十八史略 二 [A004313-02]	中国元時代に刊行された漢籍。南葵文庫。	古今歴代十八史略二巻首一巻 Gujin Lidai Shibashi Lüe 2 juan shou 1 juan 古今历代十八史略二卷首一卷 古今歷代十八史略二卷首一卷	A004313	(巻首題)古今歴代十八史略	(元)曽先之編	南宋末期, 元初期	13-14世紀	首巻, 2巻	勤徳書堂刊	元	13-14世紀	木版	(内框)17.0×11.9cm	15行行26字, 首巻14行行26字	印本	十八史略, 元槧十八史略	2冊	線装, 四針眼釘法	20.1×13.9cm	昌平坂学問所, 東京帝国大学図書印, 琴川, 南葵文庫, 島田氏双桂楼収蔵, 島田重礼, 敬甫, 島田重礼敬甫氏, 双桂書楼	島田重礼旧蔵, 徳川慶喜旧蔵, 東京大学総合図書館所蔵	書き入れあり, 裏打ち修復済み, 虫損あり	A00-4313	B30966						http://tify.sub.uni-goettingen.de/demo.html?manifest=https://archdataset.dl.itc.u-tokyo.ac.jp/manifest/0670647a-064d-430b-8bce-4b17b859a0dc.json	0670647a-064d-430b-8bce-4b17b859a0dc	https://iiif.dl.itc.u-tokyo.ac.jp/repo/s/uparl/	https://iiif.dl.itc.u-tokyo.ac.jp/repo/s/asia/document/0670647a-064d-430b-8bce-4b17b859a0dc	https://www.lib.u-tokyo.ac.jp/ja/library/contents/archives-top/reuse	https://iiif.dl.itc.u-tokyo.ac.jp/repo/files/medium/a691ed81450b2fd1c71bf7ed8a93cd23bcace22d.jpg	https://iiif.dl.itc.u-tokyo.ac.jp/repo/api/items/186422	東京大学附属図書館アジア研究図書館上廣倫理財団寄付研究部門 / Uehiro Project for the Asian Research Library in the University of Tokyo, JAPAN	http://iiif.io/api/presentation/2#rightToLeftDirection		漢籍・碑帖拓本資料	A004313-02		https://iiif.dl.itc.u-tokyo.ac.jp/repo/iiif/186422/manifest					82
元氏長慶集 四十三至四十六 四十八 [A005824]	中国南宋時代に刊行された漢籍(部分)。青洲文庫。	元氏長慶集残五巻 Yuan Shi Changqing Ji can 5 juan 元氏长庆集残五卷 元氏長慶集殘五卷	A005824	(巻首題)元氏長慶集	(唐)元稹撰		779-831年	60巻		(南宋)孝宗朝, 光宗朝, 寧宗朝*	1162-1224年*	木版	(内框)21.2×14.8cm	13行行23字	印本		1冊	蝴蝶装	25.9×18.2cm	東京帝国大学図書印, 賜蘆文庫, 梅堂経眼, 不忍文庫, 浅野氏章, 子孫世昌, 青洲文庫, 新井文庫	新見正路旧蔵, 浅野長祚旧蔵, 渡辺信旧蔵, 東京大学総合図書館所蔵	巻43-46, 48のみ存する, 裏打ち修復済み	A00-5824	B3295	伊東祐相跋	"*東京大学附属図書館「東京大学総合図書館の漢籍とその旧蔵者たち」<a href=""http://www-old.lib.u-tokyo.ac.jp/tenjikai/tenjikai95/k27.html"" rel=""nofollow"">www-old.lib.u-tokyo.ac.jp/tenjikai/tenjikai95/k27.html</a>"				http://tify.sub.uni-goettingen.de/demo.html?manifest=https://archdataset.dl.itc.u-tokyo.ac.jp/manifest/4e83feb8-f9a8-4275-9263-a7446fb4bf35.json	4e83feb8-f9a8-4275-9263-a7446fb4bf35	https://iiif.dl.itc.u-tokyo.ac.jp/repo/s/uparl/	https://iiif.dl.itc.u-tokyo.ac.jp/repo/s/asia/document/4e83feb8-f9a8-4275-9263-a7446fb4bf35	https://www.lib.u-tokyo.ac.jp/ja/library/contents/archives-top/reuse	https://iiif.dl.itc.u-tokyo.ac.jp/repo/files/medium/a7b464a55cd98b53e56b0dc4c3d4149f570fa34c.jpg	https://iiif.dl.itc.u-tokyo.ac.jp/repo/api/items/186423	東京大学附属図書館アジア研究図書館上廣倫理財団寄付研究部門 / Uehiro Project for the Asian Research Library in the University of Tokyo, JAPAN	http://iiif.io/api/presentation/2#rightToLeftDirection		漢籍・碑帖拓本資料	A005824-00		https://iiif.dl.itc.u-tokyo.ac.jp/repo/iiif/186423/manifest					31
増広竜龕手鑑 一 [A005902-01]	日本古活字本の漢籍。南葵文庫。	増広竜龕手鑑八巻 Zengguang Longkan Shoujian 8 juan 增广龙龛手鉴八卷 增廣龍龕手鑑八卷	A005902	(巻首題)竜龕手鑑, (巻六首題)増広竜龕手鑑	(遼)行均撰	(遼)統和15年	997年	8巻		(日本)元和年間	1615-1624年	古活字版	(内框)23.0×16.9cm	10行行16字	印本		7冊	線装, 四針眼釘法	27.0×19.8cm	東京帝国大学図書印, 紀伊徳川南葵文庫, 陽春廬記	小中村清矩旧蔵, 徳川慶喜旧蔵, 東京大学総合図書館所蔵	虫損あり, シミあり	A00-5902	B45901			(日本)元和年間	1615-1624年		http://tify.sub.uni-goettingen.de/demo.html?manifest=https://archdataset.dl.itc.u-tokyo.ac.jp/manifest/01651af9-fad6-4902-afb0-de0b2e89f669.json	01651af9-fad6-4902-afb0-de0b2e89f669	https://iiif.dl.itc.u-tokyo.ac.jp/repo/s/uparl/	https://iiif.dl.itc.u-tokyo.ac.jp/repo/s/asia/document/01651af9-fad6-4902-afb0-de0b2e89f669	https://www.lib.u-tokyo.ac.jp/ja/library/contents/archives-top/reuse	https://iiif.dl.itc.u-tokyo.ac.jp/repo/files/medium/c9ca194be7fa9e53f8655b7042524a24d4bba30d.jpg	https://iiif.dl.itc.u-tokyo.ac.jp/repo/api/items/186424	東京大学附属図書館アジア研究図書館上廣倫理財団寄付研究部門 / Uehiro Project for the Asian Research Library in the University of Tokyo, JAPAN	http://iiif.io/api/presentation/2#rightToLeftDirection		漢籍・碑帖拓本資料	A005902-01		https://iiif.dl.itc.u-tokyo.ac.jp/repo/iiif/186424/manifest					81
増広竜龕手鑑 二 [A005902-02]	日本古活字本の漢籍。南葵文庫。	増広竜龕手鑑八巻 Zengguang Longkan Shoujian 8 juan 增广龙龛手鉴八卷 增廣龍龕手鑑八卷	A005902	(巻首題)竜龕手鑑, (巻六首題)増広竜龕手鑑	(遼)行均撰	(遼)統和15年	997年	8巻		(日本)元和年間	1615-1624年	古活字版	(内框)23.0×16.9cm	10行行16字	印本		7冊	線装, 四針眼釘法	27.0×19.8cm	東京帝国大学図書印, 紀伊徳川南葵文庫, 陽春廬記	小中村清矩旧蔵, 徳川慶喜旧蔵, 東京大学総合図書館所蔵	虫損あり, シミあり	A00-5902	B45901			(日本)元和年間	1615-1624年		http://tify.sub.uni-goettingen.de/demo.html?manifest=https://archdataset.dl.itc.u-tokyo.ac.jp/manifest/d794becc-5366-4baa-b1fa-925f238c9757.json	d794becc-5366-4baa-b1fa-925f238c9757	https://iiif.dl.itc.u-tokyo.ac.jp/repo/s/uparl/	https://iiif.dl.itc.u-tokyo.ac.jp/repo/s/asia/document/d794becc-5366-4baa-b1fa-925f238c9757	https://www.lib.u-tokyo.ac.jp/ja/library/contents/archives-top/reuse	https://iiif.dl.itc.u-tokyo.ac.jp/repo/files/medium/376fbb320dcd0d78af3e6401fb4eb1619ec6f247.jpg	https://iiif.dl.itc.u-tokyo.ac.jp/repo/api/items/186425	東京大学附属図書館アジア研究図書館上廣倫理財団寄付研究部門 / Uehiro Project for the Asian Research Library in the University of Tokyo, JAPAN	http://iiif.io/api/presentation/2#rightToLeftDirection		漢籍・碑帖拓本資料	A005902-02		https://iiif.dl.itc.u-tokyo.ac.jp/repo/iiif/186425/manifest					78
増広竜龕手鑑 三 [A005902-03]	日本古活字本の漢籍。南葵文庫。	増広竜龕手鑑八巻 Zengguang Longkan Shoujian 8 juan 增广龙龛手鉴八卷 增廣龍龕手鑑八卷	A005902	(巻首題)竜龕手鑑, (巻六首題)増広竜龕手鑑	(遼)行均撰	(遼)統和15年	997年	8巻		(日本)元和年間	1615-1624年	古活字版	(内框)23.0×16.9cm	10行行16字	印本		7冊	線装, 四針眼釘法	27.0×19.8cm	東京帝国大学図書印, 紀伊徳川南葵文庫, 陽春廬記	小中村清矩旧蔵, 徳川慶喜旧蔵, 東京大学総合図書館所蔵	虫損あり, シミあり	A00-5902	B45901			(日本)元和年間	1615-1624年		http://tify.sub.uni-goettingen.de/demo.html?manifest=https://archdataset.dl.itc.u-tokyo.ac.jp/manifest/2c45cdd0-2f49-4774-aad9-4c51d889c0be.json	2c45cdd0-2f49-4774-aad9-4c51d889c0be	https://iiif.dl.itc.u-tokyo.ac.jp/repo/s/uparl/	https://iiif.dl.itc.u-tokyo.ac.jp/repo/s/asia/document/2c45cdd0-2f49-4774-aad9-4c51d889c0be	https://www.lib.u-tokyo.ac.jp/ja/library/contents/archives-top/reuse	https://iiif.dl.itc.u-tokyo.ac.jp/repo/files/medium/d1b06c53d9e4606abbbdacecbab604bf205fba36.jpg	https://iiif.dl.itc.u-tokyo.ac.jp/repo/api/items/186426	東京大学附属図書館アジア研究図書館上廣倫理財団寄付研究部門 / Uehiro Project for the Asian Research Library in the University of Tokyo, JAPAN	http://iiif.io/api/presentation/2#rightToLeftDirection		漢籍・碑帖拓本資料	A005902-03		https://iiif.dl.itc.u-tokyo.ac.jp/repo/iiif/186426/manifest					95
増広竜龕手鑑 四 [A005902-04]	日本古活字本の漢籍。南葵文庫。	増広竜龕手鑑八巻 Zengguang Longkan Shoujian 8 juan 增广龙龛手鉴八卷 增廣龍龕手鑑八卷	A005902	(巻首題)竜龕手鑑, (巻六首題)増広竜龕手鑑	(遼)行均撰	(遼)統和15年	997年	8巻		(日本)元和年間	1615-1624年	古活字版	(内框)23.0×16.9cm	10行行16字	印本		7冊	線装, 四針眼釘法	27.0×19.8cm	東京帝国大学図書印, 紀伊徳川南葵文庫, 陽春廬記	小中村清矩旧蔵, 徳川慶喜旧蔵, 東京大学総合図書館所蔵	虫損あり, シミあり	A00-5902	B45901			(日本)元和年間	1615-1624年		http://tify.sub.uni-goettingen.de/demo.html?manifest=https://archdataset.dl.itc.u-tokyo.ac.jp/manifest/e02e9f81-fa2a-4d76-b916-371e6d50b9ed.json	e02e9f81-fa2a-4d76-b916-371e6d50b9ed	https://iiif.dl.itc.u-tokyo.ac.jp/repo/s/uparl/	https://iiif.dl.itc.u-tokyo.ac.jp/repo/s/asia/document/e02e9f81-fa2a-4d76-b916-371e6d50b9ed	https://www.lib.u-tokyo.ac.jp/ja/library/contents/archives-top/reuse	https://iiif.dl.itc.u-tokyo.ac.jp/repo/files/medium/572508121d128052ec32491cada92a5a213e2d69.jpg	https://iiif.dl.itc.u-tokyo.ac.jp/repo/api/items/186427	東京大学附属図書館アジア研究図書館上廣倫理財団寄付研究部門 / Uehiro Project for the Asian Research Library in the University of Tokyo, JAPAN	http://iiif.io/api/presentation/2#rightToLeftDirection		漢籍・碑帖拓本資料	A005902-04		https://iiif.dl.itc.u-tokyo.ac.jp/repo/iiif/186427/manifest					94
増広竜龕手鑑 五 [A005902-05]	日本古活字本の漢籍。南葵文庫。	増広竜龕手鑑八巻 Zengguang Longkan Shoujian 8 juan 增广龙龛手鉴八卷 增廣龍龕手鑑八卷	A005902	(巻首題)竜龕手鑑, (巻六首題)増広竜龕手鑑	(遼)行均撰	(遼)統和15年	997年	8巻		(日本)元和年間	1615-1624年	古活字版	(内框)23.0×16.9cm	10行行16字	印本		7冊	線装, 四針眼釘法	27.0×19.8cm	東京帝国大学図書印, 紀伊徳川南葵文庫, 陽春廬記	小中村清矩旧蔵, 徳川慶喜旧蔵, 東京大学総合図書館所蔵	虫損あり, シミあり	A00-5902	B45901			(日本)元和年間	1615-1624年		http://tify.sub.uni-goettingen.de/demo.html?manifest=https://archdataset.dl.itc.u-tokyo.ac.jp/manifest/ce28884f-5a96-4d46-8a8a-9fe623789e1c.json	ce28884f-5a96-4d46-8a8a-9fe623789e1c	https://iiif.dl.itc.u-tokyo.ac.jp/repo/s/uparl/	https://iiif.dl.itc.u-tokyo.ac.jp/repo/s/asia/document/ce28884f-5a96-4d46-8a8a-9fe623789e1c	https://www.lib.u-tokyo.ac.jp/ja/library/contents/archives-top/reuse	https://iiif.dl.itc.u-tokyo.ac.jp/repo/files/medium/6dab5c87d7abfd36897a7c710f2ca816bfc3efbc.jpg	https://iiif.dl.itc.u-tokyo.ac.jp/repo/api/items/186428	東京大学附属図書館アジア研究図書館上廣倫理財団寄付研究部門 / Uehiro Project for the Asian Research Library in the University of Tokyo, JAPAN	http://iiif.io/api/presentation/2#rightToLeftDirection		漢籍・碑帖拓本資料	A005902-05		https://iiif.dl.itc.u-tokyo.ac.jp/repo/iiif/186428/manifest					106
増広竜龕手鑑 六 七 [A005902-06]	日本古活字本の漢籍。南葵文庫。	増広竜龕手鑑八巻 Zengguang Longkan Shoujian 8 juan 增广龙龛手鉴八卷 增廣龍龕手鑑八卷	A005902	(巻首題)竜龕手鑑, (巻六首題)増広竜龕手鑑	(遼)行均撰	(遼)統和15年	997年	8巻		(日本)元和年間	1615-1624年	古活字版	(内框)23.0×16.9cm	10行行16字	印本		7冊	線装, 四針眼釘法	27.0×19.8cm	東京帝国大学図書印, 紀伊徳川南葵文庫, 陽春廬記	小中村清矩旧蔵, 徳川慶喜旧蔵, 東京大学総合図書館所蔵	虫損あり, シミあり	A00-5902	B45901			(日本)元和年間	1615-1624年		http://tify.sub.uni-goettingen.de/demo.html?manifest=https://archdataset.dl.itc.u-tokyo.ac.jp/manifest/f49833d4-dd9c-4dac-ae9d-2fde833954cc.json	f49833d4-dd9c-4dac-ae9d-2fde833954cc	https://iiif.dl.itc.u-tokyo.ac.jp/repo/s/uparl/	https://iiif.dl.itc.u-tokyo.ac.jp/repo/s/asia/document/f49833d4-dd9c-4dac-ae9d-2fde833954cc	https://www.lib.u-tokyo.ac.jp/ja/library/contents/archives-top/reuse	https://iiif.dl.itc.u-tokyo.ac.jp/repo/files/medium/3e0e4cceb7f67b2a654e0ca190209e829893a461.jpg	https://iiif.dl.itc.u-tokyo.ac.jp/repo/api/items/186429	東京大学附属図書館アジア研究図書館上廣倫理財団寄付研究部門 / Uehiro Project for the Asian Research Library in the University of Tokyo, JAPAN	http://iiif.io/api/presentation/2#rightToLeftDirection		漢籍・碑帖拓本資料	A005902-06		https://iiif.dl.itc.u-tokyo.ac.jp/repo/iiif/186429/manifest					102
増広竜龕手鑑 八 [A005902-07]	日本古活字本の漢籍。南葵文庫。	増広竜龕手鑑八巻 Zengguang Longkan Shoujian 8 juan 增广龙龛手鉴八卷 增廣龍龕手鑑八卷	A005902	(巻首題)竜龕手鑑, (巻六首題)増広竜龕手鑑	(遼)行均撰	(遼)統和15年	997年	8巻		(日本)元和年間	1615-1624年	古活字版	(内框)23.0×16.9cm	10行行16字	印本		7冊	線装, 四針眼釘法	27.0×19.8cm	東京帝国大学図書印, 紀伊徳川南葵文庫, 陽春廬記	小中村清矩旧蔵, 徳川慶喜旧蔵, 東京大学総合図書館所蔵	虫損あり, シミあり	A00-5902	B45901			(日本)元和年間	1615-1624年		http://tify.sub.uni-goettingen.de/demo.html?manifest=https://archdataset.dl.itc.u-tokyo.ac.jp/manifest/5cab7665-69a3-4729-9f49-5172d4941629.json	5cab7665-69a3-4729-9f49-5172d4941629	https://iiif.dl.itc.u-tokyo.ac.jp/repo/s/uparl/	https://iiif.dl.itc.u-tokyo.ac.jp/repo/s/asia/document/5cab7665-69a3-4729-9f49-5172d4941629	https://www.lib.u-tokyo.ac.jp/ja/library/contents/archives-top/reuse	https://iiif.dl.itc.u-tokyo.ac.jp/repo/files/medium/390e62ac6bb73079d3e0ff232391526d56cab7d1.jpg	https://iiif.dl.itc.u-tokyo.ac.jp/repo/api/items/186430	東京大学附属図書館アジア研究図書館上廣倫理財団寄付研究部門 / Uehiro Project for the Asian Research Library in the University of Tokyo, JAPAN	http://iiif.io/api/presentation/2#rightToLeftDirection		漢籍・碑帖拓本資料	A005902-07		https://iiif.dl.itc.u-tokyo.ac.jp/repo/iiif/186430/manifest					101
阿毘達磨大毘婆沙論 一百一十三 [A006036-01]	中国南宋時代に刊行された仏教経典(部分)。青洲文庫。	宋版大蔵経零本五巻 Song ban Dazangjing lingben 5 juan 宋版大藏经零本五卷 宋版大藏經零本五卷	A006036						円覚禅院刊	(南宋)紹興2年*	1132年*	木版	(内框)24.5×11.4cm	6行行17字	印本	阿毘達磨大毘婆沙論巻第一百一十三, 中阿含経二十五(零本), 法華文句科第三(零本), 曇無徳部四分律刪補随機羯磨中(零本), 涅槃経疏三徳指帰巻第十五(零本)	5帖	折帖装	30.8×11.6cm	東京帝国大学図書印, 金沢文庫	渡辺信旧蔵**, 東京大学総合図書館所蔵	阿毘達磨大毘婆沙論巻第一百一十三, 中阿含経二十五残, 法華文句科第三残 曇無徳部四分律刪補随機羯磨中残, 涅槃経疏三徳指帰巻第十五残のみ存する, 裏打ち修復済み	A00-6036	B7874	藤原時朝識語	"*上杉智英「思渓版大蔵経研究の回顧と課題」, 『印度學佛教學研究』65巻1号, pp.170-175, 2016<a href=""#//doi.org/10.4259/ibk.65.1_170"" rel=""nofollow"">https://doi.org/10.4259/ibk.65.1_170</a>, **東京大学附属図書館「東京大学総合図書館の漢籍とその旧蔵者たち」<a href=""http://www-old.lib.u-tokyo.ac.jp/tenjikai/tenjikai95/k26.html"" rel=""nofollow"">www-old.lib.u-tokyo.ac.jp/tenjikai/tenjikai95/k26.html</a>"			湖州帰安県思渓邨**	http://tify.sub.uni-goettingen.de/demo.html?manifest=https://archdataset.dl.itc.u-tokyo.ac.jp/manifest/630f2331-35b2-41fb-8361-1f851900decc.json	630f2331-35b2-41fb-8361-1f851900decc	https://iiif.dl.itc.u-tokyo.ac.jp/repo/s/uparl/	https://iiif.dl.itc.u-tokyo.ac.jp/repo/s/asia/document/630f2331-35b2-41fb-8361-1f851900decc	https://www.lib.u-tokyo.ac.jp/ja/library/contents/archives-top/reuse	https://iiif.dl.itc.u-tokyo.ac.jp/repo/files/medium/680e1a279a87f508f61c8b07efd1b15246fb0c2a.jpg	https://iiif.dl.itc.u-tokyo.ac.jp/repo/api/items/186431	東京大学附属図書館アジア研究図書館上廣倫理財団寄付研究部門 / Uehiro Project for the Asian Research Library in the University of Tokyo, JAPAN	http://iiif.io/api/presentation/2#rightToLeftDirection		漢籍・碑帖拓本資料	A006036-01		https://iiif.dl.itc.u-tokyo.ac.jp/repo/iiif/186431/manifest					48
中阿含経 二十五残 [A006036-02]	中国南宋時代に刊行された仏教経典(部分)。青洲文庫。	宋版大蔵経零本五巻 Song ban Dazangjing lingben 5 juan 宋版大藏经零本五卷 宋版大藏經零本五卷	A006036						円覚禅院刊	(南宋)紹興2年*	1132年*	木版	(内框)24.5×11.4cm	6行行17字	印本	阿毘達磨大毘婆沙論巻第一百一十三, 中阿含経二十五(零本), 法華文句科第三(零本), 曇無徳部四分律刪補随機羯磨中(零本), 涅槃経疏三徳指帰巻第十五(零本)	5帖	折帖装	30.8×11.6cm	東京帝国大学図書印, 金沢文庫	渡辺信旧蔵**, 東京大学総合図書館所蔵	阿毘達磨大毘婆沙論巻第一百一十三, 中阿含経二十五残, 法華文句科第三残 曇無徳部四分律刪補随機羯磨中残, 涅槃経疏三徳指帰巻第十五残のみ存する, 裏打ち修復済み	A00-6036	B7874	藤原時朝識語	"*上杉智英「思渓版大蔵経研究の回顧と課題」, 『印度學佛教學研究』65巻1号, pp.170-175, 2016<a href=""#//doi.org/10.4259/ibk.65.1_170"" rel=""nofollow"">https://doi.org/10.4259/ibk.65.1_170</a>, **東京大学附属図書館「東京大学総合図書館の漢籍とその旧蔵者たち」<a href=""http://www-old.lib.u-tokyo.ac.jp/tenjikai/tenjikai95/k26.html"" rel=""nofollow"">www-old.lib.u-tokyo.ac.jp/tenjikai/tenjikai95/k26.html</a>"			湖州帰安県思渓邨**	http://tify.sub.uni-goettingen.de/demo.html?manifest=https://archdataset.dl.itc.u-tokyo.ac.jp/manifest/74acc129-a97a-4ce4-8790-b0cdc745bafc.json	74acc129-a97a-4ce4-8790-b0cdc745bafc	https://iiif.dl.itc.u-tokyo.ac.jp/repo/s/uparl/	https://iiif.dl.itc.u-tokyo.ac.jp/repo/s/asia/document/74acc129-a97a-4ce4-8790-b0cdc745bafc	https://www.lib.u-tokyo.ac.jp/ja/library/contents/archives-top/reuse	https://iiif.dl.itc.u-tokyo.ac.jp/repo/files/medium/fafa24ff6e558f0bd28c8145110d03e7e8a5cb43.jpg	https://iiif.dl.itc.u-tokyo.ac.jp/repo/api/items/186432	東京大学附属図書館アジア研究図書館上廣倫理財団寄付研究部門 / Uehiro Project for the Asian Research Library in the University of Tokyo, JAPAN	http://iiif.io/api/presentation/2#rightToLeftDirection		漢籍・碑帖拓本資料	A006036-02		https://iiif.dl.itc.u-tokyo.ac.jp/repo/iiif/186432/manifest					6
法華文句科 三残 [A006036-03]	中国南宋時代に刊行された仏教経典(部分)。青洲文庫。	宋版大蔵経零本五巻 Song ban Dazangjing lingben 5 juan 宋版大藏经零本五卷 宋版大藏經零本五卷	A006036						円覚禅院刊	(南宋)紹興2年*	1132年*	木版	(内框)24.5×11.4cm	6行行17字	印本	阿毘達磨大毘婆沙論巻第一百一十三, 中阿含経二十五(零本), 法華文句科第三(零本), 曇無徳部四分律刪補随機羯磨中(零本), 涅槃経疏三徳指帰巻第十五(零本)	5帖	折帖装	30.8×11.6cm	東京帝国大学図書印, 金沢文庫	渡辺信旧蔵**, 東京大学総合図書館所蔵	阿毘達磨大毘婆沙論巻第一百一十三, 中阿含経二十五残, 法華文句科第三残 曇無徳部四分律刪補随機羯磨中残, 涅槃経疏三徳指帰巻第十五残のみ存する, 裏打ち修復済み	A00-6036	B7874	藤原時朝識語	"*上杉智英「思渓版大蔵経研究の回顧と課題」, 『印度學佛教學研究』65巻1号, pp.170-175, 2016<a href=""#//doi.org/10.4259/ibk.65.1_170"" rel=""nofollow"">https://doi.org/10.4259/ibk.65.1_170</a>, **東京大学附属図書館「東京大学総合図書館の漢籍とその旧蔵者たち」<a href=""http://www-old.lib.u-tokyo.ac.jp/tenjikai/tenjikai95/k26.html"" rel=""nofollow"">www-old.lib.u-tokyo.ac.jp/tenjikai/tenjikai95/k26.html</a>"			湖州帰安県思渓邨**	http://tify.sub.uni-goettingen.de/demo.html?manifest=https://archdataset.dl.itc.u-tokyo.ac.jp/manifest/437f2dbf-0233-4cf0-9d9b-e8ceb0fe451b.json	437f2dbf-0233-4cf0-9d9b-e8ceb0fe451b	https://iiif.dl.itc.u-tokyo.ac.jp/repo/s/uparl/	https://iiif.dl.itc.u-tokyo.ac.jp/repo/s/asia/document/437f2dbf-0233-4cf0-9d9b-e8ceb0fe451b	https://www.lib.u-tokyo.ac.jp/ja/library/contents/archives-top/reuse	https://iiif.dl.itc.u-tokyo.ac.jp/repo/files/medium/fe0f96655340051d37c09368ec6d64d34f9e6123.jpg	https://iiif.dl.itc.u-tokyo.ac.jp/repo/api/items/186433	東京大学附属図書館アジア研究図書館上廣倫理財団寄付研究部門 / Uehiro Project for the Asian Research Library in the University of Tokyo, JAPAN	http://iiif.io/api/presentation/2#rightToLeftDirection		漢籍・碑帖拓本資料	A006036-03		https://iiif.dl.itc.u-tokyo.ac.jp/repo/iiif/186433/manifest					12
曇無徳部四分律刪補随機羯磨 中残 [A006036-04]	中国南宋時代に刊行された仏教経典(部分)。青洲文庫。	宋版大蔵経零本五巻 Song ban Dazangjing lingben 5 juan 宋版大藏经零本五卷 宋版大藏經零本五卷	A006036						円覚禅院刊	(南宋)紹興2年*	1132年*	木版	(内框)24.5×11.4cm	6行行17字	印本	阿毘達磨大毘婆沙論巻第一百一十三, 中阿含経二十五(零本), 法華文句科第三(零本), 曇無徳部四分律刪補随機羯磨中(零本), 涅槃経疏三徳指帰巻第十五(零本)	5帖	折帖装	30.8×11.6cm	東京帝国大学図書印, 金沢文庫	渡辺信旧蔵**, 東京大学総合図書館所蔵	阿毘達磨大毘婆沙論巻第一百一十三, 中阿含経二十五残, 法華文句科第三残 曇無徳部四分律刪補随機羯磨中残, 涅槃経疏三徳指帰巻第十五残のみ存する, 裏打ち修復済み	A00-6036	B7874	藤原時朝識語	"*上杉智英「思渓版大蔵経研究の回顧と課題」, 『印度學佛教學研究』65巻1号, pp.170-175, 2016<a href=""#//doi.org/10.4259/ibk.65.1_170"" rel=""nofollow"">https://doi.org/10.4259/ibk.65.1_170</a>, **東京大学附属図書館「東京大学総合図書館の漢籍とその旧蔵者たち」<a href=""http://www-old.lib.u-tokyo.ac.jp/tenjikai/tenjikai95/k26.html"" rel=""nofollow"">www-old.lib.u-tokyo.ac.jp/tenjikai/tenjikai95/k26.html</a>"			湖州帰安県思渓邨**	http://tify.sub.uni-goettingen.de/demo.html?manifest=https://archdataset.dl.itc.u-tokyo.ac.jp/manifest/94188fa6-e976-4168-bcb7-26e441e1cc7f.json	94188fa6-e976-4168-bcb7-26e441e1cc7f	https://iiif.dl.itc.u-tokyo.ac.jp/repo/s/uparl/	https://iiif.dl.itc.u-tokyo.ac.jp/repo/s/asia/document/94188fa6-e976-4168-bcb7-26e441e1cc7f	https://www.lib.u-tokyo.ac.jp/ja/library/contents/archives-top/reuse	https://iiif.dl.itc.u-tokyo.ac.jp/repo/files/medium/dd18dcb3d658cd0c0237ad13dec9b118f09dba6c.jpg	https://iiif.dl.itc.u-tokyo.ac.jp/repo/api/items/186434	東京大学附属図書館アジア研究図書館上廣倫理財団寄付研究部門 / Uehiro Project for the Asian Research Library in the University of Tokyo, JAPAN	http://iiif.io/api/presentation/2#rightToLeftDirection		漢籍・碑帖拓本資料	A006036-04		https://iiif.dl.itc.u-tokyo.ac.jp/repo/iiif/186434/manifest					5
涅槃経疏三徳指帰 十五残 [A006036-05]	中国南宋時代に刊行された仏教経典(部分)。青洲文庫。	宋版大蔵経零本五巻 Song ban Dazangjing lingben 5 juan 宋版大藏经零本五卷 宋版大藏經零本五卷	A006036						円覚禅院刊	(南宋)紹興2年*	1132年*	木版	(内框)24.5×11.4cm	6行行17字	印本	阿毘達磨大毘婆沙論巻第一百一十三, 中阿含経二十五(零本), 法華文句科第三(零本), 曇無徳部四分律刪補随機羯磨中(零本), 涅槃経疏三徳指帰巻第十五(零本)	5帖	折帖装	30.8×11.6cm	東京帝国大学図書印, 金沢文庫	渡辺信旧蔵**, 東京大学総合図書館所蔵	阿毘達磨大毘婆沙論巻第一百一十三, 中阿含経二十五残, 法華文句科第三残 曇無徳部四分律刪補随機羯磨中残, 涅槃経疏三徳指帰巻第十五残のみ存する, 裏打ち修復済み	A00-6036	B7874	藤原時朝識語	"*上杉智英「思渓版大蔵経研究の回顧と課題」, 『印度學佛教學研究』65巻1号, pp.170-175, 2016<a href=""#//doi.org/10.4259/ibk.65.1_170"" rel=""nofollow"">https://doi.org/10.4259/ibk.65.1_170</a>, **東京大学附属図書館「東京大学総合図書館の漢籍とその旧蔵者たち」<a href=""http://www-old.lib.u-tokyo.ac.jp/tenjikai/tenjikai95/k26.html"" rel=""nofollow"">www-old.lib.u-tokyo.ac.jp/tenjikai/tenjikai95/k26.html</a>"			湖州帰安県思渓邨**	http://tify.sub.uni-goettingen.de/demo.html?manifest=https://archdataset.dl.itc.u-tokyo.ac.jp/manifest/8e4d3d09-9304-4001-91fe-883e2359620b.json	8e4d3d09-9304-4001-91fe-883e2359620b	https://iiif.dl.itc.u-tokyo.ac.jp/repo/s/uparl/	https://iiif.dl.itc.u-tokyo.ac.jp/repo/s/asia/document/8e4d3d09-9304-4001-91fe-883e2359620b	https://www.lib.u-tokyo.ac.jp/ja/library/contents/archives-top/reuse	https://iiif.dl.itc.u-tokyo.ac.jp/repo/files/medium/59861b88ee3c3e33666e9eb6bec35752a93632db.jpg	https://iiif.dl.itc.u-tokyo.ac.jp/repo/api/items/186435	東京大学附属図書館アジア研究図書館上廣倫理財団寄付研究部門 / Uehiro Project for the Asian Research Library in the University of Tokyo, JAPAN	http://iiif.io/api/presentation/2#rightToLeftDirection		漢籍・碑帖拓本資料	A006036-05		https://iiif.dl.itc.u-tokyo.ac.jp/repo/iiif/186435/manifest					7
論語集解 三残 四 七 八 [A006296]	日本で筆写された漢籍。青洲文庫。	論語集解残四巻 Lunyu Jijie can 4 juan 论语集解残四卷 論語集解殘四卷	A006296	(巻首題)論語	(魏)何晏集解	魏	195-249年	10巻							写本	論語集解	1冊	線装, 四針眼釘法	30.8×11.6cm	青洲文庫, 東京帝国大学図書印	渡辺信旧蔵, 東京大学総合図書館所蔵	巻3-4, 7-8のみ存する, 巻3の前半を欠く, 2冊を1冊に改装済み, 虫損あり	A00-6296	B7874						http://tify.sub.uni-goettingen.de/demo.html?manifest=https://archdataset.dl.itc.u-tokyo.ac.jp/manifest/2a6d66d5-2dbd-4c60-9217-7033c73392ad.json	2a6d66d5-2dbd-4c60-9217-7033c73392ad	https://iiif.dl.itc.u-tokyo.ac.jp/repo/s/uparl/	https://iiif.dl.itc.u-tokyo.ac.jp/repo/s/asia/document/2a6d66d5-2dbd-4c60-9217-7033c73392ad	https://www.lib.u-tokyo.ac.jp/ja/library/contents/archives-top/reuse	https://iiif.dl.itc.u-tokyo.ac.jp/repo/files/medium/3f4419194a396b922e45ac13980514623c5174a2.jpg	https://iiif.dl.itc.u-tokyo.ac.jp/repo/api/items/186436	東京大学附属図書館アジア研究図書館上廣倫理財団寄付研究部門 / Uehiro Project for the Asian Research Library in the University of Tokyo, JAPAN	http://iiif.io/api/presentation/2#rightToLeftDirection		漢籍・碑帖拓本資料	A006296-00		https://iiif.dl.itc.u-tokyo.ac.jp/repo/iiif/186436/manifest					57
纂図附音増広古注千字文 [A006297]	日本で筆写された漢籍。南葵文庫。	纂図附音増広古注千字文三巻 Zuantu Fuyin Zengguang Guzhu Qianziwen 3 juan 纂图附音增广古注千字文三卷 纂圖附音增廣古注千字文三卷	A006297	(巻首題)纂図附音増広古注千字文	(梁)周興嗣次韻, (後梁)李暹注	後梁	907-923年	3巻							写本	註千字文	1冊	線装, 五針眼釘法	24.7×17.2cm	紀伊徳川南葵文庫, 東京帝国大学図書印, 陽春廬記	小中村清矩旧蔵, 徳川慶喜旧蔵, 東京大学総合図書館所蔵	虫損あり	A00-6297	B18973						http://tify.sub.uni-goettingen.de/demo.html?manifest=https://archdataset.dl.itc.u-tokyo.ac.jp/manifest/846694f5-727f-4925-b7ef-d931f1f9a01b.json	846694f5-727f-4925-b7ef-d931f1f9a01b	https://iiif.dl.itc.u-tokyo.ac.jp/repo/s/uparl/	https://iiif.dl.itc.u-tokyo.ac.jp/repo/s/asia/document/846694f5-727f-4925-b7ef-d931f1f9a01b	https://www.lib.u-tokyo.ac.jp/ja/library/contents/archives-top/reuse	https://iiif.dl.itc.u-tokyo.ac.jp/repo/files/medium/8664cc7639fb5c7296c8ba53cf4a5dd4f5eea3e0.jpg	https://iiif.dl.itc.u-tokyo.ac.jp/repo/api/items/186437	東京大学附属図書館アジア研究図書館上廣倫理財団寄付研究部門 / Uehiro Project for the Asian Research Library in the University of Tokyo, JAPAN	http://iiif.io/api/presentation/2#rightToLeftDirection		漢籍・碑帖拓本資料	A006297-00		https://iiif.dl.itc.u-tokyo.ac.jp/repo/iiif/186437/manifest					47
医方大成論 [A006464]	日本古活字本の漢籍。鶚軒文庫。	医方大成論一巻 Yifang Dacheng Lun 1 juan 医方大成论一卷 醫方大成論一卷	A006464	(巻首題)医方大成論	(元)孫允賢撰		14世紀	王元福序, 1巻	梅寿重刊	(日本)慶長16年	1611年	古活字版	(内框)17.5×15.2cm	10行行18字	印本	大成論	1冊	線装, 四針眼釘法	27.8×19.5cm	東京帝国大学図書印, 松廼舎文庫	土肥慶蔵旧蔵, 東京大学総合図書館所蔵	虫損あり, シミあり, 書き入れあり	A00-6464	B109527					京都	http://tify.sub.uni-goettingen.de/demo.html?manifest=https://archdataset.dl.itc.u-tokyo.ac.jp/manifest/d86e1a29-e35b-4850-9f94-a54dc4744249.json	d86e1a29-e35b-4850-9f94-a54dc4744249	https://iiif.dl.itc.u-tokyo.ac.jp/repo/s/uparl/	https://iiif.dl.itc.u-tokyo.ac.jp/repo/s/asia/document/d86e1a29-e35b-4850-9f94-a54dc4744249	https://www.lib.u-tokyo.ac.jp/ja/library/contents/archives-top/reuse	https://iiif.dl.itc.u-tokyo.ac.jp/repo/files/medium/4d0da7e884a4d6977fdefd6ac7f1135db316d417.jpg	https://iiif.dl.itc.u-tokyo.ac.jp/repo/api/items/186438	東京大学附属図書館アジア研究図書館上廣倫理財団寄付研究部門 / Uehiro Project for the Asian Research Library in the University of Tokyo, JAPAN	http://iiif.io/api/presentation/2#rightToLeftDirection		漢籍・碑帖拓本資料	A006464-00		https://iiif.dl.itc.u-tokyo.ac.jp/repo/iiif/186438/manifest					61
北路紀略 元 [ASIA0001-01]	朝鮮・鄭允容著。写本。2014年U-PARLにて購入。	北路紀略四巻 Pungno Kiryak 4-kwŏn 북로 기략 4 권 北路纪略四卷 北路紀略四卷	ASIA0001	(巻首題)北路紀略	(朝鮮)鄭允容著*	(朝鮮)純祖30年	1830年*	4巻							写本	北路紀略	4冊	線装, 五針眼釘法	28.6×20.8cm		東京大学アジア研究図書館所蔵	虫損あり				*김영필 金榮必「《북로기략 北路紀略》에 대하여」, 《국회도서관보 國會圖書館報》17-2, 서울, 1980				http://tify.sub.uni-goettingen.de/demo.html?manifest=https://archdataset.dl.itc.u-tokyo.ac.jp/manifest/d2cd2f1a-3b23-4691-8f2c-c7c60b73ae26.json	d2cd2f1a-3b23-4691-8f2c-c7c60b73ae26	https://iiif.dl.itc.u-tokyo.ac.jp/repo/s/uparl/	https://iiif.dl.itc.u-tokyo.ac.jp/repo/s/asia/document/d2cd2f1a-3b23-4691-8f2c-c7c60b73ae26	https://www.lib.u-tokyo.ac.jp/ja/library/contents/archives-top/reuse	https://iiif.dl.itc.u-tokyo.ac.jp/repo/files/medium/03ce7f105a49ff6b3fcc3bb15634ea10153b9ed5.jpg	https://iiif.dl.itc.u-tokyo.ac.jp/repo/api/items/167836	東京大学附属図書館アジア研究図書館上廣倫理財団寄付研究部門 / Uehiro Project for the Asian Research Library in the University of Tokyo, JAPAN	http://iiif.io/api/presentation/2#rightToLeftDirection		漢籍・碑帖拓本資料	ASIA0001-01		https://iiif.dl.itc.u-tokyo.ac.jp/repo/iiif/167836/manifest					66
北路紀略 亨 [ASIA0001-02]	朝鮮・鄭允容著。写本。2014年U-PARLにて購入。	北路紀略四巻 Pungno Kiryak 4-kwŏn 북로 기략 4 권 北路纪略四卷 北路紀略四卷	ASIA0001	(巻首題)北路紀略	(朝鮮)鄭允容著*	(朝鮮)純祖30年	1830年*	4巻							写本	北路紀略	4冊	線装, 五針眼釘法	28.6×20.8cm		東京大学アジア研究図書館所蔵	虫損あり				*김영필 金榮必「《북로기략 北路紀略》에 대하여」, 《국회도서관보 國會圖書館報》17-2, 서울, 1980				http://tify.sub.uni-goettingen.de/demo.html?manifest=https://archdataset.dl.itc.u-tokyo.ac.jp/manifest/58382bb4-e7cc-436a-9b89-a220762464d8.json	58382bb4-e7cc-436a-9b89-a220762464d8	https://iiif.dl.itc.u-tokyo.ac.jp/repo/s/uparl/	https://iiif.dl.itc.u-tokyo.ac.jp/repo/s/asia/document/58382bb4-e7cc-436a-9b89-a220762464d8	https://www.lib.u-tokyo.ac.jp/ja/library/contents/archives-top/reuse	https://iiif.dl.itc.u-tokyo.ac.jp/repo/files/medium/101cc39893b374974e3566ce07f9ff8fc4eaecfd.jpg	https://iiif.dl.itc.u-tokyo.ac.jp/repo/api/items/167837	東京大学附属図書館アジア研究図書館上廣倫理財団寄付研究部門 / Uehiro Project for the Asian Research Library in the University of Tokyo, JAPAN	http://iiif.io/api/presentation/2#rightToLeftDirection		漢籍・碑帖拓本資料	ASIA0001-02		https://iiif.dl.itc.u-tokyo.ac.jp/repo/iiif/167837/manifest					70
北路紀略 利 [ASIA0001-03]	朝鮮・鄭允容著。写本。2014年U-PARLにて購入。	北路紀略四巻 Pungno Kiryak 4-kwŏn 북로 기략 4 권 北路纪略四卷 北路紀略四卷	ASIA0001	(巻首題)北路紀略	(朝鮮)鄭允容著*	(朝鮮)純祖30年	1830年*	4巻							写本	北路紀略	4冊	線装, 五針眼釘法	28.6×20.8cm		東京大学アジア研究図書館所蔵	虫損あり				*김영필 金榮必「《북로기략 北路紀略》에 대하여」, 《국회도서관보 國會圖書館報》17-2, 서울, 1980				http://tify.sub.uni-goettingen.de/demo.html?manifest=https://archdataset.dl.itc.u-tokyo.ac.jp/manifest/ba19b8a6-2c09-4f99-a9e4-397edcc53086.json	ba19b8a6-2c09-4f99-a9e4-397edcc53086	https://iiif.dl.itc.u-tokyo.ac.jp/repo/s/uparl/	https://iiif.dl.itc.u-tokyo.ac.jp/repo/s/asia/document/ba19b8a6-2c09-4f99-a9e4-397edcc53086	https://www.lib.u-tokyo.ac.jp/ja/library/contents/archives-top/reuse	https://iiif.dl.itc.u-tokyo.ac.jp/repo/files/medium/8f4245c216ca5465fd1e5b531fc9222038cd1e63.jpg	https://iiif.dl.itc.u-tokyo.ac.jp/repo/api/items/167838	東京大学附属図書館アジア研究図書館上廣倫理財団寄付研究部門 / Uehiro Project for the Asian Research Library in the University of Tokyo, JAPAN	http://iiif.io/api/presentation/2#rightToLeftDirection		漢籍・碑帖拓本資料	ASIA0001-03		https://iiif.dl.itc.u-tokyo.ac.jp/repo/iiif/167838/manifest					54
北路紀略 貞 [ASIA0001-04]	朝鮮・鄭允容著。写本。2014年U-PARLにて購入。	北路紀略四巻 Pungno Kiryak 4-kwŏn 북로 기략 4 권 北路纪略四卷 北路紀略四卷	ASIA0001	(巻首題)北路紀略	(朝鮮)鄭允容著*	(朝鮮)純祖30年	1830年*	4巻							写本	北路紀略	4冊	線装, 五針眼釘法	28.6×20.8cm		東京大学アジア研究図書館所蔵	虫損あり				*김영필 金榮必「《북로기략 北路紀略》에 대하여」, 《국회도서관보 國會圖書館報》17-2, 서울, 1980				http://tify.sub.uni-goettingen.de/demo.html?manifest=https://archdataset.dl.itc.u-tokyo.ac.jp/manifest/7bd495d9-ee66-480e-b67f-25ca153746b3.json	7bd495d9-ee66-480e-b67f-25ca153746b3	https://iiif.dl.itc.u-tokyo.ac.jp/repo/s/uparl/	https://iiif.dl.itc.u-tokyo.ac.jp/repo/s/asia/document/7bd495d9-ee66-480e-b67f-25ca153746b3	https://www.lib.u-tokyo.ac.jp/ja/library/contents/archives-top/reuse	https://iiif.dl.itc.u-tokyo.ac.jp/repo/files/medium/fcb3677e7ce5e604f7712ac88fd5a6381d9b5a57.jpg	https://iiif.dl.itc.u-tokyo.ac.jp/repo/api/items/167839	東京大学附属図書館アジア研究図書館上廣倫理財団寄付研究部門 / Uehiro Project for the Asian Research Library in the University of Tokyo, JAPAN	http://iiif.io/api/presentation/2#rightToLeftDirection		漢籍・碑帖拓本資料	ASIA0001-04		https://iiif.dl.itc.u-tokyo.ac.jp/repo/iiif/167839/manifest					47
論語諺解 一 [B60567-01]	朝鮮で刊行された漢籍(諺解本)。	論語諺解四巻 Nonŏ Ŏnhae 4-kwŏn 논어 언해 4 권 论语谚解四卷 論語諺解四卷	B60567		(朝鮮)宣祖命撰*	(朝鮮)宣祖朝	1567-1608年	4巻	(朝鮮)河慶龍刊	(朝鮮)純祖10年	1810年	木版	(内框)22.0×17.1cm	10行行17字	印本		4冊	線装, 五針眼釘法	34.2×22.4cm	東京帝国大学図書印	東京大学総合図書館所蔵	虫損あり	B60-567	B12659		*안현주 安賢珠「조선시대에 간행된 諺解本《論語》의 板本에 관한 考察」, 《서지학연구 書誌學硏究》26, 서울, 한국서지학회, 2003, pp.219-247			全州	http://tify.sub.uni-goettingen.de/demo.html?manifest=https://archdataset.dl.itc.u-tokyo.ac.jp/manifest/37ae09b6-f1ff-4e89-8005-78440e9249d1.json	37ae09b6-f1ff-4e89-8005-78440e9249d1	https://iiif.dl.itc.u-tokyo.ac.jp/repo/s/uparl/	https://iiif.dl.itc.u-tokyo.ac.jp/repo/s/asia/document/37ae09b6-f1ff-4e89-8005-78440e9249d1	https://www.lib.u-tokyo.ac.jp/ja/library/contents/archives-top/reuse	https://iiif.dl.itc.u-tokyo.ac.jp/repo/files/medium/62d59ad3202a35e31bf18cdb172122fffa83cf77.jpg	https://iiif.dl.itc.u-tokyo.ac.jp/repo/api/items/186439	東京大学附属図書館アジア研究図書館上廣倫理財団寄付研究部門 / Uehiro Project for the Asian Research Library in the University of Tokyo, JAPAN	http://iiif.io/api/presentation/2#rightToLeftDirection		漢籍・碑帖拓本資料	B60567-01		https://iiif.dl.itc.u-tokyo.ac.jp/repo/iiif/186439/manifest					60
論語諺解 二 [B60567-02]	朝鮮で刊行された漢籍(諺解本)。	論語諺解四巻 Nonŏ Ŏnhae 4-kwŏn 논어 언해 4 권 论语谚解四卷 論語諺解四卷	B60567		(朝鮮)宣祖命撰*	(朝鮮)宣祖朝	1567-1608年	4巻	(朝鮮)河慶龍刊	(朝鮮)純祖10年	1810年	木版	(内框)22.0×17.1cm	10行行17字	印本		4冊	線装, 五針眼釘法	34.2×22.4cm	東京帝国大学図書印	東京大学総合図書館所蔵	虫損あり	B60-567	B12659		*안현주 安賢珠「조선시대에 간행된 諺解本《論語》의 板本에 관한 考察」, 《서지학연구 書誌學硏究》26, 서울, 한국서지학회, 2003, pp.219-247			全州	http://tify.sub.uni-goettingen.de/demo.html?manifest=https://archdataset.dl.itc.u-tokyo.ac.jp/manifest/e2fb1617-0e29-4ae4-bc40-ae1a8e784158.json	e2fb1617-0e29-4ae4-bc40-ae1a8e784158	https://iiif.dl.itc.u-tokyo.ac.jp/repo/s/uparl/	https://iiif.dl.itc.u-tokyo.ac.jp/repo/s/asia/document/e2fb1617-0e29-4ae4-bc40-ae1a8e784158	https://www.lib.u-tokyo.ac.jp/ja/library/contents/archives-top/reuse	https://iiif.dl.itc.u-tokyo.ac.jp/repo/files/medium/047b30d77ea885821d46f59fa704906426dcdd35.jpg	https://iiif.dl.itc.u-tokyo.ac.jp/repo/api/items/186440	東京大学附属図書館アジア研究図書館上廣倫理財団寄付研究部門 / Uehiro Project for the Asian Research Library in the University of Tokyo, JAPAN	http://iiif.io/api/presentation/2#rightToLeftDirection		漢籍・碑帖拓本資料	B60567-02		https://iiif.dl.itc.u-tokyo.ac.jp/repo/iiif/186440/manifest					71
論語諺解 三 [B60567-03]	朝鮮で刊行された漢籍(諺解本)。	論語諺解四巻 Nonŏ Ŏnhae 4-kwŏn 논어 언해 4 권 论语谚解四卷 論語諺解四卷	B60567		(朝鮮)宣祖命撰*	(朝鮮)宣祖朝	1567-1608年	4巻	(朝鮮)河慶龍刊	(朝鮮)純祖10年	1810年	木版	(内框)22.0×17.1cm	10行行17字	印本		4冊	線装, 五針眼釘法	34.2×22.4cm	東京帝国大学図書印	東京大学総合図書館所蔵	虫損あり	B60-567	B12659		*안현주 安賢珠「조선시대에 간행된 諺解本《論語》의 板本에 관한 考察」, 《서지학연구 書誌學硏究》26, 서울, 한국서지학회, 2003, pp.219-247			全州	http://tify.sub.uni-goettingen.de/demo.html?manifest=https://archdataset.dl.itc.u-tokyo.ac.jp/manifest/14eac1bf-e58c-47e9-a5af-810983f9c884.json	14eac1bf-e58c-47e9-a5af-810983f9c884	https://iiif.dl.itc.u-tokyo.ac.jp/repo/s/uparl/	https://iiif.dl.itc.u-tokyo.ac.jp/repo/s/asia/document/14eac1bf-e58c-47e9-a5af-810983f9c884	https://www.lib.u-tokyo.ac.jp/ja/library/contents/archives-top/reuse	https://iiif.dl.itc.u-tokyo.ac.jp/repo/files/medium/1f9a7aefdf6a0a140058a3186e08f3e4346f4521.jpg	https://iiif.dl.itc.u-tokyo.ac.jp/repo/api/items/186441	東京大学附属図書館アジア研究図書館上廣倫理財団寄付研究部門 / Uehiro Project for the Asian Research Library in the University of Tokyo, JAPAN	http://iiif.io/api/presentation/2#rightToLeftDirection		漢籍・碑帖拓本資料	B60567-03		https://iiif.dl.itc.u-tokyo.ac.jp/repo/iiif/186441/manifest					83
論語諺解 四 [B60567-04]	朝鮮で刊行された漢籍(諺解本)。	論語諺解四巻 Nonŏ Ŏnhae 4-kwŏn 논어 언해 4 권 论语谚解四卷 論語諺解四卷	B60567		(朝鮮)宣祖命撰*	(朝鮮)宣祖朝	1567-1608年	4巻	(朝鮮)河慶龍刊	(朝鮮)純祖10年	1810年	木版	(内框)22.0×17.1cm	10行行17字	印本		4冊	線装, 五針眼釘法	34.2×22.4cm	東京帝国大学図書印	東京大学総合図書館所蔵	虫損あり	B60-567	B12659		*안현주 安賢珠「조선시대에 간행된 諺解本《論語》의 板本에 관한 考察」, 《서지학연구 書誌學硏究》26, 서울, 한국서지학회, 2003, pp.219-247			全州	http://tify.sub.uni-goettingen.de/demo.html?manifest=https://archdataset.dl.itc.u-tokyo.ac.jp/manifest/cc3addb0-b4e1-45ea-9138-47382f72991d.json	cc3addb0-b4e1-45ea-9138-47382f72991d	https://iiif.dl.itc.u-tokyo.ac.jp/repo/s/uparl/	https://iiif.dl.itc.u-tokyo.ac.jp/repo/s/asia/document/cc3addb0-b4e1-45ea-9138-47382f72991d	https://www.lib.u-tokyo.ac.jp/ja/library/contents/archives-top/reuse	https://iiif.dl.itc.u-tokyo.ac.jp/repo/files/medium/1e6ccff8405d043552bcf1a06fb0c681c339e84e.jpg	https://iiif.dl.itc.u-tokyo.ac.jp/repo/api/items/186442	東京大学附属図書館アジア研究図書館上廣倫理財団寄付研究部門 / Uehiro Project for the Asian Research Library in the University of Tokyo, JAPAN	http://iiif.io/api/presentation/2#rightToLeftDirection		漢籍・碑帖拓本資料	B60567-04		https://iiif.dl.itc.u-tokyo.ac.jp/repo/iiif/186442/manifest					84
八旗氏族通譜 首 [G30495-01]	中国清時代に刊行された満文書籍。	八旗氏族通譜八十巻首一巻 Baqi Shizu Tongpu 80 juan shou 1 juan Jakūn Gūsai Manjusai Mukūn Hala Be Uheri Ejehe Bithe 八旗氏族通谱八十卷首一卷 八旗氏族通譜八十卷首一卷	G30495	(巻首題)jakūn gūsai manjusai mukūn hala be uheri ejehe bithe	(清)弘昼奉勅撰	(清)乾隆9年12月3日	1745年	首巻, 80巻				木版	(内框)19.3×13.1cm	10行	印本	八旗氏族通譜	32冊	線装, 四針眼釘法	27.2×17.2cm	東京帝国大学図書印	東京大学総合図書館所蔵		G30-495	B33491		多賀秋五郎『中国宗譜の研究』上巻, 東京, 日本学術振興会, 1981, pp.472-473				http://tify.sub.uni-goettingen.de/demo.html?manifest=https://archdataset.dl.itc.u-tokyo.ac.jp/manifest/af497748-7d77-412c-afe3-cd2a12aa6ece.json	af497748-7d77-412c-afe3-cd2a12aa6ece	https://iiif.dl.itc.u-tokyo.ac.jp/repo/s/uparl/	https://iiif.dl.itc.u-tokyo.ac.jp/repo/s/asia/document/af497748-7d77-412c-afe3-cd2a12aa6ece	https://www.lib.u-tokyo.ac.jp/ja/library/contents/archives-top/reuse	https://iiif.dl.itc.u-tokyo.ac.jp/repo/files/medium/55b9463a40b29a4583fc9d1798e34d70e09fd090.jpg	https://iiif.dl.itc.u-tokyo.ac.jp/repo/api/items/186443	東京大学附属図書館アジア研究図書館上廣倫理財団寄付研究部門 / Uehiro Project for the Asian Research Library in the University of Tokyo, JAPAN	http://iiif.io/api/presentation/2#rightToLeftDirection		漢籍・碑帖拓本資料	G30495-01		https://iiif.dl.itc.u-tokyo.ac.jp/repo/iiif/186443/manifest					66
八旗氏族通譜 一 [G30495-02]	中国清時代に刊行された満文書籍。	八旗氏族通譜八十巻首一巻 Baqi Shizu Tongpu 80 juan shou 1 juan Jakūn Gūsai Manjusai Mukūn Hala Be Uheri Ejehe Bithe 八旗氏族通谱八十卷首一卷 八旗氏族通譜八十卷首一卷	G30495	(巻首題)jakūn gūsai manjusai mukūn hala be uheri ejehe bithe	(清)弘昼奉勅撰	(清)乾隆9年12月3日	1745年	首巻, 80巻				木版	(内框)19.3×13.1cm	10行	印本	八旗氏族通譜	32冊	線装, 四針眼釘法	27.2×17.2cm	東京帝国大学図書印	東京大学総合図書館所蔵		G30-495	B33491		多賀秋五郎『中国宗譜の研究』上巻, 東京, 日本学術振興会, 1981, pp.472-473				http://tify.sub.uni-goettingen.de/demo.html?manifest=https://archdataset.dl.itc.u-tokyo.ac.jp/manifest/35f86a28-6c28-434b-a9fb-9182b8dbf0fa.json	35f86a28-6c28-434b-a9fb-9182b8dbf0fa	https://iiif.dl.itc.u-tokyo.ac.jp/repo/s/uparl/	https://iiif.dl.itc.u-tokyo.ac.jp/repo/s/asia/document/35f86a28-6c28-434b-a9fb-9182b8dbf0fa	https://www.lib.u-tokyo.ac.jp/ja/library/contents/archives-top/reuse	https://iiif.dl.itc.u-tokyo.ac.jp/repo/files/medium/84f732f8ba35ab30103a0fb8e6b900b2439b1cb5.jpg	https://iiif.dl.itc.u-tokyo.ac.jp/repo/api/items/186444	東京大学附属図書館アジア研究図書館上廣倫理財団寄付研究部門 / Uehiro Project for the Asian Research Library in the University of Tokyo, JAPAN	http://iiif.io/api/presentation/2#rightToLeftDirection		漢籍・碑帖拓本資料	G30495-02		https://iiif.dl.itc.u-tokyo.ac.jp/repo/iiif/186444/manifest					68
八旗氏族通譜 二 三 [G30495-03]	中国清時代に刊行された満文書籍。	八旗氏族通譜八十巻首一巻 Baqi Shizu Tongpu 80 juan shou 1 juan Jakūn Gūsai Manjusai Mukūn Hala Be Uheri Ejehe Bithe 八旗氏族通谱八十卷首一卷 八旗氏族通譜八十卷首一卷	G30495	(巻首題)jakūn gūsai manjusai mukūn hala be uheri ejehe bithe	(清)弘昼奉勅撰	(清)乾隆9年12月3日	1745年	首巻, 80巻				木版	(内框)19.3×13.1cm	10行	印本	八旗氏族通譜	32冊	線装, 四針眼釘法	27.2×17.2cm	東京帝国大学図書印	東京大学総合図書館所蔵		G30-495	B33491		多賀秋五郎『中国宗譜の研究』上巻, 東京, 日本学術振興会, 1981, pp.472-473				http://tify.sub.uni-goettingen.de/demo.html?manifest=https://archdataset.dl.itc.u-tokyo.ac.jp/manifest/d2e81cef-30c9-4a34-9e07-50627c53a289.json	d2e81cef-30c9-4a34-9e07-50627c53a289	https://iiif.dl.itc.u-tokyo.ac.jp/repo/s/uparl/	https://iiif.dl.itc.u-tokyo.ac.jp/repo/s/asia/document/d2e81cef-30c9-4a34-9e07-50627c53a289	https://www.lib.u-tokyo.ac.jp/ja/library/contents/archives-top/reuse	https://iiif.dl.itc.u-tokyo.ac.jp/repo/files/medium/0b00f5de7a6cd29d18a44daeb76d64bec879d0f7.jpg	https://iiif.dl.itc.u-tokyo.ac.jp/repo/api/items/186445	東京大学附属図書館アジア研究図書館上廣倫理財団寄付研究部門 / Uehiro Project for the Asian Research Library in the University of Tokyo, JAPAN	http://iiif.io/api/presentation/2#rightToLeftDirection		漢籍・碑帖拓本資料	G30495-03		https://iiif.dl.itc.u-tokyo.ac.jp/repo/iiif/186445/manifest					91
八旗氏族通譜 四 五 [G30495-04]	中国清時代に刊行された満文書籍。	八旗氏族通譜八十巻首一巻 Baqi Shizu Tongpu 80 juan shou 1 juan Jakūn Gūsai Manjusai Mukūn Hala Be Uheri Ejehe Bithe 八旗氏族通谱八十卷首一卷 八旗氏族通譜八十卷首一卷	G30495	(巻首題)jakūn gūsai manjusai mukūn hala be uheri ejehe bithe	(清)弘昼奉勅撰	(清)乾隆9年12月3日	1745年	首巻, 80巻				木版	(内框)19.3×13.1cm	10行	印本	八旗氏族通譜	32冊	線装, 四針眼釘法	27.2×17.2cm	東京帝国大学図書印	東京大学総合図書館所蔵		G30-495	B33491		多賀秋五郎『中国宗譜の研究』上巻, 東京, 日本学術振興会, 1981, pp.472-473				http://tify.sub.uni-goettingen.de/demo.html?manifest=https://archdataset.dl.itc.u-tokyo.ac.jp/manifest/0fcbef38-b68f-4d9f-8425-bbe45fb03bcc.json	0fcbef38-b68f-4d9f-8425-bbe45fb03bcc	https://iiif.dl.itc.u-tokyo.ac.jp/repo/s/uparl/	https://iiif.dl.itc.u-tokyo.ac.jp/repo/s/asia/document/0fcbef38-b68f-4d9f-8425-bbe45fb03bcc	https://www.lib.u-tokyo.ac.jp/ja/library/contents/archives-top/reuse	https://iiif.dl.itc.u-tokyo.ac.jp/repo/files/medium/a2ee70e75168fd60abaf0ee04c391eee915c363f.jpg	https://iiif.dl.itc.u-tokyo.ac.jp/repo/api/items/186446	東京大学附属図書館アジア研究図書館上廣倫理財団寄付研究部門 / Uehiro Project for the Asian Research Library in the University of Tokyo, JAPAN	http://iiif.io/api/presentation/2#rightToLeftDirection		漢籍・碑帖拓本資料	G30495-04		https://iiif.dl.itc.u-tokyo.ac.jp/repo/iiif/186446/manifest					85
八旗氏族通譜 六 七 [G30495-05]	中国清時代に刊行された満文書籍。	八旗氏族通譜八十巻首一巻 Baqi Shizu Tongpu 80 juan shou 1 juan Jakūn Gūsai Manjusai Mukūn Hala Be Uheri Ejehe Bithe 八旗氏族通谱八十卷首一卷 八旗氏族通譜八十卷首一卷	G30495	(巻首題)jakūn gūsai manjusai mukūn hala be uheri ejehe bithe	(清)弘昼奉勅撰	(清)乾隆9年12月3日	1745年	首巻, 80巻				木版	(内框)19.3×13.1cm	10行	印本	八旗氏族通譜	32冊	線装, 四針眼釘法	27.2×17.2cm	東京帝国大学図書印	東京大学総合図書館所蔵		G30-495	B33491		多賀秋五郎『中国宗譜の研究』上巻, 東京, 日本学術振興会, 1981, pp.472-473				http://tify.sub.uni-goettingen.de/demo.html?manifest=https://archdataset.dl.itc.u-tokyo.ac.jp/manifest/23251e4b-ec8c-4df3-ab50-955312c53648.json	23251e4b-ec8c-4df3-ab50-955312c53648	https://iiif.dl.itc.u-tokyo.ac.jp/repo/s/uparl/	https://iiif.dl.itc.u-tokyo.ac.jp/repo/s/asia/document/23251e4b-ec8c-4df3-ab50-955312c53648	https://www.lib.u-tokyo.ac.jp/ja/library/contents/archives-top/reuse	https://iiif.dl.itc.u-tokyo.ac.jp/repo/files/medium/6cf7eca21d609bce481834febb952f4bee2b3c3b.jpg	https://iiif.dl.itc.u-tokyo.ac.jp/repo/api/items/186447	東京大学附属図書館アジア研究図書館上廣倫理財団寄付研究部門 / Uehiro Project for the Asian Research Library in the University of Tokyo, JAPAN	http://iiif.io/api/presentation/2#rightToLeftDirection		漢籍・碑帖拓本資料	G30495-05		https://iiif.dl.itc.u-tokyo.ac.jp/repo/iiif/186447/manifest					74
八旗氏族通譜 八至十 [G30495-06]	中国清時代に刊行された満文書籍。	八旗氏族通譜八十巻首一巻 Baqi Shizu Tongpu 80 juan shou 1 juan Jakūn Gūsai Manjusai Mukūn Hala Be Uheri Ejehe Bithe 八旗氏族通谱八十卷首一卷 八旗氏族通譜八十卷首一卷	G30495	(巻首題)jakūn gūsai manjusai mukūn hala be uheri ejehe bithe	(清)弘昼奉勅撰	(清)乾隆9年12月3日	1745年	首巻, 80巻				木版	(内框)19.3×13.1cm	10行	印本	八旗氏族通譜	32冊	線装, 四針眼釘法	27.2×17.2cm	東京帝国大学図書印	東京大学総合図書館所蔵		G30-495	B33491		多賀秋五郎『中国宗譜の研究』上巻, 東京, 日本学術振興会, 1981, pp.472-473				http://tify.sub.uni-goettingen.de/demo.html?manifest=https://archdataset.dl.itc.u-tokyo.ac.jp/manifest/22d560f8-9d98-49e2-9596-43491b28623e.json	22d560f8-9d98-49e2-9596-43491b28623e	https://iiif.dl.itc.u-tokyo.ac.jp/repo/s/uparl/	https://iiif.dl.itc.u-tokyo.ac.jp/repo/s/asia/document/22d560f8-9d98-49e2-9596-43491b28623e	https://www.lib.u-tokyo.ac.jp/ja/library/contents/archives-top/reuse	https://iiif.dl.itc.u-tokyo.ac.jp/repo/files/medium/1159936023afd1d8f336d3dcaae5e9dd9746c7d5.jpg	https://iiif.dl.itc.u-tokyo.ac.jp/repo/api/items/186448	東京大学附属図書館アジア研究図書館上廣倫理財団寄付研究部門 / Uehiro Project for the Asian Research Library in the University of Tokyo, JAPAN	http://iiif.io/api/presentation/2#rightToLeftDirection		漢籍・碑帖拓本資料	G30495-06		https://iiif.dl.itc.u-tokyo.ac.jp/repo/iiif/186448/manifest					80
八旗氏族通譜 十一 十二 [G30495-07]	中国清時代に刊行された満文書籍。	八旗氏族通譜八十巻首一巻 Baqi Shizu Tongpu 80 juan shou 1 juan Jakūn Gūsai Manjusai Mukūn Hala Be Uheri Ejehe Bithe 八旗氏族通谱八十卷首一卷 八旗氏族通譜八十卷首一卷	G30495	(巻首題)jakūn gūsai manjusai mukūn hala be uheri ejehe bithe	(清)弘昼奉勅撰	(清)乾隆9年12月3日	1745年	首巻, 80巻				木版	(内框)19.3×13.1cm	10行	印本	八旗氏族通譜	32冊	線装, 四針眼釘法	27.2×17.2cm	東京帝国大学図書印	東京大学総合図書館所蔵		G30-495	B33491		多賀秋五郎『中国宗譜の研究』上巻, 東京, 日本学術振興会, 1981, pp.472-473				http://tify.sub.uni-goettingen.de/demo.html?manifest=https://archdataset.dl.itc.u-tokyo.ac.jp/manifest/2e790fa3-5f4b-4eec-a4be-cb6b5b49f7d5.json	2e790fa3-5f4b-4eec-a4be-cb6b5b49f7d5	https://iiif.dl.itc.u-tokyo.ac.jp/repo/s/uparl/	https://iiif.dl.itc.u-tokyo.ac.jp/repo/s/asia/document/2e790fa3-5f4b-4eec-a4be-cb6b5b49f7d5	https://www.lib.u-tokyo.ac.jp/ja/library/contents/archives-top/reuse	https://iiif.dl.itc.u-tokyo.ac.jp/repo/files/medium/1e629d7048bfb68a26b0fd14fef64d125de3c1ec.jpg	https://iiif.dl.itc.u-tokyo.ac.jp/repo/api/items/186449	東京大学附属図書館アジア研究図書館上廣倫理財団寄付研究部門 / Uehiro Project for the Asian Research Library in the University of Tokyo, JAPAN	http://iiif.io/api/presentation/2#rightToLeftDirection		漢籍・碑帖拓本資料	G30495-07		https://iiif.dl.itc.u-tokyo.ac.jp/repo/iiif/186449/manifest					73
八旗氏族通譜 十三至十五 [G30495-08]	中国清時代に刊行された満文書籍。	八旗氏族通譜八十巻首一巻 Baqi Shizu Tongpu 80 juan shou 1 juan Jakūn Gūsai Manjusai Mukūn Hala Be Uheri Ejehe Bithe 八旗氏族通谱八十卷首一卷 八旗氏族通譜八十卷首一卷	G30495	(巻首題)jakūn gūsai manjusai mukūn hala be uheri ejehe bithe	(清)弘昼奉勅撰	(清)乾隆9年12月3日	1745年	首巻, 80巻				木版	(内框)19.3×13.1cm	10行	印本	八旗氏族通譜	32冊	線装, 四針眼釘法	27.2×17.2cm	東京帝国大学図書印	東京大学総合図書館所蔵		G30-495	B33491		多賀秋五郎『中国宗譜の研究』上巻, 東京, 日本学術振興会, 1981, pp.472-473				http://tify.sub.uni-goettingen.de/demo.html?manifest=https://archdataset.dl.itc.u-tokyo.ac.jp/manifest/360dc78a-b5ac-43c6-9956-2c89287a83dc.json	360dc78a-b5ac-43c6-9956-2c89287a83dc	https://iiif.dl.itc.u-tokyo.ac.jp/repo/s/uparl/	https://iiif.dl.itc.u-tokyo.ac.jp/repo/s/asia/document/360dc78a-b5ac-43c6-9956-2c89287a83dc	https://www.lib.u-tokyo.ac.jp/ja/library/contents/archives-top/reuse	https://iiif.dl.itc.u-tokyo.ac.jp/repo/files/medium/338387cadb7beb67e456b2e00207b1cec7ef7ddc.jpg	https://iiif.dl.itc.u-tokyo.ac.jp/repo/api/items/186450	東京大学附属図書館アジア研究図書館上廣倫理財団寄付研究部門 / Uehiro Project for the Asian Research Library in the University of Tokyo, JAPAN	http://iiif.io/api/presentation/2#rightToLeftDirection		漢籍・碑帖拓本資料	G30495-08		https://iiif.dl.itc.u-tokyo.ac.jp/repo/iiif/186450/manifest					92
八旗氏族通譜 十六至十八 [G30495-09]	中国清時代に刊行された満文書籍。	八旗氏族通譜八十巻首一巻 Baqi Shizu Tongpu 80 juan shou 1 juan Jakūn Gūsai Manjusai Mukūn Hala Be Uheri Ejehe Bithe 八旗氏族通谱八十卷首一卷 八旗氏族通譜八十卷首一卷	G30495	(巻首題)jakūn gūsai manjusai mukūn hala be uheri ejehe bithe	(清)弘昼奉勅撰	(清)乾隆9年12月3日	1745年	首巻, 80巻				木版	(内框)19.3×13.1cm	10行	印本	八旗氏族通譜	32冊	線装, 四針眼釘法	27.2×17.2cm	東京帝国大学図書印	東京大学総合図書館所蔵		G30-495	B33491		多賀秋五郎『中国宗譜の研究』上巻, 東京, 日本学術振興会, 1981, pp.472-473				http://tify.sub.uni-goettingen.de/demo.html?manifest=https://archdataset.dl.itc.u-tokyo.ac.jp/manifest/956f3778-1392-4180-9ea0-f27f92b6a643.json	956f3778-1392-4180-9ea0-f27f92b6a643	https://iiif.dl.itc.u-tokyo.ac.jp/repo/s/uparl/	https://iiif.dl.itc.u-tokyo.ac.jp/repo/s/asia/document/956f3778-1392-4180-9ea0-f27f92b6a643	https://www.lib.u-tokyo.ac.jp/ja/library/contents/archives-top/reuse	https://iiif.dl.itc.u-tokyo.ac.jp/repo/files/medium/bf4a589c03a9eb810bd847a4fcc2dbe34e28fceb.jpg	https://iiif.dl.itc.u-tokyo.ac.jp/repo/api/items/186451	東京大学附属図書館アジア研究図書館上廣倫理財団寄付研究部門 / Uehiro Project for the Asian Research Library in the University of Tokyo, JAPAN	http://iiif.io/api/presentation/2#rightToLeftDirection		漢籍・碑帖拓本資料	G30495-09		https://iiif.dl.itc.u-tokyo.ac.jp/repo/iiif/186451/manifest					69
八旗氏族通譜 十九 二十 [G30495-10]	中国清時代に刊行された満文書籍。	八旗氏族通譜八十巻首一巻 Baqi Shizu Tongpu 80 juan shou 1 juan Jakūn Gūsai Manjusai Mukūn Hala Be Uheri Ejehe Bithe 八旗氏族通谱八十卷首一卷 八旗氏族通譜八十卷首一卷	G30495	(巻首題)jakūn gūsai manjusai mukūn hala be uheri ejehe bithe	(清)弘昼奉勅撰	(清)乾隆9年12月3日	1745年	首巻, 80巻				木版	(内框)19.3×13.1cm	10行	印本	八旗氏族通譜	32冊	線装, 四針眼釘法	27.2×17.2cm	東京帝国大学図書印	東京大学総合図書館所蔵		G30-495	B33491		多賀秋五郎『中国宗譜の研究』上巻, 東京, 日本学術振興会, 1981, pp.472-473				http://tify.sub.uni-goettingen.de/demo.html?manifest=https://archdataset.dl.itc.u-tokyo.ac.jp/manifest/324cd287-ee08-46cb-925c-1802c1fa9344.json	324cd287-ee08-46cb-925c-1802c1fa9344	https://iiif.dl.itc.u-tokyo.ac.jp/repo/s/uparl/	https://iiif.dl.itc.u-tokyo.ac.jp/repo/s/asia/document/324cd287-ee08-46cb-925c-1802c1fa9344	https://www.lib.u-tokyo.ac.jp/ja/library/contents/archives-top/reuse	https://iiif.dl.itc.u-tokyo.ac.jp/repo/files/medium/0e211bfa71fed34e622ee9a7a5fa87e0a32e3e9d.jpg	https://iiif.dl.itc.u-tokyo.ac.jp/repo/api/items/186452	東京大学附属図書館アジア研究図書館上廣倫理財団寄付研究部門 / Uehiro Project for the Asian Research Library in the University of Tokyo, JAPAN	http://iiif.io/api/presentation/2#rightToLeftDirection		漢籍・碑帖拓本資料	G30495-10		https://iiif.dl.itc.u-tokyo.ac.jp/repo/iiif/186452/manifest					74
八旗氏族通譜 二十一 二十二 [G30495-11]	中国清時代に刊行された満文書籍。	八旗氏族通譜八十巻首一巻 Baqi Shizu Tongpu 80 juan shou 1 juan Jakūn Gūsai Manjusai Mukūn Hala Be Uheri Ejehe Bithe 八旗氏族通谱八十卷首一卷 八旗氏族通譜八十卷首一卷	G30495	(巻首題)jakūn gūsai manjusai mukūn hala be uheri ejehe bithe	(清)弘昼奉勅撰	(清)乾隆9年12月3日	1745年	首巻, 80巻				木版	(内框)19.3×13.1cm	10行	印本	八旗氏族通譜	32冊	線装, 四針眼釘法	27.2×17.2cm	東京帝国大学図書印	東京大学総合図書館所蔵		G30-495	B33491		多賀秋五郎『中国宗譜の研究』上巻, 東京, 日本学術振興会, 1981, pp.472-473				http://tify.sub.uni-goettingen.de/demo.html?manifest=https://archdataset.dl.itc.u-tokyo.ac.jp/manifest/f3d27fcb-92ef-4076-9542-772fa9d714a0.json	f3d27fcb-92ef-4076-9542-772fa9d714a0	https://iiif.dl.itc.u-tokyo.ac.jp/repo/s/uparl/	https://iiif.dl.itc.u-tokyo.ac.jp/repo/s/asia/document/f3d27fcb-92ef-4076-9542-772fa9d714a0	https://www.lib.u-tokyo.ac.jp/ja/library/contents/archives-top/reuse	https://iiif.dl.itc.u-tokyo.ac.jp/repo/files/medium/2c0659b62896c27a9bff72905666cc9b1a3b675d.jpg	https://iiif.dl.itc.u-tokyo.ac.jp/repo/api/items/186453	東京大学附属図書館アジア研究図書館上廣倫理財団寄付研究部門 / Uehiro Project for the Asian Research Library in the University of Tokyo, JAPAN	http://iiif.io/api/presentation/2#rightToLeftDirection		漢籍・碑帖拓本資料	G30495-11		https://iiif.dl.itc.u-tokyo.ac.jp/repo/iiif/186453/manifest					71
八旗氏族通譜 二十三 二十四 [G30495-12]	中国清時代に刊行された満文書籍。	八旗氏族通譜八十巻首一巻 Baqi Shizu Tongpu 80 juan shou 1 juan Jakūn Gūsai Manjusai Mukūn Hala Be Uheri Ejehe Bithe 八旗氏族通谱八十卷首一卷 八旗氏族通譜八十卷首一卷	G30495	(巻首題)jakūn gūsai manjusai mukūn hala be uheri ejehe bithe	(清)弘昼奉勅撰	(清)乾隆9年12月3日	1745年	首巻, 80巻				木版	(内框)19.3×13.1cm	10行	印本	八旗氏族通譜	32冊	線装, 四針眼釘法	27.2×17.2cm	東京帝国大学図書印	東京大学総合図書館所蔵		G30-495	B33491		多賀秋五郎『中国宗譜の研究』上巻, 東京, 日本学術振興会, 1981, pp.472-473				http://tify.sub.uni-goettingen.de/demo.html?manifest=https://archdataset.dl.itc.u-tokyo.ac.jp/manifest/face5d60-18c8-4d2e-bec8-35e18fab2407.json	face5d60-18c8-4d2e-bec8-35e18fab2407	https://iiif.dl.itc.u-tokyo.ac.jp/repo/s/uparl/	https://iiif.dl.itc.u-tokyo.ac.jp/repo/s/asia/document/face5d60-18c8-4d2e-bec8-35e18fab2407	https://www.lib.u-tokyo.ac.jp/ja/library/contents/archives-top/reuse	https://iiif.dl.itc.u-tokyo.ac.jp/repo/files/medium/d81eb1e9dbabfe19f73e48c36745c1d552a81d67.jpg	https://iiif.dl.itc.u-tokyo.ac.jp/repo/api/items/186454	東京大学附属図書館アジア研究図書館上廣倫理財団寄付研究部門 / Uehiro Project for the Asian Research Library in the University of Tokyo, JAPAN	http://iiif.io/api/presentation/2#rightToLeftDirection		漢籍・碑帖拓本資料	G30495-12		https://iiif.dl.itc.u-tokyo.ac.jp/repo/iiif/186454/manifest					92
八旗氏族通譜 二十五 二十六 [G30495-13]	中国清時代に刊行された満文書籍。	八旗氏族通譜八十巻首一巻 Baqi Shizu Tongpu 80 juan shou 1 juan Jakūn Gūsai Manjusai Mukūn Hala Be Uheri Ejehe Bithe 八旗氏族通谱八十卷首一卷 八旗氏族通譜八十卷首一卷	G30495	(巻首題)jakūn gūsai manjusai mukūn hala be uheri ejehe bithe	(清)弘昼奉勅撰	(清)乾隆9年12月3日	1745年	首巻, 80巻				木版	(内框)19.3×13.1cm	10行	印本	八旗氏族通譜	32冊	線装, 四針眼釘法	27.2×17.2cm	東京帝国大学図書印	東京大学総合図書館所蔵		G30-495	B33491		多賀秋五郎『中国宗譜の研究』上巻, 東京, 日本学術振興会, 1981, pp.472-473				http://tify.sub.uni-goettingen.de/demo.html?manifest=https://archdataset.dl.itc.u-tokyo.ac.jp/manifest/56c5a740-afcd-4e01-a5e0-e4a05f477257.json	56c5a740-afcd-4e01-a5e0-e4a05f477257	https://iiif.dl.itc.u-tokyo.ac.jp/repo/s/uparl/	https://iiif.dl.itc.u-tokyo.ac.jp/repo/s/asia/document/56c5a740-afcd-4e01-a5e0-e4a05f477257	https://www.lib.u-tokyo.ac.jp/ja/library/contents/archives-top/reuse	https://iiif.dl.itc.u-tokyo.ac.jp/repo/files/medium/d381ad12ff703dac51ab811feb6935cddf109d6c.jpg	https://iiif.dl.itc.u-tokyo.ac.jp/repo/api/items/186455	東京大学附属図書館アジア研究図書館上廣倫理財団寄付研究部門 / Uehiro Project for the Asian Research Library in the University of Tokyo, JAPAN	http://iiif.io/api/presentation/2#rightToLeftDirection		漢籍・碑帖拓本資料	G30495-13		https://iiif.dl.itc.u-tokyo.ac.jp/repo/iiif/186455/manifest					83
八旗氏族通譜 二十七至二十九 [G30495-14]	中国清時代に刊行された満文書籍。	八旗氏族通譜八十巻首一巻 Baqi Shizu Tongpu 80 juan shou 1 juan Jakūn Gūsai Manjusai Mukūn Hala Be Uheri Ejehe Bithe 八旗氏族通谱八十卷首一卷 八旗氏族通譜八十卷首一卷	G30495	(巻首題)jakūn gūsai manjusai mukūn hala be uheri ejehe bithe	(清)弘昼奉勅撰	(清)乾隆9年12月3日	1745年	首巻, 80巻				木版	(内框)19.3×13.1cm	10行	印本	八旗氏族通譜	32冊	線装, 四針眼釘法	27.2×17.2cm	東京帝国大学図書印	東京大学総合図書館所蔵		G30-495	B33491		多賀秋五郎『中国宗譜の研究』上巻, 東京, 日本学術振興会, 1981, pp.472-473				http://tify.sub.uni-goettingen.de/demo.html?manifest=https://archdataset.dl.itc.u-tokyo.ac.jp/manifest/9e089630-6632-4431-949e-82f6531d29e1.json	9e089630-6632-4431-949e-82f6531d29e1	https://iiif.dl.itc.u-tokyo.ac.jp/repo/s/uparl/	https://iiif.dl.itc.u-tokyo.ac.jp/repo/s/asia/document/9e089630-6632-4431-949e-82f6531d29e1	https://www.lib.u-tokyo.ac.jp/ja/library/contents/archives-top/reuse	https://iiif.dl.itc.u-tokyo.ac.jp/repo/files/medium/9e0db2eec17157bc737106da27bc8efbaa27023c.jpg	https://iiif.dl.itc.u-tokyo.ac.jp/repo/api/items/186456	東京大学附属図書館アジア研究図書館上廣倫理財団寄付研究部門 / Uehiro Project for the Asian Research Library in the University of Tokyo, JAPAN	http://iiif.io/api/presentation/2#rightToLeftDirection		漢籍・碑帖拓本資料	G30495-14		https://iiif.dl.itc.u-tokyo.ac.jp/repo/iiif/186456/manifest					90
八旗氏族通譜 三十至三十二 [G30495-15]	中国清時代に刊行された満文書籍。	八旗氏族通譜八十巻首一巻 Baqi Shizu Tongpu 80 juan shou 1 juan Jakūn Gūsai Manjusai Mukūn Hala Be Uheri Ejehe Bithe 八旗氏族通谱八十卷首一卷 八旗氏族通譜八十卷首一卷	G30495	(巻首題)jakūn gūsai manjusai mukūn hala be uheri ejehe bithe	(清)弘昼奉勅撰	(清)乾隆9年12月3日	1745年	首巻, 80巻				木版	(内框)19.3×13.1cm	10行	印本	八旗氏族通譜	32冊	線装, 四針眼釘法	27.2×17.2cm	東京帝国大学図書印	東京大学総合図書館所蔵		G30-495	B33491		多賀秋五郎『中国宗譜の研究』上巻, 東京, 日本学術振興会, 1981, pp.472-473				http://tify.sub.uni-goettingen.de/demo.html?manifest=https://archdataset.dl.itc.u-tokyo.ac.jp/manifest/0796d191-7711-4d47-b31e-aef4acc0d2e1.json	0796d191-7711-4d47-b31e-aef4acc0d2e1	https://iiif.dl.itc.u-tokyo.ac.jp/repo/s/uparl/	https://iiif.dl.itc.u-tokyo.ac.jp/repo/s/asia/document/0796d191-7711-4d47-b31e-aef4acc0d2e1	https://www.lib.u-tokyo.ac.jp/ja/library/contents/archives-top/reuse	https://iiif.dl.itc.u-tokyo.ac.jp/repo/files/medium/cb03f2e53f3a47a3256bc4f439b34b88181652e7.jpg	https://iiif.dl.itc.u-tokyo.ac.jp/repo/api/items/186457	東京大学附属図書館アジア研究図書館上廣倫理財団寄付研究部門 / Uehiro Project for the Asian Research Library in the University of Tokyo, JAPAN	http://iiif.io/api/presentation/2#rightToLeftDirection		漢籍・碑帖拓本資料	G30495-15		https://iiif.dl.itc.u-tokyo.ac.jp/repo/iiif/186457/manifest					86
八旗氏族通譜 三十三至三十六 [G30495-16]	中国清時代に刊行された満文書籍。	八旗氏族通譜八十巻首一巻 Baqi Shizu Tongpu 80 juan shou 1 juan Jakūn Gūsai Manjusai Mukūn Hala Be Uheri Ejehe Bithe 八旗氏族通谱八十卷首一卷 八旗氏族通譜八十卷首一卷	G30495	(巻首題)jakūn gūsai manjusai mukūn hala be uheri ejehe bithe	(清)弘昼奉勅撰	(清)乾隆9年12月3日	1745年	首巻, 80巻				木版	(内框)19.3×13.1cm	10行	印本	八旗氏族通譜	32冊	線装, 四針眼釘法	27.2×17.2cm	東京帝国大学図書印	東京大学総合図書館所蔵		G30-495	B33491		多賀秋五郎『中国宗譜の研究』上巻, 東京, 日本学術振興会, 1981, pp.472-473				http://tify.sub.uni-goettingen.de/demo.html?manifest=https://archdataset.dl.itc.u-tokyo.ac.jp/manifest/9004b190-903b-4f08-aa86-6ea4aae4e62c.json	9004b190-903b-4f08-aa86-6ea4aae4e62c	https://iiif.dl.itc.u-tokyo.ac.jp/repo/s/uparl/	https://iiif.dl.itc.u-tokyo.ac.jp/repo/s/asia/document/9004b190-903b-4f08-aa86-6ea4aae4e62c	https://www.lib.u-tokyo.ac.jp/ja/library/contents/archives-top/reuse	https://iiif.dl.itc.u-tokyo.ac.jp/repo/files/medium/115b7ce43354160ed179216ccc1e5d778994ef2c.jpg	https://iiif.dl.itc.u-tokyo.ac.jp/repo/api/items/186458	東京大学附属図書館アジア研究図書館上廣倫理財団寄付研究部門 / Uehiro Project for the Asian Research Library in the University of Tokyo, JAPAN	http://iiif.io/api/presentation/2#rightToLeftDirection		漢籍・碑帖拓本資料	G30495-16		https://iiif.dl.itc.u-tokyo.ac.jp/repo/iiif/186458/manifest					78
八旗氏族通譜 三十六至三十九 [G30495-17]	中国清時代に刊行された満文書籍。	八旗氏族通譜八十巻首一巻 Baqi Shizu Tongpu 80 juan shou 1 juan Jakūn Gūsai Manjusai Mukūn Hala Be Uheri Ejehe Bithe 八旗氏族通谱八十卷首一卷 八旗氏族通譜八十卷首一卷	G30495	(巻首題)jakūn gūsai manjusai mukūn hala be uheri ejehe bithe	(清)弘昼奉勅撰	(清)乾隆9年12月3日	1745年	首巻, 80巻				木版	(内框)19.3×13.1cm	10行	印本	八旗氏族通譜	32冊	線装, 四針眼釘法	27.2×17.2cm	東京帝国大学図書印	東京大学総合図書館所蔵		G30-495	B33491		多賀秋五郎『中国宗譜の研究』上巻, 東京, 日本学術振興会, 1981, pp.472-473				http://tify.sub.uni-goettingen.de/demo.html?manifest=https://archdataset.dl.itc.u-tokyo.ac.jp/manifest/12d7efde-a52d-44b1-9486-9c260c9a9ef9.json	12d7efde-a52d-44b1-9486-9c260c9a9ef9	https://iiif.dl.itc.u-tokyo.ac.jp/repo/s/uparl/	https://iiif.dl.itc.u-tokyo.ac.jp/repo/s/asia/document/12d7efde-a52d-44b1-9486-9c260c9a9ef9	https://www.lib.u-tokyo.ac.jp/ja/library/contents/archives-top/reuse	https://iiif.dl.itc.u-tokyo.ac.jp/repo/files/medium/17b01759cb897198429ef0eca3e0bbe9e41cf543.jpg	https://iiif.dl.itc.u-tokyo.ac.jp/repo/api/items/186459	東京大学附属図書館アジア研究図書館上廣倫理財団寄付研究部門 / Uehiro Project for the Asian Research Library in the University of Tokyo, JAPAN	http://iiif.io/api/presentation/2#rightToLeftDirection		漢籍・碑帖拓本資料	G30495-17		https://iiif.dl.itc.u-tokyo.ac.jp/repo/iiif/186459/manifest					85
八旗氏族通譜 四十至四十三 [G30495-18]	中国清時代に刊行された満文書籍。	八旗氏族通譜八十巻首一巻 Baqi Shizu Tongpu 80 juan shou 1 juan Jakūn Gūsai Manjusai Mukūn Hala Be Uheri Ejehe Bithe 八旗氏族通谱八十卷首一卷 八旗氏族通譜八十卷首一卷	G30495	(巻首題)jakūn gūsai manjusai mukūn hala be uheri ejehe bithe	(清)弘昼奉勅撰	(清)乾隆9年12月3日	1745年	首巻, 80巻				木版	(内框)19.3×13.1cm	10行	印本	八旗氏族通譜	32冊	線装, 四針眼釘法	27.2×17.2cm	東京帝国大学図書印	東京大学総合図書館所蔵		G30-495	B33491		多賀秋五郎『中国宗譜の研究』上巻, 東京, 日本学術振興会, 1981, pp.472-473				http://tify.sub.uni-goettingen.de/demo.html?manifest=https://archdataset.dl.itc.u-tokyo.ac.jp/manifest/39cdaf46-21bc-459a-83d9-6a00593a3f2e.json	39cdaf46-21bc-459a-83d9-6a00593a3f2e	https://iiif.dl.itc.u-tokyo.ac.jp/repo/s/uparl/	https://iiif.dl.itc.u-tokyo.ac.jp/repo/s/asia/document/39cdaf46-21bc-459a-83d9-6a00593a3f2e	https://www.lib.u-tokyo.ac.jp/ja/library/contents/archives-top/reuse	https://iiif.dl.itc.u-tokyo.ac.jp/repo/files/medium/f7d90d4b2685b8d61bb63748a9f4c2e60b7961e9.jpg	https://iiif.dl.itc.u-tokyo.ac.jp/repo/api/items/186460	東京大学附属図書館アジア研究図書館上廣倫理財団寄付研究部門 / Uehiro Project for the Asian Research Library in the University of Tokyo, JAPAN	http://iiif.io/api/presentation/2#rightToLeftDirection		漢籍・碑帖拓本資料	G30495-18		https://iiif.dl.itc.u-tokyo.ac.jp/repo/iiif/186460/manifest					85
八旗氏族通譜 四十四至四十六 [G30495-19]	中国清時代に刊行された満文書籍。	八旗氏族通譜八十巻首一巻 Baqi Shizu Tongpu 80 juan shou 1 juan Jakūn Gūsai Manjusai Mukūn Hala Be Uheri Ejehe Bithe 八旗氏族通谱八十卷首一卷 八旗氏族通譜八十卷首一卷	G30495	(巻首題)jakūn gūsai manjusai mukūn hala be uheri ejehe bithe	(清)弘昼奉勅撰	(清)乾隆9年12月3日	1745年	首巻, 80巻				木版	(内框)19.3×13.1cm	10行	印本	八旗氏族通譜	32冊	線装, 四針眼釘法	27.2×17.2cm	東京帝国大学図書印	東京大学総合図書館所蔵		G30-495	B33491		多賀秋五郎『中国宗譜の研究』上巻, 東京, 日本学術振興会, 1981, pp.472-473				http://tify.sub.uni-goettingen.de/demo.html?manifest=https://archdataset.dl.itc.u-tokyo.ac.jp/manifest/7c3b0e60-9b03-4491-8916-b32605390d08.json	7c3b0e60-9b03-4491-8916-b32605390d08	https://iiif.dl.itc.u-tokyo.ac.jp/repo/s/uparl/	https://iiif.dl.itc.u-tokyo.ac.jp/repo/s/asia/document/7c3b0e60-9b03-4491-8916-b32605390d08	https://www.lib.u-tokyo.ac.jp/ja/library/contents/archives-top/reuse	https://iiif.dl.itc.u-tokyo.ac.jp/repo/files/medium/1710170421eb2716be879462abbb43669e5d750a.jpg	https://iiif.dl.itc.u-tokyo.ac.jp/repo/api/items/186461	東京大学附属図書館アジア研究図書館上廣倫理財団寄付研究部門 / Uehiro Project for the Asian Research Library in the University of Tokyo, JAPAN	http://iiif.io/api/presentation/2#rightToLeftDirection		漢籍・碑帖拓本資料	G30495-19		https://iiif.dl.itc.u-tokyo.ac.jp/repo/iiif/186461/manifest					73
八旗氏族通譜 四十七至四十九 [G30495-20]	中国清時代に刊行された満文書籍。	八旗氏族通譜八十巻首一巻 Baqi Shizu Tongpu 80 juan shou 1 juan Jakūn Gūsai Manjusai Mukūn Hala Be Uheri Ejehe Bithe 八旗氏族通谱八十卷首一卷 八旗氏族通譜八十卷首一卷	G30495	(巻首題)jakūn gūsai manjusai mukūn hala be uheri ejehe bithe	(清)弘昼奉勅撰	(清)乾隆9年12月3日	1745年	首巻, 80巻				木版	(内框)19.3×13.1cm	10行	印本	八旗氏族通譜	32冊	線装, 四針眼釘法	27.2×17.2cm	東京帝国大学図書印	東京大学総合図書館所蔵		G30-495	B33491		多賀秋五郎『中国宗譜の研究』上巻, 東京, 日本学術振興会, 1981, pp.472-473				http://tify.sub.uni-goettingen.de/demo.html?manifest=https://archdataset.dl.itc.u-tokyo.ac.jp/manifest/d441e875-20b7-4707-9dbe-da6fae2643c6.json	d441e875-20b7-4707-9dbe-da6fae2643c6	https://iiif.dl.itc.u-tokyo.ac.jp/repo/s/uparl/	https://iiif.dl.itc.u-tokyo.ac.jp/repo/s/asia/document/d441e875-20b7-4707-9dbe-da6fae2643c6	https://www.lib.u-tokyo.ac.jp/ja/library/contents/archives-top/reuse	https://iiif.dl.itc.u-tokyo.ac.jp/repo/files/medium/490dc7b63012dd4c4c8b82b3774516fbd070d176.jpg	https://iiif.dl.itc.u-tokyo.ac.jp/repo/api/items/186462	東京大学附属図書館アジア研究図書館上廣倫理財団寄付研究部門 / Uehiro Project for the Asian Research Library in the University of Tokyo, JAPAN	http://iiif.io/api/presentation/2#rightToLeftDirection		漢籍・碑帖拓本資料	G30495-20		https://iiif.dl.itc.u-tokyo.ac.jp/repo/iiif/186462/manifest					70
八旗氏族通譜 五十 五十一 [G30495-21]	中国清時代に刊行された満文書籍。	八旗氏族通譜八十巻首一巻 Baqi Shizu Tongpu 80 juan shou 1 juan Jakūn Gūsai Manjusai Mukūn Hala Be Uheri Ejehe Bithe 八旗氏族通谱八十卷首一卷 八旗氏族通譜八十卷首一卷	G30495	(巻首題)jakūn gūsai manjusai mukūn hala be uheri ejehe bithe	(清)弘昼奉勅撰	(清)乾隆9年12月3日	1745年	首巻, 80巻				木版	(内框)19.3×13.1cm	10行	印本	八旗氏族通譜	32冊	線装, 四針眼釘法	27.2×17.2cm	東京帝国大学図書印	東京大学総合図書館所蔵		G30-495	B33491		多賀秋五郎『中国宗譜の研究』上巻, 東京, 日本学術振興会, 1981, pp.472-473				http://tify.sub.uni-goettingen.de/demo.html?manifest=https://archdataset.dl.itc.u-tokyo.ac.jp/manifest/b060b878-e4af-4cf4-a410-6dba4f92a1b9.json	b060b878-e4af-4cf4-a410-6dba4f92a1b9	https://iiif.dl.itc.u-tokyo.ac.jp/repo/s/uparl/	https://iiif.dl.itc.u-tokyo.ac.jp/repo/s/asia/document/b060b878-e4af-4cf4-a410-6dba4f92a1b9	https://www.lib.u-tokyo.ac.jp/ja/library/contents/archives-top/reuse	https://iiif.dl.itc.u-tokyo.ac.jp/repo/files/medium/60d377dc3cb4e5a8bb663870dd007314ec78af58.jpg	https://iiif.dl.itc.u-tokyo.ac.jp/repo/api/items/186463	東京大学附属図書館アジア研究図書館上廣倫理財団寄付研究部門 / Uehiro Project for the Asian Research Library in the University of Tokyo, JAPAN	http://iiif.io/api/presentation/2#rightToLeftDirection		漢籍・碑帖拓本資料	G30495-21		https://iiif.dl.itc.u-tokyo.ac.jp/repo/iiif/186463/manifest					57
八旗氏族通譜 五十二至五十四 [G30495-22]	中国清時代に刊行された満文書籍。	八旗氏族通譜八十巻首一巻 Baqi Shizu Tongpu 80 juan shou 1 juan Jakūn Gūsai Manjusai Mukūn Hala Be Uheri Ejehe Bithe 八旗氏族通谱八十卷首一卷 八旗氏族通譜八十卷首一卷	G30495	(巻首題)jakūn gūsai manjusai mukūn hala be uheri ejehe bithe	(清)弘昼奉勅撰	(清)乾隆9年12月3日	1745年	首巻, 80巻				木版	(内框)19.3×13.1cm	10行	印本	八旗氏族通譜	32冊	線装, 四針眼釘法	27.2×17.2cm	東京帝国大学図書印	東京大学総合図書館所蔵		G30-495	B33491		多賀秋五郎『中国宗譜の研究』上巻, 東京, 日本学術振興会, 1981, pp.472-473				http://tify.sub.uni-goettingen.de/demo.html?manifest=https://archdataset.dl.itc.u-tokyo.ac.jp/manifest/fa51a51e-3393-406c-96c3-c62faa7ce642.json	fa51a51e-3393-406c-96c3-c62faa7ce642	https://iiif.dl.itc.u-tokyo.ac.jp/repo/s/uparl/	https://iiif.dl.itc.u-tokyo.ac.jp/repo/s/asia/document/fa51a51e-3393-406c-96c3-c62faa7ce642	https://www.lib.u-tokyo.ac.jp/ja/library/contents/archives-top/reuse	https://iiif.dl.itc.u-tokyo.ac.jp/repo/files/medium/760f15e67a18553bcc47fd5453e4ec825ce741f8.jpg	https://iiif.dl.itc.u-tokyo.ac.jp/repo/api/items/186464	東京大学附属図書館アジア研究図書館上廣倫理財団寄付研究部門 / Uehiro Project for the Asian Research Library in the University of Tokyo, JAPAN	http://iiif.io/api/presentation/2#rightToLeftDirection		漢籍・碑帖拓本資料	G30495-22		https://iiif.dl.itc.u-tokyo.ac.jp/repo/iiif/186464/manifest					78
八旗氏族通譜 五十五 五十六 [G30495-23]	中国清時代に刊行された満文書籍。	八旗氏族通譜八十巻首一巻 Baqi Shizu Tongpu 80 juan shou 1 juan Jakūn Gūsai Manjusai Mukūn Hala Be Uheri Ejehe Bithe 八旗氏族通谱八十卷首一卷 八旗氏族通譜八十卷首一卷	G30495	(巻首題)jakūn gūsai manjusai mukūn hala be uheri ejehe bithe	(清)弘昼奉勅撰	(清)乾隆9年12月3日	1745年	首巻, 80巻				木版	(内框)19.3×13.1cm	10行	印本	八旗氏族通譜	32冊	線装, 四針眼釘法	27.2×17.2cm	東京帝国大学図書印	東京大学総合図書館所蔵		G30-495	B33491		多賀秋五郎『中国宗譜の研究』上巻, 東京, 日本学術振興会, 1981, pp.472-473				http://tify.sub.uni-goettingen.de/demo.html?manifest=https://archdataset.dl.itc.u-tokyo.ac.jp/manifest/7878d837-d500-4a8d-bcbe-599faf1481b5.json	7878d837-d500-4a8d-bcbe-599faf1481b5	https://iiif.dl.itc.u-tokyo.ac.jp/repo/s/uparl/	https://iiif.dl.itc.u-tokyo.ac.jp/repo/s/asia/document/7878d837-d500-4a8d-bcbe-599faf1481b5	https://www.lib.u-tokyo.ac.jp/ja/library/contents/archives-top/reuse	https://iiif.dl.itc.u-tokyo.ac.jp/repo/files/medium/30d43efdbe82e261d6a244f3a462c8b3cf5e313c.jpg	https://iiif.dl.itc.u-tokyo.ac.jp/repo/api/items/186465	東京大学附属図書館アジア研究図書館上廣倫理財団寄付研究部門 / Uehiro Project for the Asian Research Library in the University of Tokyo, JAPAN	http://iiif.io/api/presentation/2#rightToLeftDirection		漢籍・碑帖拓本資料	G30495-23		https://iiif.dl.itc.u-tokyo.ac.jp/repo/iiif/186465/manifest					61
八旗氏族通譜 五十七 五十八 [G30495-24]	中国清時代に刊行された満文書籍。	八旗氏族通譜八十巻首一巻 Baqi Shizu Tongpu 80 juan shou 1 juan Jakūn Gūsai Manjusai Mukūn Hala Be Uheri Ejehe Bithe 八旗氏族通谱八十卷首一卷 八旗氏族通譜八十卷首一卷	G30495	(巻首題)jakūn gūsai manjusai mukūn hala be uheri ejehe bithe	(清)弘昼奉勅撰	(清)乾隆9年12月3日	1745年	首巻, 80巻				木版	(内框)19.3×13.1cm	10行	印本	八旗氏族通譜	32冊	線装, 四針眼釘法	27.2×17.2cm	東京帝国大学図書印	東京大学総合図書館所蔵		G30-495	B33491		多賀秋五郎『中国宗譜の研究』上巻, 東京, 日本学術振興会, 1981, pp.472-473				http://tify.sub.uni-goettingen.de/demo.html?manifest=https://archdataset.dl.itc.u-tokyo.ac.jp/manifest/e26a46f4-2868-4677-8f15-a32fd50ddbf1.json	e26a46f4-2868-4677-8f15-a32fd50ddbf1	https://iiif.dl.itc.u-tokyo.ac.jp/repo/s/uparl/	https://iiif.dl.itc.u-tokyo.ac.jp/repo/s/asia/document/e26a46f4-2868-4677-8f15-a32fd50ddbf1	https://www.lib.u-tokyo.ac.jp/ja/library/contents/archives-top/reuse	https://iiif.dl.itc.u-tokyo.ac.jp/repo/files/medium/4bce821e33dfcd5bb5d71004399672492e2f6209.jpg	https://iiif.dl.itc.u-tokyo.ac.jp/repo/api/items/186466	東京大学附属図書館アジア研究図書館上廣倫理財団寄付研究部門 / Uehiro Project for the Asian Research Library in the University of Tokyo, JAPAN	http://iiif.io/api/presentation/2#rightToLeftDirection		漢籍・碑帖拓本資料	G30495-24		https://iiif.dl.itc.u-tokyo.ac.jp/repo/iiif/186466/manifest					72
八旗氏族通譜 五十九至六十三 [G30495-25]	中国清時代に刊行された満文書籍。	八旗氏族通譜八十巻首一巻 Baqi Shizu Tongpu 80 juan shou 1 juan Jakūn Gūsai Manjusai Mukūn Hala Be Uheri Ejehe Bithe 八旗氏族通谱八十卷首一卷 八旗氏族通譜八十卷首一卷	G30495	(巻首題)jakūn gūsai manjusai mukūn hala be uheri ejehe bithe	(清)弘昼奉勅撰	(清)乾隆9年12月3日	1745年	首巻, 80巻				木版	(内框)19.3×13.1cm	10行	印本	八旗氏族通譜	32冊	線装, 四針眼釘法	27.2×17.2cm	東京帝国大学図書印	東京大学総合図書館所蔵		G30-495	B33491		多賀秋五郎『中国宗譜の研究』上巻, 東京, 日本学術振興会, 1981, pp.472-473				http://tify.sub.uni-goettingen.de/demo.html?manifest=https://archdataset.dl.itc.u-tokyo.ac.jp/manifest/7d4f0259-f190-4d61-ba53-3ba1fead3790.json	7d4f0259-f190-4d61-ba53-3ba1fead3790	https://iiif.dl.itc.u-tokyo.ac.jp/repo/s/uparl/	https://iiif.dl.itc.u-tokyo.ac.jp/repo/s/asia/document/7d4f0259-f190-4d61-ba53-3ba1fead3790	https://www.lib.u-tokyo.ac.jp/ja/library/contents/archives-top/reuse	https://iiif.dl.itc.u-tokyo.ac.jp/repo/files/medium/36dc71667642567b9ef2ab073d796afaee748f1d.jpg	https://iiif.dl.itc.u-tokyo.ac.jp/repo/api/items/186467	東京大学附属図書館アジア研究図書館上廣倫理財団寄付研究部門 / Uehiro Project for the Asian Research Library in the University of Tokyo, JAPAN	http://iiif.io/api/presentation/2#rightToLeftDirection		漢籍・碑帖拓本資料	G30495-25		https://iiif.dl.itc.u-tokyo.ac.jp/repo/iiif/186467/manifest					87
八旗氏族通譜 六十四至六十六 [G30495-26]	中国清時代に刊行された満文書籍。	八旗氏族通譜八十巻首一巻 Baqi Shizu Tongpu 80 juan shou 1 juan Jakūn Gūsai Manjusai Mukūn Hala Be Uheri Ejehe Bithe 八旗氏族通谱八十卷首一卷 八旗氏族通譜八十卷首一卷	G30495	(巻首題)jakūn gūsai manjusai mukūn hala be uheri ejehe bithe	(清)弘昼奉勅撰	(清)乾隆9年12月3日	1745年	首巻, 80巻				木版	(内框)19.3×13.1cm	10行	印本	八旗氏族通譜	32冊	線装, 四針眼釘法	27.2×17.2cm	東京帝国大学図書印	東京大学総合図書館所蔵		G30-495	B33491		多賀秋五郎『中国宗譜の研究』上巻, 東京, 日本学術振興会, 1981, pp.472-473				http://tify.sub.uni-goettingen.de/demo.html?manifest=https://archdataset.dl.itc.u-tokyo.ac.jp/manifest/d273af0a-6c99-41e5-8918-1ab5b08f75c8.json	d273af0a-6c99-41e5-8918-1ab5b08f75c8	https://iiif.dl.itc.u-tokyo.ac.jp/repo/s/uparl/	https://iiif.dl.itc.u-tokyo.ac.jp/repo/s/asia/document/d273af0a-6c99-41e5-8918-1ab5b08f75c8	https://www.lib.u-tokyo.ac.jp/ja/library/contents/archives-top/reuse	https://iiif.dl.itc.u-tokyo.ac.jp/repo/files/medium/ff19896a74d8cc46b26eaa4d2a659df69557ff92.jpg	https://iiif.dl.itc.u-tokyo.ac.jp/repo/api/items/186468	東京大学附属図書館アジア研究図書館上廣倫理財団寄付研究部門 / Uehiro Project for the Asian Research Library in the University of Tokyo, JAPAN	http://iiif.io/api/presentation/2#rightToLeftDirection		漢籍・碑帖拓本資料	G30495-26		https://iiif.dl.itc.u-tokyo.ac.jp/repo/iiif/186468/manifest					72
八旗氏族通譜 六十七 六十八 [G30495-27]	中国清時代に刊行された満文書籍。	八旗氏族通譜八十巻首一巻 Baqi Shizu Tongpu 80 juan shou 1 juan Jakūn Gūsai Manjusai Mukūn Hala Be Uheri Ejehe Bithe 八旗氏族通谱八十卷首一卷 八旗氏族通譜八十卷首一卷	G30495	(巻首題)jakūn gūsai manjusai mukūn hala be uheri ejehe bithe	(清)弘昼奉勅撰	(清)乾隆9年12月3日	1745年	首巻, 80巻				木版	(内框)19.3×13.1cm	10行	印本	八旗氏族通譜	32冊	線装, 四針眼釘法	27.2×17.2cm	東京帝国大学図書印	東京大学総合図書館所蔵		G30-495	B33491		多賀秋五郎『中国宗譜の研究』上巻, 東京, 日本学術振興会, 1981, pp.472-473				http://tify.sub.uni-goettingen.de/demo.html?manifest=https://archdataset.dl.itc.u-tokyo.ac.jp/manifest/69a7ccbf-84f6-4b30-ac15-edc924c93a0c.json	69a7ccbf-84f6-4b30-ac15-edc924c93a0c	https://iiif.dl.itc.u-tokyo.ac.jp/repo/s/uparl/	https://iiif.dl.itc.u-tokyo.ac.jp/repo/s/asia/document/69a7ccbf-84f6-4b30-ac15-edc924c93a0c	https://www.lib.u-tokyo.ac.jp/ja/library/contents/archives-top/reuse	https://iiif.dl.itc.u-tokyo.ac.jp/repo/files/medium/5aadf74e3774bab6759f0404c8da20335e1bc9f3.jpg	https://iiif.dl.itc.u-tokyo.ac.jp/repo/api/items/186469	東京大学附属図書館アジア研究図書館上廣倫理財団寄付研究部門 / Uehiro Project for the Asian Research Library in the University of Tokyo, JAPAN	http://iiif.io/api/presentation/2#rightToLeftDirection		漢籍・碑帖拓本資料	G30495-27		https://iiif.dl.itc.u-tokyo.ac.jp/repo/iiif/186469/manifest					70
八旗氏族通譜 六十九至七十一 [G30495-28]	中国清時代に刊行された満文書籍。	八旗氏族通譜八十巻首一巻 Baqi Shizu Tongpu 80 juan shou 1 juan Jakūn Gūsai Manjusai Mukūn Hala Be Uheri Ejehe Bithe 八旗氏族通谱八十卷首一卷 八旗氏族通譜八十卷首一卷	G30495	(巻首題)jakūn gūsai manjusai mukūn hala be uheri ejehe bithe	(清)弘昼奉勅撰	(清)乾隆9年12月3日	1745年	首巻, 80巻				木版	(内框)19.3×13.1cm	10行	印本	八旗氏族通譜	32冊	線装, 四針眼釘法	27.2×17.2cm	東京帝国大学図書印	東京大学総合図書館所蔵		G30-495	B33491		多賀秋五郎『中国宗譜の研究』上巻, 東京, 日本学術振興会, 1981, pp.472-473				http://tify.sub.uni-goettingen.de/demo.html?manifest=https://archdataset.dl.itc.u-tokyo.ac.jp/manifest/592783c9-1f5c-49aa-91c6-2cc5a07bd35c.json	592783c9-1f5c-49aa-91c6-2cc5a07bd35c	https://iiif.dl.itc.u-tokyo.ac.jp/repo/s/uparl/	https://iiif.dl.itc.u-tokyo.ac.jp/repo/s/asia/document/592783c9-1f5c-49aa-91c6-2cc5a07bd35c	https://www.lib.u-tokyo.ac.jp/ja/library/contents/archives-top/reuse	https://iiif.dl.itc.u-tokyo.ac.jp/repo/files/medium/8cae42d9c26fda6e3deac163c226615a9efb8064.jpg	https://iiif.dl.itc.u-tokyo.ac.jp/repo/api/items/186470	東京大学附属図書館アジア研究図書館上廣倫理財団寄付研究部門 / Uehiro Project for the Asian Research Library in the University of Tokyo, JAPAN	http://iiif.io/api/presentation/2#rightToLeftDirection		漢籍・碑帖拓本資料	G30495-28		https://iiif.dl.itc.u-tokyo.ac.jp/repo/iiif/186470/manifest					61
八旗氏族通譜 七十一至七十三 [G30495-29]	中国清時代に刊行された満文書籍。	八旗氏族通譜八十巻首一巻 Baqi Shizu Tongpu 80 juan shou 1 juan Jakūn Gūsai Manjusai Mukūn Hala Be Uheri Ejehe Bithe 八旗氏族通谱八十卷首一卷 八旗氏族通譜八十卷首一卷	G30495	(巻首題)jakūn gūsai manjusai mukūn hala be uheri ejehe bithe	(清)弘昼奉勅撰	(清)乾隆9年12月3日	1745年	首巻, 80巻				木版	(内框)19.3×13.1cm	10行	印本	八旗氏族通譜	32冊	線装, 四針眼釘法	27.2×17.2cm	東京帝国大学図書印	東京大学総合図書館所蔵		G30-495	B33491		多賀秋五郎『中国宗譜の研究』上巻, 東京, 日本学術振興会, 1981, pp.472-473				http://tify.sub.uni-goettingen.de/demo.html?manifest=https://archdataset.dl.itc.u-tokyo.ac.jp/manifest/4a619557-9578-46cf-a52a-24bc5e7c0d79.json	4a619557-9578-46cf-a52a-24bc5e7c0d79	https://iiif.dl.itc.u-tokyo.ac.jp/repo/s/uparl/	https://iiif.dl.itc.u-tokyo.ac.jp/repo/s/asia/document/4a619557-9578-46cf-a52a-24bc5e7c0d79	https://www.lib.u-tokyo.ac.jp/ja/library/contents/archives-top/reuse	https://iiif.dl.itc.u-tokyo.ac.jp/repo/files/medium/a7a1c04603f4fc8eb3b83e13e7ddc98ec5c98921.jpg	https://iiif.dl.itc.u-tokyo.ac.jp/repo/api/items/186471	東京大学附属図書館アジア研究図書館上廣倫理財団寄付研究部門 / Uehiro Project for the Asian Research Library in the University of Tokyo, JAPAN	http://iiif.io/api/presentation/2#rightToLeftDirection		漢籍・碑帖拓本資料	G30495-29		https://iiif.dl.itc.u-tokyo.ac.jp/repo/iiif/186471/manifest					59
八旗氏族通譜 七十四 七十五 [G30495-30]	中国清時代に刊行された満文書籍。	八旗氏族通譜八十巻首一巻 Baqi Shizu Tongpu 80 juan shou 1 juan Jakūn Gūsai Manjusai Mukūn Hala Be Uheri Ejehe Bithe 八旗氏族通谱八十卷首一卷 八旗氏族通譜八十卷首一卷	G30495	(巻首題)jakūn gūsai manjusai mukūn hala be uheri ejehe bithe	(清)弘昼奉勅撰	(清)乾隆9年12月3日	1745年	首巻, 80巻				木版	(内框)19.3×13.1cm	10行	印本	八旗氏族通譜	32冊	線装, 四針眼釘法	27.2×17.2cm	東京帝国大学図書印	東京大学総合図書館所蔵		G30-495	B33491		多賀秋五郎『中国宗譜の研究』上巻, 東京, 日本学術振興会, 1981, pp.472-473				http://tify.sub.uni-goettingen.de/demo.html?manifest=https://archdataset.dl.itc.u-tokyo.ac.jp/manifest/3d887282-c1fb-4a64-91eb-e10078fc508b.json	3d887282-c1fb-4a64-91eb-e10078fc508b	https://iiif.dl.itc.u-tokyo.ac.jp/repo/s/uparl/	https://iiif.dl.itc.u-tokyo.ac.jp/repo/s/asia/document/3d887282-c1fb-4a64-91eb-e10078fc508b	https://www.lib.u-tokyo.ac.jp/ja/library/contents/archives-top/reuse	https://iiif.dl.itc.u-tokyo.ac.jp/repo/files/medium/92740dff877d18ab2362a2b9ec9605cb9c007e9a.jpg	https://iiif.dl.itc.u-tokyo.ac.jp/repo/api/items/186472	東京大学附属図書館アジア研究図書館上廣倫理財団寄付研究部門 / Uehiro Project for the Asian Research Library in the University of Tokyo, JAPAN	http://iiif.io/api/presentation/2#rightToLeftDirection		漢籍・碑帖拓本資料	G30495-30		https://iiif.dl.itc.u-tokyo.ac.jp/repo/iiif/186472/manifest					53
八旗氏族通譜 七十六 七十七 [G30495-31]	中国清時代に刊行された満文書籍。	八旗氏族通譜八十巻首一巻 Baqi Shizu Tongpu 80 juan shou 1 juan Jakūn Gūsai Manjusai Mukūn Hala Be Uheri Ejehe Bithe 八旗氏族通谱八十卷首一卷 八旗氏族通譜八十卷首一卷	G30495	(巻首題)jakūn gūsai manjusai mukūn hala be uheri ejehe bithe	(清)弘昼奉勅撰	(清)乾隆9年12月3日	1745年	首巻, 80巻				木版	(内框)19.3×13.1cm	10行	印本	八旗氏族通譜	32冊	線装, 四針眼釘法	27.2×17.2cm	東京帝国大学図書印	東京大学総合図書館所蔵		G30-495	B33491		多賀秋五郎『中国宗譜の研究』上巻, 東京, 日本学術振興会, 1981, pp.472-473				http://tify.sub.uni-goettingen.de/demo.html?manifest=https://archdataset.dl.itc.u-tokyo.ac.jp/manifest/2dd46b79-cd14-40db-8797-0be8d706541d.json	2dd46b79-cd14-40db-8797-0be8d706541d	https://iiif.dl.itc.u-tokyo.ac.jp/repo/s/uparl/	https://iiif.dl.itc.u-tokyo.ac.jp/repo/s/asia/document/2dd46b79-cd14-40db-8797-0be8d706541d	https://www.lib.u-tokyo.ac.jp/ja/library/contents/archives-top/reuse	https://iiif.dl.itc.u-tokyo.ac.jp/repo/files/medium/ffc79aac27da4a3e6a0e7c042d2859599e3af005.jpg	https://iiif.dl.itc.u-tokyo.ac.jp/repo/api/items/186473	東京大学附属図書館アジア研究図書館上廣倫理財団寄付研究部門 / Uehiro Project for the Asian Research Library in the University of Tokyo, JAPAN	http://iiif.io/api/presentation/2#rightToLeftDirection		漢籍・碑帖拓本資料	G30495-31		https://iiif.dl.itc.u-tokyo.ac.jp/repo/iiif/186473/manifest					79
八旗氏族通譜 七十八至八十 [G30495-32]	中国清時代に刊行された満文書籍。	八旗氏族通譜八十巻首一巻 Baqi Shizu Tongpu 80 juan shou 1 juan Jakūn Gūsai Manjusai Mukūn Hala Be Uheri Ejehe Bithe 八旗氏族通谱八十卷首一卷 八旗氏族通譜八十卷首一卷	G30495	(巻首題)jakūn gūsai manjusai mukūn hala be uheri ejehe bithe	(清)弘昼奉勅撰	(清)乾隆9年12月3日	1745年	首巻, 80巻				木版	(内框)19.3×13.1cm	10行	印本	八旗氏族通譜	32冊	線装, 四針眼釘法	27.2×17.2cm	東京帝国大学図書印	東京大学総合図書館所蔵		G30-495	B33491		多賀秋五郎『中国宗譜の研究』上巻, 東京, 日本学術振興会, 1981, pp.472-473				http://tify.sub.uni-goettingen.de/demo.html?manifest=https://archdataset.dl.itc.u-tokyo.ac.jp/manifest/b01e58d8-019c-4f4a-9a70-a1296dca7798.json	b01e58d8-019c-4f4a-9a70-a1296dca7798	https://iiif.dl.itc.u-tokyo.ac.jp/repo/s/uparl/	https://iiif.dl.itc.u-tokyo.ac.jp/repo/s/asia/document/b01e58d8-019c-4f4a-9a70-a1296dca7798	https://www.lib.u-tokyo.ac.jp/ja/library/contents/archives-top/reuse	https://iiif.dl.itc.u-tokyo.ac.jp/repo/files/medium/5a534cc9d308c0e66aa49e73d31559b05b5f9d25.jpg	https://iiif.dl.itc.u-tokyo.ac.jp/repo/api/items/186474	東京大学附属図書館アジア研究図書館上廣倫理財団寄付研究部門 / Uehiro Project for the Asian Research Library in the University of Tokyo, JAPAN	http://iiif.io/api/presentation/2#rightToLeftDirection		漢籍・碑帖拓本資料	G30495-32		https://iiif.dl.itc.u-tokyo.ac.jp/repo/iiif/186474/manifest					67
