タイトル	請求記号	タイトルヨミ	別タイトル	著者	出版社	出版年（西暦）	出版年（和暦）	著作の構成	刊写の別	大きさ（縦×横）	注記	言語	種別	公開コレクション名	iiif viewer	ID	ウェブサイトURL	アイテムURL	利用条件	サムネイル	機械可読ドキュメント	帰属	viewingDirection	viewingHint	コレクション	ソート用項目	西暦	IIIFマニフェストURI	IIIF Search API URI	アノテーション付きIIIFマニフェストURI	Link to TAPAS Project	Text with Rich Text Format	# of media
dcterms:title	dcndl:callNumber	dcndl:titleTranscription	dcterms:alternative	dcterms:creator	dcterms:publisher	dcterms:issued	dcterms:date	bibo:numVolumes	dcterms:type	dcterms:extent	dcterms:description	dcterms:language	dcndl:materialType	uterms:bunko	iiif viewer	bibo:identifier	dcterms:isPartOf	dcterms:relation	dcterms:rights	foaf:thumbnail	rdfs:seeAlso	sc:attributionLabel	sc:viewingDirection	sc:viewingHint	uterms:databaseLabel	uterms:sort	uterms:year	uterms:manifestUri	uterms:searchApiUri	uterms:annotedManifest	uterms:linkToTapas	uterms:rtf	6768
真言陀羅尼	A00:4011	シンゴン ダラニ		宗存[著]	不明	不明	不明	1軸	刊	小	分類:仏教マイクロフィルム番号:9-11-1	中国語	漢籍		http://tify.sub.uni-goettingen.de/demo.html?manifest=https://archdataset.dl.itc.u-tokyo.ac.jp/manifest/1f35990b-a490-1a63-2ab0-32cd98112cf7.json	1f35990b-a490-1a63-2ab0-32cd98112cf7	https://iiif.dl.itc.u-tokyo.ac.jp/repo/s/koten/	https://iiif.dl.itc.u-tokyo.ac.jp/repo/s/koten/document/1f35990b-a490-1a63-2ab0-32cd98112cf7	https://www.lib.u-tokyo.ac.jp/ja/library/contents/archives-top/reuse	https://iiif.dl.itc.u-tokyo.ac.jp/repo/files/medium/93b6ba1757df60b8d1d7165c0d8bf731126f3d31.jpg	https://iiif.dl.itc.u-tokyo.ac.jp/repo/api/items/172011	東京大学総合図書館 General Library, The University of Tokyo, JAPAN	http://iiif.io/api/presentation/2#rightToLeftDirection		総合図書館所蔵古典籍	1		https://iiif.dl.itc.u-tokyo.ac.jp/repo/iiif/172011/manifest					49
家傳通外方	A00:6470	カデン  ツウガイホウ		度會常辰[著]	不明	不明	不明	2冊	写	28 cm	"題簽   :  家伝通外印記  :  岡崎桂一郎  光義之印、 朱印光高ノ黒印アリ巻末ニ「家傳通外上下二巻謹記之  于時永祿二年巳未冬十月十一日、正五位下度會常辰抜萃」トアリ分類:医学
マイクロフィルム番号:6-31-3"	日本語	和古書	鶚軒文庫	http://tify.sub.uni-goettingen.de/demo.html?manifest=https://archdataset.dl.itc.u-tokyo.ac.jp/manifest/70b9201c-60a5-1234-1ffd-83e62cc2416e.json	70b9201c-60a5-1234-1ffd-83e62cc2416e	https://iiif.dl.itc.u-tokyo.ac.jp/repo/s/koten/	https://iiif.dl.itc.u-tokyo.ac.jp/repo/s/koten/document/70b9201c-60a5-1234-1ffd-83e62cc2416e	https://www.lib.u-tokyo.ac.jp/ja/library/contents/archives-top/reuse	https://iiif.dl.itc.u-tokyo.ac.jp/repo/files/medium/3d90955e10b222feeaabcd72726b44ca46fb5a7c.jpg	https://iiif.dl.itc.u-tokyo.ac.jp/repo/api/items/171979	東京大学総合図書館 General Library, The University of Tokyo, JAPAN	http://iiif.io/api/presentation/2#rightToLeftDirection		総合図書館所蔵古典籍	10		https://iiif.dl.itc.u-tokyo.ac.jp/repo/iiif/171979/manifest					99
管蠡草灸診抄	A00:6477	カンレイ  ソウキュウ  シンショウ		度會常光[著]	不明	1546	天文15	74丁(帙入)	写	28 cm	"印記 : 岡崎桂一郎度會常辰筆分類:医学
マイクロフィルム番号:6-31-4"	日本語	和古書	鶚軒文庫	http://tify.sub.uni-goettingen.de/demo.html?manifest=https://archdataset.dl.itc.u-tokyo.ac.jp/manifest/255d0375-6a99-273b-0f01-2534091452a4.json	255d0375-6a99-273b-0f01-2534091452a4	https://iiif.dl.itc.u-tokyo.ac.jp/repo/s/koten/	https://iiif.dl.itc.u-tokyo.ac.jp/repo/s/koten/document/255d0375-6a99-273b-0f01-2534091452a4	https://www.lib.u-tokyo.ac.jp/ja/library/contents/archives-top/reuse	https://iiif.dl.itc.u-tokyo.ac.jp/repo/files/medium/374dfb21ffd60bc238d3e625f0e60601fd05d77d.jpg	https://iiif.dl.itc.u-tokyo.ac.jp/repo/api/items/171982	東京大学総合図書館 General Library, The University of Tokyo, JAPAN	http://iiif.io/api/presentation/2#rightToLeftDirection		総合図書館所蔵古典籍	11		https://iiif.dl.itc.u-tokyo.ac.jp/repo/iiif/171982/manifest					77
恒民粋	A00:6483	コウミンスイ		曲直瀬道三[著]	不明	不明	不明	5冊(1帙入)	写	26  cm	"自筆本印記  :   鶚軒文庫、鶚軒所穫分類:医学
マイクロフィルム番号:6-31-7"	日本語	和古書	鶚軒文庫	http://tify.sub.uni-goettingen.de/demo.html?manifest=https://archdataset.dl.itc.u-tokyo.ac.jp/manifest/d7186cac-857f-23f6-3e96-b84378a410c7.json	d7186cac-857f-23f6-3e96-b84378a410c7	https://iiif.dl.itc.u-tokyo.ac.jp/repo/s/koten/	https://iiif.dl.itc.u-tokyo.ac.jp/repo/s/koten/document/d7186cac-857f-23f6-3e96-b84378a410c7	https://www.lib.u-tokyo.ac.jp/ja/library/contents/archives-top/reuse	https://iiif.dl.itc.u-tokyo.ac.jp/repo/files/medium/3051d4ce9b67e9d94cdd122495305ba6280ab439.jpg	https://iiif.dl.itc.u-tokyo.ac.jp/repo/api/items/171992	東京大学総合図書館 General Library, The University of Tokyo, JAPAN	http://iiif.io/api/presentation/2#rightToLeftDirection		総合図書館所蔵古典籍	12		https://iiif.dl.itc.u-tokyo.ac.jp/repo/iiif/171992/manifest					208
診切枢要	A00:6488	シンセツ  スウヨウ		曲直瀬道三[著]	不明	不明	不明	29丁(帙入)	写	26 cm	"曲直瀬正琳写印記 : 望氷壬戌巳後所集舊斬古●三井家雙●閣、雙蔑●臧分類:医学
マイクロフィルム番号:6-31-8"	日本語	和古書	鶚軒文庫	http://tify.sub.uni-goettingen.de/demo.html?manifest=https://archdataset.dl.itc.u-tokyo.ac.jp/manifest/0ace76fd-80f5-5406-5607-0879c0737535.json	0ace76fd-80f5-5406-5607-0879c0737535	https://iiif.dl.itc.u-tokyo.ac.jp/repo/s/koten/	https://iiif.dl.itc.u-tokyo.ac.jp/repo/s/koten/document/0ace76fd-80f5-5406-5607-0879c0737535	https://www.lib.u-tokyo.ac.jp/ja/library/contents/archives-top/reuse	https://iiif.dl.itc.u-tokyo.ac.jp/repo/files/medium/f0beb571fef1e177a2abb7798fcae7b7a8f2bdd4.jpg	https://iiif.dl.itc.u-tokyo.ac.jp/repo/api/items/172018	東京大学総合図書館 General Library, The University of Tokyo, JAPAN	http://iiif.io/api/presentation/2#rightToLeftDirection		総合図書館所蔵古典籍	13		https://iiif.dl.itc.u-tokyo.ac.jp/repo/iiif/172018/manifest					33
新刊勿聴子俗解八十一難経	A00:6513	しんかんぶっちょうしぞっかいはちじゅういちなんけい		熊宗立[著]	不明	1608	慶長13	198丁	写	26 cm	"土肥文庫旧蔵、帙入印記 : 茂木文庫鶚軒文庫題簽 : 難経抄分類:医学
マイクロフィルム番号:6-31-5"	日本語	和古書	鶚軒文庫	http://tify.sub.uni-goettingen.de/demo.html?manifest=https://archdataset.dl.itc.u-tokyo.ac.jp/manifest/c391c0b7-642b-7f20-902d-6bfc6b3c8d0a.json	c391c0b7-642b-7f20-902d-6bfc6b3c8d0a	https://iiif.dl.itc.u-tokyo.ac.jp/repo/s/koten/	https://iiif.dl.itc.u-tokyo.ac.jp/repo/s/koten/document/c391c0b7-642b-7f20-902d-6bfc6b3c8d0a	https://www.lib.u-tokyo.ac.jp/ja/library/contents/archives-top/reuse	https://iiif.dl.itc.u-tokyo.ac.jp/repo/files/medium/885eca8d8fbe6d587d01eecbb324b8d5bb1ca3c5.jpg	https://iiif.dl.itc.u-tokyo.ac.jp/repo/api/items/172031	東京大学総合図書館 General Library, The University of Tokyo, JAPAN	http://iiif.io/api/presentation/2#rightToLeftDirection		総合図書館所蔵古典籍	14		https://iiif.dl.itc.u-tokyo.ac.jp/repo/iiif/172031/manifest					202
脉訣	A00:6516	ミャクケツ		崔嘉彦[著] ; 紫虚崔真人撰	不明	不明	不明	20丁	写	28 cm	"帙入題簽 : 鼻祖一渓叟道三墨蹟  奥山春斉蔵分類:医学
マイクロフィルム番号:6-31-6"	中国語	漢籍	鶚軒文庫	http://tify.sub.uni-goettingen.de/demo.html?manifest=https://archdataset.dl.itc.u-tokyo.ac.jp/manifest/4d9020c1-0096-86d9-130f-c67d20ee2a85.json	4d9020c1-0096-86d9-130f-c67d20ee2a85	https://iiif.dl.itc.u-tokyo.ac.jp/repo/s/koten/	https://iiif.dl.itc.u-tokyo.ac.jp/repo/s/koten/document/4d9020c1-0096-86d9-130f-c67d20ee2a85	https://www.lib.u-tokyo.ac.jp/ja/library/contents/archives-top/reuse	https://iiif.dl.itc.u-tokyo.ac.jp/repo/files/medium/b5f64aaf2f0be538bc422782b226488664bbb3c0.jpg	https://iiif.dl.itc.u-tokyo.ac.jp/repo/api/items/172000	東京大学総合図書館 General Library, The University of Tokyo, JAPAN	http://iiif.io/api/presentation/2#rightToLeftDirection		総合図書館所蔵古典籍	15		https://iiif.dl.itc.u-tokyo.ac.jp/repo/iiif/172000/manifest					24
避子説	A00:6406	ヒシセツ		天野信景[著]	不明	1701	元禄14	1冊	写	大	"自筆稿本分類:漢学
マイクロフィルム番号:6-32-20"	日本語	和古書		http://tify.sub.uni-goettingen.de/demo.html?manifest=https://archdataset.dl.itc.u-tokyo.ac.jp/manifest/dd296df6-38fa-a025-7371-5e7d2ceb2046.json	dd296df6-38fa-a025-7371-5e7d2ceb2046	https://iiif.dl.itc.u-tokyo.ac.jp/repo/s/koten/	https://iiif.dl.itc.u-tokyo.ac.jp/repo/s/koten/document/dd296df6-38fa-a025-7371-5e7d2ceb2046	https://www.lib.u-tokyo.ac.jp/ja/library/contents/archives-top/reuse	https://iiif.dl.itc.u-tokyo.ac.jp/repo/files/medium/cf68a50838e4e72cf58899d01b53c33c097d0c04.jpg	https://iiif.dl.itc.u-tokyo.ac.jp/repo/api/items/171973	東京大学総合図書館 General Library, The University of Tokyo, JAPAN	http://iiif.io/api/presentation/2#rightToLeftDirection		総合図書館所蔵古典籍	16		https://iiif.dl.itc.u-tokyo.ac.jp/repo/iiif/171973/manifest					8
長恨歌圖抄	A00:4192	チョウゴンカ  ズショウ			不明	1677	延宝5	5巻5冊	刊	大	分類:漢詩・注釈マイクロフィルム番号:7-8-1	日本語	和古書		http://tify.sub.uni-goettingen.de/demo.html?manifest=https://archdataset.dl.itc.u-tokyo.ac.jp/manifest/cd187574-954d-6fb0-0874-a3e39ad16ac2.json	cd187574-954d-6fb0-0874-a3e39ad16ac2	https://iiif.dl.itc.u-tokyo.ac.jp/repo/s/koten/	https://iiif.dl.itc.u-tokyo.ac.jp/repo/s/koten/document/cd187574-954d-6fb0-0874-a3e39ad16ac2	https://www.lib.u-tokyo.ac.jp/ja/library/contents/archives-top/reuse	https://iiif.dl.itc.u-tokyo.ac.jp/repo/files/medium/8e6a3d98535d5896a992aa9a119c8bece89ea9ba.jpg	https://iiif.dl.itc.u-tokyo.ac.jp/repo/api/items/171966	東京大学総合図書館 General Library, The University of Tokyo, JAPAN	http://iiif.io/api/presentation/2#rightToLeftDirection		総合図書館所蔵古典籍	17		https://iiif.dl.itc.u-tokyo.ac.jp/repo/iiif/171966/manifest					152
一葉抄	A00:4202	イチヨウショウ			不明	不明	不明	1冊	写	大	分類:歌学マイクロフィルム番号:7-9-5	日本語	和古書		http://tify.sub.uni-goettingen.de/demo.html?manifest=https://archdataset.dl.itc.u-tokyo.ac.jp/manifest/2c2614d0-8c8e-8088-284a-92c977dc6774.json	2c2614d0-8c8e-8088-284a-92c977dc6774	https://iiif.dl.itc.u-tokyo.ac.jp/repo/s/koten/	https://iiif.dl.itc.u-tokyo.ac.jp/repo/s/koten/document/2c2614d0-8c8e-8088-284a-92c977dc6774	https://www.lib.u-tokyo.ac.jp/ja/library/contents/archives-top/reuse	https://iiif.dl.itc.u-tokyo.ac.jp/repo/files/medium/74d065ff9bad2c3fec2dace6198d6e1196cb1266.jpg	https://iiif.dl.itc.u-tokyo.ac.jp/repo/api/items/171975	東京大学総合図書館 General Library, The University of Tokyo, JAPAN	http://iiif.io/api/presentation/2#rightToLeftDirection		総合図書館所蔵古典籍	18		https://iiif.dl.itc.u-tokyo.ac.jp/repo/iiif/171975/manifest					105
義経一代記第二綴くらま山	A00:4131	ヨシツネ イチダイキ ダイニテツ クラマヤマ		柳亭種彦作 ; 柳川重信畫	不明	不明	不明	1冊	写	小	"自筆本分類:合巻
マイクロフィルム番号:7-11-21"	日本語	和古書		http://tify.sub.uni-goettingen.de/demo.html?manifest=https://archdataset.dl.itc.u-tokyo.ac.jp/manifest/b6aef1c0-7a83-1379-0094-7009198b4291.json	b6aef1c0-7a83-1379-0094-7009198b4291	https://iiif.dl.itc.u-tokyo.ac.jp/repo/s/koten/	https://iiif.dl.itc.u-tokyo.ac.jp/repo/s/koten/document/b6aef1c0-7a83-1379-0094-7009198b4291	https://www.lib.u-tokyo.ac.jp/ja/library/contents/archives-top/reuse	https://iiif.dl.itc.u-tokyo.ac.jp/repo/files/medium/5b3f01f959f47bd23ab3dbeceeff7778bd219109.jpg	https://iiif.dl.itc.u-tokyo.ac.jp/repo/api/items/172029	東京大学総合図書館 General Library, The University of Tokyo, JAPAN	http://iiif.io/api/presentation/2#rightToLeftDirection		総合図書館所蔵古典籍	19		https://iiif.dl.itc.u-tokyo.ac.jp/repo/iiif/172029/manifest					10
験号	A00:6552	ケンゴウ	験號	Remmelin, Johann著	大坂 : 渋川清右衛門	1794	寛政6	1冊	刊	15 cm	"印記 : 江坂家ノ未印験號は和蘭全躯内外分合図の一部。分類:医学
マイクロフィルム番号:6-7-12"	日本語	和古書	鶚軒文庫	http://tify.sub.uni-goettingen.de/demo.html?manifest=https://archdataset.dl.itc.u-tokyo.ac.jp/manifest/20e39fc5-a301-2156-20ea-8082dd32289f.json	20e39fc5-a301-2156-20ea-8082dd32289f	https://iiif.dl.itc.u-tokyo.ac.jp/repo/s/koten/	https://iiif.dl.itc.u-tokyo.ac.jp/repo/s/koten/document/20e39fc5-a301-2156-20ea-8082dd32289f	https://www.lib.u-tokyo.ac.jp/ja/library/contents/archives-top/reuse	https://iiif.dl.itc.u-tokyo.ac.jp/repo/files/medium/80940f167adbea1eee646cfe843fb5766f2c1275.jpg	https://iiif.dl.itc.u-tokyo.ac.jp/repo/api/items/171985	東京大学総合図書館 General Library, The University of Tokyo, JAPAN	http://iiif.io/api/presentation/2#rightToLeftDirection		総合図書館所蔵古典籍	2		https://iiif.dl.itc.u-tokyo.ac.jp/repo/iiif/171985/manifest					46
(新鍥)雲林神彀	A00:6469	シンケイ ウンリン シンコウ		龔廷賢[著] ; 龔●陞, 呉濟民校	不明	1597	萬暦25	2冊(1帙入)	刊	25 cm	"印記 : 吉家氏蔵、森氏、杉本氏蔵分類:医学
マイクロフィルム番号:7-11-11"	中国語	漢籍	鶚軒文庫	http://tify.sub.uni-goettingen.de/demo.html?manifest=https://archdataset.dl.itc.u-tokyo.ac.jp/manifest/f67b71a9-8295-7ee7-6b3c-43798c0182d6.json	f67b71a9-8295-7ee7-6b3c-43798c0182d6	https://iiif.dl.itc.u-tokyo.ac.jp/repo/s/koten/	https://iiif.dl.itc.u-tokyo.ac.jp/repo/s/koten/document/f67b71a9-8295-7ee7-6b3c-43798c0182d6	https://www.lib.u-tokyo.ac.jp/ja/library/contents/archives-top/reuse	https://iiif.dl.itc.u-tokyo.ac.jp/repo/files/medium/8bbc3edc8fad2ef22277878824f2eaff16fa9cbc.jpg	https://iiif.dl.itc.u-tokyo.ac.jp/repo/api/items/172027	東京大学総合図書館 General Library, The University of Tokyo, JAPAN	http://iiif.io/api/presentation/2#rightToLeftDirection		総合図書館所蔵古典籍	20		https://iiif.dl.itc.u-tokyo.ac.jp/repo/iiif/172027/manifest					145
書史会要及補遺	A00:5877	ショシ カイヨウ オヨビ ホイ		陶宗儀[著]	不明	不明	不明	10巻3冊	写	大	分類:目録マイクロフィルム番号:7-13-2	中国語	漢籍	青洲文庫	http://tify.sub.uni-goettingen.de/demo.html?manifest=https://archdataset.dl.itc.u-tokyo.ac.jp/manifest/04d80d2f-7432-00cd-a1d1-2f1333d84743.json	04d80d2f-7432-00cd-a1d1-2f1333d84743	https://iiif.dl.itc.u-tokyo.ac.jp/repo/s/koten/	https://iiif.dl.itc.u-tokyo.ac.jp/repo/s/koten/document/04d80d2f-7432-00cd-a1d1-2f1333d84743	https://www.lib.u-tokyo.ac.jp/ja/library/contents/archives-top/reuse	https://iiif.dl.itc.u-tokyo.ac.jp/repo/files/medium/33b9985855ef89996c0ac962294dcee7d1cdbb84.jpg	https://iiif.dl.itc.u-tokyo.ac.jp/repo/api/items/172016	東京大学総合図書館 General Library, The University of Tokyo, JAPAN	http://iiif.io/api/presentation/2#rightToLeftDirection		総合図書館所蔵古典籍	21		https://iiif.dl.itc.u-tokyo.ac.jp/repo/iiif/172016/manifest					257
天神記	A00:5770	テンジンキ			不明	不明	不明	1冊	写	中	分類:室町物語マイクロフィルム番号:7-15-16	日本語	和古書		http://tify.sub.uni-goettingen.de/demo.html?manifest=https://archdataset.dl.itc.u-tokyo.ac.jp/manifest/43ca8e1d-087d-5bdc-3bc3-372800f60cb6.json	43ca8e1d-087d-5bdc-3bc3-372800f60cb6	https://iiif.dl.itc.u-tokyo.ac.jp/repo/s/koten/	https://iiif.dl.itc.u-tokyo.ac.jp/repo/s/koten/document/43ca8e1d-087d-5bdc-3bc3-372800f60cb6	https://www.lib.u-tokyo.ac.jp/ja/library/contents/archives-top/reuse	https://iiif.dl.itc.u-tokyo.ac.jp/repo/files/medium/15158cd4065954556ac6f12f59e7cf7df45729e6.jpg	https://iiif.dl.itc.u-tokyo.ac.jp/repo/api/items/172022	東京大学総合図書館 General Library, The University of Tokyo, JAPAN	http://iiif.io/api/presentation/2#rightToLeftDirection		総合図書館所蔵古典籍	22		https://iiif.dl.itc.u-tokyo.ac.jp/repo/iiif/172022/manifest					13
文正草子	A00:6056	ブンショウ  ソウシ			不明	不明	不明	1冊	写	中	"奈良絵本内題 : 塩賣物語分類:室町物語
マイクロフィルム番号:7-15-15"	日本語	和古書		http://tify.sub.uni-goettingen.de/demo.html?manifest=https://archdataset.dl.itc.u-tokyo.ac.jp/manifest/7feffc5a-659e-02e0-40df-df42e9059307.json	7feffc5a-659e-02e0-40df-df42e9059307	https://iiif.dl.itc.u-tokyo.ac.jp/repo/s/koten/	https://iiif.dl.itc.u-tokyo.ac.jp/repo/s/koten/document/7feffc5a-659e-02e0-40df-df42e9059307	https://www.lib.u-tokyo.ac.jp/ja/library/contents/archives-top/reuse	https://iiif.dl.itc.u-tokyo.ac.jp/repo/files/medium/ae4261ac9b3cdea8d59391d6876676d6d29dbdfe.jpg	https://iiif.dl.itc.u-tokyo.ac.jp/repo/api/items/171965	東京大学総合図書館 General Library, The University of Tokyo, JAPAN	http://iiif.io/api/presentation/2#rightToLeftDirection		総合図書館所蔵古典籍	23		https://iiif.dl.itc.u-tokyo.ac.jp/repo/iiif/171965/manifest					68
老子	A00:6295	ロウシ		河上公註	不明	不明	不明	1冊	写	大	分類:漢学マイクロフィルム番号:7-15-20	中国語	漢籍	南葵文庫	http://tify.sub.uni-goettingen.de/demo.html?manifest=https://archdataset.dl.itc.u-tokyo.ac.jp/manifest/586ea69e-70f6-36b0-9e8c-64ff5f4c3f09.json	586ea69e-70f6-36b0-9e8c-64ff5f4c3f09	https://iiif.dl.itc.u-tokyo.ac.jp/repo/s/koten/	https://iiif.dl.itc.u-tokyo.ac.jp/repo/s/koten/document/586ea69e-70f6-36b0-9e8c-64ff5f4c3f09	https://www.lib.u-tokyo.ac.jp/ja/library/contents/archives-top/reuse	https://iiif.dl.itc.u-tokyo.ac.jp/repo/files/medium/137f695d2b42d95d1b2704fa294c20c79ee24eb5.jpg	https://iiif.dl.itc.u-tokyo.ac.jp/repo/api/items/172007	東京大学総合図書館 General Library, The University of Tokyo, JAPAN	http://iiif.io/api/presentation/2#rightToLeftDirection		総合図書館所蔵古典籍	24		https://iiif.dl.itc.u-tokyo.ac.jp/repo/iiif/172007/manifest					69
月日の本地	A00:6334	ツキヒ ノ ホンジ	月日の物語		不明	不明	不明	1軸	写	大	分類:室町物語マイクロフィルム番号:7-16-5	日本語	和古書		http://tify.sub.uni-goettingen.de/demo.html?manifest=https://archdataset.dl.itc.u-tokyo.ac.jp/manifest/b64a927b-3706-22ba-0aeb-550af6195588.json	b64a927b-3706-22ba-0aeb-550af6195588	https://iiif.dl.itc.u-tokyo.ac.jp/repo/s/koten/	https://iiif.dl.itc.u-tokyo.ac.jp/repo/s/koten/document/b64a927b-3706-22ba-0aeb-550af6195588	https://www.lib.u-tokyo.ac.jp/ja/library/contents/archives-top/reuse	https://iiif.dl.itc.u-tokyo.ac.jp/repo/files/medium/51004ac9dc71f52db7cc505c3b6f263aa4976374.jpg	https://iiif.dl.itc.u-tokyo.ac.jp/repo/api/items/172026	東京大学総合図書館 General Library, The University of Tokyo, JAPAN	http://iiif.io/api/presentation/2#rightToLeftDirection		総合図書館所蔵古典籍	25		https://iiif.dl.itc.u-tokyo.ac.jp/repo/iiif/172026/manifest					38
東叡山開山慈眼大師縁起	A00:4064	トウエイザン カイサン ジゲン ダイシ エンギ		胤海[著]	不明	1680	延宝8	2巻1冊	刊	大	分類:伝記マイクロフィルム番号:7-18-7	日本語	和古書	南葵文庫	http://tify.sub.uni-goettingen.de/demo.html?manifest=https://archdataset.dl.itc.u-tokyo.ac.jp/manifest/de2a9abc-62d1-1943-32b4-156471ef8c5c.json	de2a9abc-62d1-1943-32b4-156471ef8c5c	https://iiif.dl.itc.u-tokyo.ac.jp/repo/s/koten/	https://iiif.dl.itc.u-tokyo.ac.jp/repo/s/koten/document/de2a9abc-62d1-1943-32b4-156471ef8c5c	https://www.lib.u-tokyo.ac.jp/ja/library/contents/archives-top/reuse	https://iiif.dl.itc.u-tokyo.ac.jp/repo/files/medium/0dd51a519ed3a06df7c34ce6cd31e11c71330d22.jpg	https://iiif.dl.itc.u-tokyo.ac.jp/repo/api/items/172024	東京大学総合図書館 General Library, The University of Tokyo, JAPAN	http://iiif.io/api/presentation/2#rightToLeftDirection		総合図書館所蔵古典籍	26		https://iiif.dl.itc.u-tokyo.ac.jp/repo/iiif/172024/manifest					44
天目中峯和尚廣録	A00:6112	テンモク チュウホウ オショウ コウロク			不明	不明	不明	15冊	刊	大	古活字版マイクロフィルム番号:7-20-1	中国語	漢籍		http://tify.sub.uni-goettingen.de/demo.html?manifest=https://archdataset.dl.itc.u-tokyo.ac.jp/manifest/652f540f-9d21-0493-7728-52e359fe4292.json	652f540f-9d21-0493-7728-52e359fe4292	https://iiif.dl.itc.u-tokyo.ac.jp/repo/s/koten/	https://iiif.dl.itc.u-tokyo.ac.jp/repo/s/koten/document/652f540f-9d21-0493-7728-52e359fe4292	https://www.lib.u-tokyo.ac.jp/ja/library/contents/archives-top/reuse	https://iiif.dl.itc.u-tokyo.ac.jp/repo/files/medium/a3326d7ec620471349ba29dd9dfca64a1756c2df.jpg	https://iiif.dl.itc.u-tokyo.ac.jp/repo/api/items/172023	東京大学総合図書館 General Library, The University of Tokyo, JAPAN	http://iiif.io/api/presentation/2#rightToLeftDirection		総合図書館所蔵古典籍	27		https://iiif.dl.itc.u-tokyo.ac.jp/repo/iiif/172023/manifest					810
砂按子蠨蛸図説	A00:5846	サズイシ ショウショウ ズセツ		前田利保[著]	不明	1838	天保9	1冊	写	大	分類:動物マイクロフィルム番号:7-22-17	日本語	和古書		http://tify.sub.uni-goettingen.de/demo.html?manifest=https://archdataset.dl.itc.u-tokyo.ac.jp/manifest/0178c1cb-097d-7ac2-2563-307ae3b80eef.json	0178c1cb-097d-7ac2-2563-307ae3b80eef	https://iiif.dl.itc.u-tokyo.ac.jp/repo/s/koten/	https://iiif.dl.itc.u-tokyo.ac.jp/repo/s/koten/document/0178c1cb-097d-7ac2-2563-307ae3b80eef	https://www.lib.u-tokyo.ac.jp/ja/library/contents/archives-top/reuse	https://iiif.dl.itc.u-tokyo.ac.jp/repo/files/medium/230e3056b8de62819732472addd1456a1b1ceb83.jpg	https://iiif.dl.itc.u-tokyo.ac.jp/repo/api/items/172010	東京大学総合図書館 General Library, The University of Tokyo, JAPAN	http://iiif.io/api/presentation/2#rightToLeftDirection		総合図書館所蔵古典籍	28		https://iiif.dl.itc.u-tokyo.ac.jp/repo/iiif/172010/manifest					20
百鬼夜行図	A00:6275	ヒャッキ ヤコウズ	百鬼夜行絵巻	土佐行秀画	不明	不明	不明	1軸	写	大	"蔭山広迢模写分類:絵巻
マイクロフィルム番号:8-8-2"	日本語	和古書		http://tify.sub.uni-goettingen.de/demo.html?manifest=https://archdataset.dl.itc.u-tokyo.ac.jp/manifest/c572fe8a-6eb0-5b58-5b97-5f68e8786681.json	c572fe8a-6eb0-5b58-5b97-5f68e8786681	https://iiif.dl.itc.u-tokyo.ac.jp/repo/s/koten/	https://iiif.dl.itc.u-tokyo.ac.jp/repo/s/koten/document/c572fe8a-6eb0-5b58-5b97-5f68e8786681	https://www.lib.u-tokyo.ac.jp/ja/library/contents/archives-top/reuse	https://iiif.dl.itc.u-tokyo.ac.jp/repo/files/medium/70ee406f0a722e96295858d115af56f2b70b6713.jpg	https://iiif.dl.itc.u-tokyo.ac.jp/repo/api/items/171974	東京大学総合図書館 General Library, The University of Tokyo, JAPAN	http://iiif.io/api/presentation/2#rightToLeftDirection		総合図書館所蔵古典籍	29		https://iiif.dl.itc.u-tokyo.ac.jp/repo/iiif/171974/manifest					18
鳥名子記	A00:4160	トナゴキ		山崎美成著	不明	1819	文政2	1冊	写	大	"自筆本巻末ニ「『文政二年歳次巳卯冬十月借鈔温古堂之本旦逐一校正ス』 山崎美成 」ト書ケリ分類:祭祀
マイクロフィルム番号:6-8-7"	日本語	和古書		http://tify.sub.uni-goettingen.de/demo.html?manifest=https://archdataset.dl.itc.u-tokyo.ac.jp/manifest/3c220085-7d42-833a-084a-64a5f9072686.json	3c220085-7d42-833a-084a-64a5f9072686	https://iiif.dl.itc.u-tokyo.ac.jp/repo/s/koten/	https://iiif.dl.itc.u-tokyo.ac.jp/repo/s/koten/document/3c220085-7d42-833a-084a-64a5f9072686	https://www.lib.u-tokyo.ac.jp/ja/library/contents/archives-top/reuse	https://iiif.dl.itc.u-tokyo.ac.jp/repo/files/medium/63c695296cd0eac97ba7fd0d187ff16c2a08536e.jpg	https://iiif.dl.itc.u-tokyo.ac.jp/repo/api/items/172025	東京大学総合図書館 General Library, The University of Tokyo, JAPAN	http://iiif.io/api/presentation/2#rightToLeftDirection		総合図書館所蔵古典籍	3		https://iiif.dl.itc.u-tokyo.ac.jp/repo/iiif/172025/manifest					12
解体約図	A00:6553	カイタイ ヤクズ		杉田玄白[著] ; 中川淳庵校 ; 熊谷元章圖	江戸 : 須原屋市兵衛	1773	安永2	5鋪(1袋入)	刊	42×27 cm (42×14  cm)	分類:医学マイクロフィルム番号:9-27-7	日本語	和古書	鶚軒文庫	http://tify.sub.uni-goettingen.de/demo.html?manifest=https://archdataset.dl.itc.u-tokyo.ac.jp/manifest/a28d0e4c-8db1-8bb0-32f8-f8967759382a.json	a28d0e4c-8db1-8bb0-32f8-f8967759382a	https://iiif.dl.itc.u-tokyo.ac.jp/repo/s/koten/	https://iiif.dl.itc.u-tokyo.ac.jp/repo/s/koten/document/a28d0e4c-8db1-8bb0-32f8-f8967759382a	https://www.lib.u-tokyo.ac.jp/ja/library/contents/archives-top/reuse	https://iiif.dl.itc.u-tokyo.ac.jp/repo/files/medium/729afcfd968827f9e7f7b2727f6ad297e8540077.jpg	https://iiif.dl.itc.u-tokyo.ac.jp/repo/api/items/171980	東京大学総合図書館 General Library, The University of Tokyo, JAPAN	http://iiif.io/api/presentation/2#rightToLeftDirection		総合図書館所蔵古典籍	30		https://iiif.dl.itc.u-tokyo.ac.jp/repo/iiif/171980/manifest					6
年中行事之図	A00:6567	ネンジュウ ギョウジ ノ ズ		菱川師宣画	不明	1680	延宝8	1冊(帙入)	刊	26 cm	"元禄四年(鱒形屋)版模刻本  月次のあそびの原版分類:絵画
マイクロフィルム番号:9-27-5"	日本語	和古書		http://tify.sub.uni-goettingen.de/demo.html?manifest=https://archdataset.dl.itc.u-tokyo.ac.jp/manifest/931470e4-2b79-31e5-8f8f-88fda806638d.json	931470e4-2b79-31e5-8f8f-88fda806638d	https://iiif.dl.itc.u-tokyo.ac.jp/repo/s/koten/	https://iiif.dl.itc.u-tokyo.ac.jp/repo/s/koten/document/931470e4-2b79-31e5-8f8f-88fda806638d	https://www.lib.u-tokyo.ac.jp/ja/library/contents/archives-top/reuse	https://iiif.dl.itc.u-tokyo.ac.jp/repo/files/medium/1b1e4567f2b805fa34978819e1d7a8e5c87cc542.jpg	https://iiif.dl.itc.u-tokyo.ac.jp/repo/api/items/172002	東京大学総合図書館 General Library, The University of Tokyo, JAPAN	http://iiif.io/api/presentation/2#rightToLeftDirection		総合図書館所蔵古典籍	31		https://iiif.dl.itc.u-tokyo.ac.jp/repo/iiif/172002/manifest					27
論語集解	A00:4595	ロンゴ シッカイ		何晏[著]	不明	不明	不明	10巻2冊	写	中	"古写本分類:漢学
マイクロフィルム番号:9-28-4"	中国語	漢籍	南葵文庫	http://tify.sub.uni-goettingen.de/demo.html?manifest=https://archdataset.dl.itc.u-tokyo.ac.jp/manifest/61efab97-3bcc-05f9-17a0-508a6296978f.json	61efab97-3bcc-05f9-17a0-508a6296978f	https://iiif.dl.itc.u-tokyo.ac.jp/repo/s/koten/	https://iiif.dl.itc.u-tokyo.ac.jp/repo/s/koten/document/61efab97-3bcc-05f9-17a0-508a6296978f	https://www.lib.u-tokyo.ac.jp/ja/library/contents/archives-top/reuse	https://iiif.dl.itc.u-tokyo.ac.jp/repo/files/medium/41eb76861f1fa798a1d5171dc92692b9b43d1544.jpg	https://iiif.dl.itc.u-tokyo.ac.jp/repo/api/items/172006	東京大学総合図書館 General Library, The University of Tokyo, JAPAN	http://iiif.io/api/presentation/2#rightToLeftDirection		総合図書館所蔵古典籍	32		https://iiif.dl.itc.u-tokyo.ac.jp/repo/iiif/172006/manifest					125
論語集解	A00:6396	ロンゴ シッカイ		何晏[著]	不明	室町時代	室町時代	1冊	写	大	"表紙ニ「春浦宗熈禅師眞跡一休同時之人  明應五年正月十四日八十八」ト書入アリ分類:漢学
マイクロフィルム番号:9-28-3"	中国語	漢籍		http://tify.sub.uni-goettingen.de/demo.html?manifest=https://archdataset.dl.itc.u-tokyo.ac.jp/manifest/9ee510e1-7088-63e6-0403-65be28f00bfe.json	9ee510e1-7088-63e6-0403-65be28f00bfe	https://iiif.dl.itc.u-tokyo.ac.jp/repo/s/koten/	https://iiif.dl.itc.u-tokyo.ac.jp/repo/s/koten/document/9ee510e1-7088-63e6-0403-65be28f00bfe	https://www.lib.u-tokyo.ac.jp/ja/library/contents/archives-top/reuse	https://iiif.dl.itc.u-tokyo.ac.jp/repo/files/medium/e7a5956b7392ee31a7235ee1f9b42534ad5766c0.jpg	https://iiif.dl.itc.u-tokyo.ac.jp/repo/api/items/172006	東京大学総合図書館 General Library, The University of Tokyo, JAPAN	http://iiif.io/api/presentation/2#rightToLeftDirection		総合図書館所蔵古典籍	33		https://iiif.dl.itc.u-tokyo.ac.jp/repo/iiif/172006/manifest					22
修要抄	A00:5907	シュウヨウショウ		心養[著]	不明	1779	安永8	3冊	写	大	分類:修験道マイクロフィルム番号:9-29-14	日本語	和古書		http://tify.sub.uni-goettingen.de/demo.html?manifest=https://archdataset.dl.itc.u-tokyo.ac.jp/manifest/5dfe4131-2a2a-4b42-92b9-561053727994.json	5dfe4131-2a2a-4b42-92b9-561053727994	https://iiif.dl.itc.u-tokyo.ac.jp/repo/s/koten/	https://iiif.dl.itc.u-tokyo.ac.jp/repo/s/koten/document/5dfe4131-2a2a-4b42-92b9-561053727994	https://www.lib.u-tokyo.ac.jp/ja/library/contents/archives-top/reuse	https://iiif.dl.itc.u-tokyo.ac.jp/repo/files/medium/7671d4492a4077dab2b6c5dbb697814275cfa0d5.jpg	https://iiif.dl.itc.u-tokyo.ac.jp/repo/api/items/172017	東京大学総合図書館 General Library, The University of Tokyo, JAPAN	http://iiif.io/api/presentation/2#rightToLeftDirection		総合図書館所蔵古典籍	34		https://iiif.dl.itc.u-tokyo.ac.jp/repo/iiif/172017/manifest					200
有の儘	A00:4163	アリノママ	ありのまま	陸可彦撰 ; 飯田備[抄]	京都	1807	文化4	5冊	刊	中	分類:随筆マイクロフィルム番号:9-31-16	日本語	和古書		http://tify.sub.uni-goettingen.de/demo.html?manifest=https://archdataset.dl.itc.u-tokyo.ac.jp/manifest/b2669333-a52b-5b93-3075-be6faf961e9e.json	b2669333-a52b-5b93-3075-be6faf961e9e	https://iiif.dl.itc.u-tokyo.ac.jp/repo/s/koten/	https://iiif.dl.itc.u-tokyo.ac.jp/repo/s/koten/document/b2669333-a52b-5b93-3075-be6faf961e9e	https://www.lib.u-tokyo.ac.jp/ja/library/contents/archives-top/reuse	https://iiif.dl.itc.u-tokyo.ac.jp/repo/files/medium/6c258b9872fa28d7331f320028232cf50068403d.jpg	https://iiif.dl.itc.u-tokyo.ac.jp/repo/api/items/171963	東京大学総合図書館 General Library, The University of Tokyo, JAPAN	http://iiif.io/api/presentation/2#rightToLeftDirection		総合図書館所蔵古典籍	35		https://iiif.dl.itc.u-tokyo.ac.jp/repo/iiif/171963/manifest					108
文林妙錦萬寶全書	A00:6062	ブンリン ミョウキン バンポウ ゼンショ		劉子明編	不明	1612	萬暦40	38巻10冊	刊	中	マイクロフィルム番号:9-31-14	中国語	漢籍		http://tify.sub.uni-goettingen.de/demo.html?manifest=https://archdataset.dl.itc.u-tokyo.ac.jp/manifest/2ed9a6cb-8162-5a55-06d0-5156269260cc.json	2ed9a6cb-8162-5a55-06d0-5156269260cc	https://iiif.dl.itc.u-tokyo.ac.jp/repo/s/koten/	https://iiif.dl.itc.u-tokyo.ac.jp/repo/s/koten/document/2ed9a6cb-8162-5a55-06d0-5156269260cc	https://www.lib.u-tokyo.ac.jp/ja/library/contents/archives-top/reuse	https://iiif.dl.itc.u-tokyo.ac.jp/repo/files/medium/42e43eaedcea0c58d99356bbe7e5e774ffa36316.jpg	https://iiif.dl.itc.u-tokyo.ac.jp/repo/api/items/171964	東京大学総合図書館 General Library, The University of Tokyo, JAPAN	http://iiif.io/api/presentation/2#rightToLeftDirection		総合図書館所蔵古典籍	36		https://iiif.dl.itc.u-tokyo.ac.jp/repo/iiif/171964/manifest					759
琉球贈答	A00:4291	リュウキュウ ゾウトウ		林読耕斎[著]	不明	不明	不明	1冊	写	大	"「読耕齋家藏」印アリ分類:漢詩文
マイクロフィルム番号:10-4-4"	日本語	和古書		http://tify.sub.uni-goettingen.de/demo.html?manifest=https://archdataset.dl.itc.u-tokyo.ac.jp/manifest/a6c6e6f3-84a9-339a-1eb9-52287aca5326.json	a6c6e6f3-84a9-339a-1eb9-52287aca5326	https://iiif.dl.itc.u-tokyo.ac.jp/repo/s/koten/	https://iiif.dl.itc.u-tokyo.ac.jp/repo/s/koten/document/a6c6e6f3-84a9-339a-1eb9-52287aca5326	https://www.lib.u-tokyo.ac.jp/ja/library/contents/archives-top/reuse	https://iiif.dl.itc.u-tokyo.ac.jp/repo/files/medium/2eac86e4d92be9060957c38446d2a27954692da2.jpg	https://iiif.dl.itc.u-tokyo.ac.jp/repo/api/items/172008	東京大学総合図書館 General Library, The University of Tokyo, JAPAN	http://iiif.io/api/presentation/2#rightToLeftDirection		総合図書館所蔵古典籍	37		https://iiif.dl.itc.u-tokyo.ac.jp/repo/iiif/172008/manifest					48
今鏡	A00:6138	イマカガミ	続世継物語		不明	不明	不明	1冊	写	小	"二条為定筆題簽 : 続世継物語分類:歴史物語
マイクロフィルム番号:10-16-23"	日本語	和古書	南葵文庫	http://tify.sub.uni-goettingen.de/demo.html?manifest=https://archdataset.dl.itc.u-tokyo.ac.jp/manifest/d30e06d5-8001-357f-3b60-469a2d9b1da8.json	d30e06d5-8001-357f-3b60-469a2d9b1da8	https://iiif.dl.itc.u-tokyo.ac.jp/repo/s/koten/	https://iiif.dl.itc.u-tokyo.ac.jp/repo/s/koten/document/d30e06d5-8001-357f-3b60-469a2d9b1da8	https://www.lib.u-tokyo.ac.jp/ja/library/contents/archives-top/reuse	https://iiif.dl.itc.u-tokyo.ac.jp/repo/files/medium/5de73de2c05e454f1e155c6fc3c06b918aabf80b.jpg	https://iiif.dl.itc.u-tokyo.ac.jp/repo/api/items/172030	東京大学総合図書館 General Library, The University of Tokyo, JAPAN	http://iiif.io/api/presentation/2#rightToLeftDirection		総合図書館所蔵古典籍	38		https://iiif.dl.itc.u-tokyo.ac.jp/repo/iiif/172030/manifest					58
こあつもり	A00:6051	コアツモリ			不明	不明	不明	1冊	刊	小	分類:浄瑠璃マイクロフィルム番号:8-9-6	日本語	和古書		http://tify.sub.uni-goettingen.de/demo.html?manifest=https://archdataset.dl.itc.u-tokyo.ac.jp/manifest/7234f107-20b2-3791-0f00-2ae032039cd0.json	7234f107-20b2-3791-0f00-2ae032039cd0	https://iiif.dl.itc.u-tokyo.ac.jp/repo/s/koten/	https://iiif.dl.itc.u-tokyo.ac.jp/repo/s/koten/document/7234f107-20b2-3791-0f00-2ae032039cd0	https://www.lib.u-tokyo.ac.jp/ja/library/contents/archives-top/reuse	https://iiif.dl.itc.u-tokyo.ac.jp/repo/files/medium/f1e234fe33953835d87be2a8f0e58913c1c352ba.jpg	https://iiif.dl.itc.u-tokyo.ac.jp/repo/api/items/171988	東京大学総合図書館 General Library, The University of Tokyo, JAPAN	http://iiif.io/api/presentation/2#rightToLeftDirection		総合図書館所蔵古典籍	39		https://iiif.dl.itc.u-tokyo.ac.jp/repo/iiif/171988/manifest					26
近世奇跡考	A00:5957	キンセイ  キセキコウ	続骨董集	山東京伝著 ; 喜多武清画	大坂 ; 江戸	1804	文化1	5冊	刊	中	"馬琴書入併識語分類:随筆
マイクロフィルム番号:6-8-17"	日本語	和古書		http://tify.sub.uni-goettingen.de/demo.html?manifest=https://archdataset.dl.itc.u-tokyo.ac.jp/manifest/feb9c85d-3819-213f-21ae-a97abd5e6472.json	feb9c85d-3819-213f-21ae-a97abd5e6472	https://iiif.dl.itc.u-tokyo.ac.jp/repo/s/koten/	https://iiif.dl.itc.u-tokyo.ac.jp/repo/s/koten/document/feb9c85d-3819-213f-21ae-a97abd5e6472	https://www.lib.u-tokyo.ac.jp/ja/library/contents/archives-top/reuse	https://iiif.dl.itc.u-tokyo.ac.jp/repo/files/medium/db6f075fb973f6c314b3c38aaa2f736d6aeb26d9.jpg	https://iiif.dl.itc.u-tokyo.ac.jp/repo/api/items/171986	東京大学総合図書館 General Library, The University of Tokyo, JAPAN	http://iiif.io/api/presentation/2#rightToLeftDirection		総合図書館所蔵古典籍	4		https://iiif.dl.itc.u-tokyo.ac.jp/repo/iiif/171986/manifest					107
新古今和歌集	A00:6326	シンコキン  ワカシュウ			不明	室町末期	室町末期	2冊	写	大	分類:歌集マイクロフィルム番号:6-13-6	日本語	和古書		http://tify.sub.uni-goettingen.de/demo.html?manifest=https://archdataset.dl.itc.u-tokyo.ac.jp/manifest/7dbdd04c-5fd9-902e-631a-7d3d199d1ed8.json	7dbdd04c-5fd9-902e-631a-7d3d199d1ed8	https://iiif.dl.itc.u-tokyo.ac.jp/repo/s/koten/	https://iiif.dl.itc.u-tokyo.ac.jp/repo/s/koten/document/7dbdd04c-5fd9-902e-631a-7d3d199d1ed8	https://www.lib.u-tokyo.ac.jp/ja/library/contents/archives-top/reuse	https://iiif.dl.itc.u-tokyo.ac.jp/repo/files/medium/fd1707b8afc740a3f2d51e380cfa4985b7221efd.jpg	https://iiif.dl.itc.u-tokyo.ac.jp/repo/api/items/172012	東京大学総合図書館 General Library, The University of Tokyo, JAPAN	http://iiif.io/api/presentation/2#rightToLeftDirection		総合図書館所蔵古典籍	40		https://iiif.dl.itc.u-tokyo.ac.jp/repo/iiif/172012/manifest					227
刺腫攷	A00:6110	シシュ コウ		小川忠善	不明	不明	不明	1冊	写	中	"書写者 喜多村栲窓「右侍医典薬小川忠善所著也辛亥初夏従僚友井上玄亮借録是蔵五月竹醉日識手還読齋中直寛」の奥書あり分類:医学
マイクロフィルム番号:2-7-3"	日本語	和古書		http://tify.sub.uni-goettingen.de/demo.html?manifest=https://archdataset.dl.itc.u-tokyo.ac.jp/manifest/d5007242-2ecb-8bfd-0604-2083fc477fff.json	d5007242-2ecb-8bfd-0604-2083fc477fff	https://iiif.dl.itc.u-tokyo.ac.jp/repo/s/koten/	https://iiif.dl.itc.u-tokyo.ac.jp/repo/s/koten/document/d5007242-2ecb-8bfd-0604-2083fc477fff	https://www.lib.u-tokyo.ac.jp/ja/library/contents/archives-top/reuse	https://iiif.dl.itc.u-tokyo.ac.jp/repo/files/medium/6912452c5c0b8e147259f89dce2c6032ea6063c8.jpg	https://iiif.dl.itc.u-tokyo.ac.jp/repo/api/items/172013	東京大学総合図書館 General Library, The University of Tokyo, JAPAN	http://iiif.io/api/presentation/2#rightToLeftDirection		総合図書館所蔵古典籍	41		https://iiif.dl.itc.u-tokyo.ac.jp/repo/iiif/172013/manifest					6
源氏物語.  箒木	A00:6029	ゲンジ モノガタリ ハハキギ		紫式部著 ; 足代弘訓校書入	不明	不明	不明	1冊	写	大	"印記 :青洲文庫表示に「足代弘訓蔵」とあり巻首に「寛居」の朱印あり巻末に「文政二年九月二十四日春木晶光神もりとよみをへぬ。(朱書)文化十三年六月七日湖月抄にて丁付を弘訓しるしぬ。六月八日玉のをくしをもて異同を校合しぬ、同年霜月二十七日湖月抄をもて一河繁樹とよみくらへぬ。」とあり分類:物語
マイクロフィルム番号:3-2-2"	日本語	和古書	青洲文庫	http://tify.sub.uni-goettingen.de/demo.html?manifest=https://archdataset.dl.itc.u-tokyo.ac.jp/manifest/6dadf5fc-63b2-43b2-8459-fd004ff15ab3.json	6dadf5fc-63b2-43b2-8459-fd004ff15ab3	https://iiif.dl.itc.u-tokyo.ac.jp/repo/s/koten/	https://iiif.dl.itc.u-tokyo.ac.jp/repo/s/koten/document/6dadf5fc-63b2-43b2-8459-fd004ff15ab3	https://www.lib.u-tokyo.ac.jp/ja/library/contents/archives-top/reuse	https://iiif.dl.itc.u-tokyo.ac.jp/repo/files/medium/de0142ff0b3bb49bff2a40d1c6279314d6c55d4a.jpg	https://iiif.dl.itc.u-tokyo.ac.jp/repo/api/items/171971	東京大学総合図書館 General Library, The University of Tokyo, JAPAN	http://iiif.io/api/presentation/2#rightToLeftDirection		総合図書館所蔵古典籍	42		https://iiif.dl.itc.u-tokyo.ac.jp/repo/iiif/171971/manifest					83
本朝国史目録 ; 本朝法家文書目録	A00:4013	ホンチョウ コクシ モクロク ; ホンチョウ ホウカ モンジョ モクロク	国史法家書目録		不明	不明	不明	1冊	写	大	"本朝国史目録と本朝法家文書目録との合綴印記 : 陽春盧記印記 : 南葵文庫分類:書目
マイクロフィルム番号:3-4-11"	日本語	和古書	南葵文庫	http://tify.sub.uni-goettingen.de/demo.html?manifest=https://archdataset.dl.itc.u-tokyo.ac.jp/manifest/e080e17f-84a0-18b9-686e-d4e496200318.json	e080e17f-84a0-18b9-686e-d4e496200318	https://iiif.dl.itc.u-tokyo.ac.jp/repo/s/koten/	https://iiif.dl.itc.u-tokyo.ac.jp/repo/s/koten/document/e080e17f-84a0-18b9-686e-d4e496200318	https://www.lib.u-tokyo.ac.jp/ja/library/contents/archives-top/reuse	https://iiif.dl.itc.u-tokyo.ac.jp/repo/files/medium/83378e737107fcdd10be25c1a235458d001e4a14.jpg	https://iiif.dl.itc.u-tokyo.ac.jp/repo/api/items/171991	東京大学総合図書館 General Library, The University of Tokyo, JAPAN	http://iiif.io/api/presentation/2#rightToLeftDirection		総合図書館所蔵古典籍	43		https://iiif.dl.itc.u-tokyo.ac.jp/repo/iiif/171991/manifest					28
救荒本草紀聞	A00:5915	キュウコウ ホンゾウ キブン	救荒本草紀聞及救荒野譜紀聞並附	田村藍水著 ; 森約之編	江戸	1854	嘉永7	17巻1冊	写	中	"書写者 森約之父印記 : 田中本森氏の朱印あり救荒野譜紀聞と合綴奥書ニ「此書家大人幼弱時待聴於田邸先生所聞紀予戊申秋取而糊製頗有逸脱因補抄以道純本末附本綱記聞數●道純亦当時共待同紀然互有出入異同詳●於是今亦補標于彼之●長所詳以備後日之看予先不誌支于此來有故往々改觀救荒於是乎今追書于先年往事如此云嘉永七甲寅九月二十有四日題誌写米華佗剛読書屋 沈催 漁澂為所 揺荻●約之」分類:本草
マイクロフィルム番号:3-4-24"	日本語	和古書		http://tify.sub.uni-goettingen.de/demo.html?manifest=https://archdataset.dl.itc.u-tokyo.ac.jp/manifest/dfd2b41e-674b-3add-832f-44cf689100f0.json	dfd2b41e-674b-3add-832f-44cf689100f0	https://iiif.dl.itc.u-tokyo.ac.jp/repo/s/koten/	https://iiif.dl.itc.u-tokyo.ac.jp/repo/s/koten/document/dfd2b41e-674b-3add-832f-44cf689100f0	https://www.lib.u-tokyo.ac.jp/ja/library/contents/archives-top/reuse	https://iiif.dl.itc.u-tokyo.ac.jp/repo/files/medium/3bcd01f3ce128c85c76d3f3bfaa96e14ba7ca043.jpg	https://iiif.dl.itc.u-tokyo.ac.jp/repo/api/items/171996	東京大学総合図書館 General Library, The University of Tokyo, JAPAN	http://iiif.io/api/presentation/2#rightToLeftDirection		総合図書館所蔵古典籍	44		https://iiif.dl.itc.u-tokyo.ac.jp/repo/iiif/171996/manifest					63
救荒野譜紀聞	A00:5916	キュウコウ ヤフ キブン		太田玄澄	不明	1849	嘉永2	1巻1冊	写	中	"書写者 : 森約之印記 : 田中本太田玄澄撰救荒本草紀聞に合綴分類:本草
マイクロフィルム番号:3-4-25"	日本語	和古書		http://tify.sub.uni-goettingen.de/demo.html?manifest=https://archdataset.dl.itc.u-tokyo.ac.jp/manifest/87131215-927e-72ea-2c14-5a7995585566.json	87131215-927e-72ea-2c14-5a7995585566	https://iiif.dl.itc.u-tokyo.ac.jp/repo/s/koten/	https://iiif.dl.itc.u-tokyo.ac.jp/repo/s/koten/document/87131215-927e-72ea-2c14-5a7995585566	https://www.lib.u-tokyo.ac.jp/ja/library/contents/archives-top/reuse	https://iiif.dl.itc.u-tokyo.ac.jp/repo/files/medium/d605c54975529ffbc09d2e88c73aaeac2375c75c.jpg	https://iiif.dl.itc.u-tokyo.ac.jp/repo/api/items/171998	東京大学総合図書館 General Library, The University of Tokyo, JAPAN	http://iiif.io/api/presentation/2#rightToLeftDirection		総合図書館所蔵古典籍	45		https://iiif.dl.itc.u-tokyo.ac.jp/repo/iiif/171998/manifest					81
周定王救荒本草和名選	A00:5921	シュウテイオウ キュウコウ ホンゾウ ワメイセン		曽占春著	不明	1851	嘉永4	14巻1冊	写	中	"書写者 : 森約之養真印記 : 田中本森氏の朱印あり巻頭ニ「書中和名等之假名往々有脱落者悉如原而不敢改補云嘉永辛亥七月森約之養真職 明周定王●有救荒本草李時珍本草綱目●戴至多然時珍稱為周憲王則以為●子有檄●作未免舛謬乃知救荒本草原定王●撰也」 巻末ニ「辛亥七月十三日書干柳原僑居之南廰下了 森約之」トアリ分類:本草
マイクロフィルム番号:3-4-26"	日本語	和古書		http://tify.sub.uni-goettingen.de/demo.html?manifest=https://archdataset.dl.itc.u-tokyo.ac.jp/manifest/4bfbdac2-9c96-3d5b-4582-e0b237826c0d.json	4bfbdac2-9c96-3d5b-4582-e0b237826c0d	https://iiif.dl.itc.u-tokyo.ac.jp/repo/s/koten/	https://iiif.dl.itc.u-tokyo.ac.jp/repo/s/koten/document/4bfbdac2-9c96-3d5b-4582-e0b237826c0d	https://www.lib.u-tokyo.ac.jp/ja/library/contents/archives-top/reuse	https://iiif.dl.itc.u-tokyo.ac.jp/repo/files/medium/0d207a6239561800fdfa7944ead9e63c207349f3.jpg	https://iiif.dl.itc.u-tokyo.ac.jp/repo/api/items/171997	東京大学総合図書館 General Library, The University of Tokyo, JAPAN	http://iiif.io/api/presentation/2#rightToLeftDirection		総合図書館所蔵古典籍	46		https://iiif.dl.itc.u-tokyo.ac.jp/repo/iiif/171997/manifest					34
楽制篇	A00:5930	ガクセイヘン		荻生徂徠	江戸	1789	寛政1	1冊	写	中	"書写者 : 近藤守重 印記 : 陽春盧記印記 : 正斎蔵印記 : 南葵文庫分類:音楽
マイクロフィルム番号:3-4-19"	日本語	和古書	南葵文庫	http://tify.sub.uni-goettingen.de/demo.html?manifest=https://archdataset.dl.itc.u-tokyo.ac.jp/manifest/51763842-91db-9f72-a2d2-87cf990007e1.json	51763842-91db-9f72-a2d2-87cf990007e1	https://iiif.dl.itc.u-tokyo.ac.jp/repo/s/koten/	https://iiif.dl.itc.u-tokyo.ac.jp/repo/s/koten/document/51763842-91db-9f72-a2d2-87cf990007e1	https://www.lib.u-tokyo.ac.jp/ja/library/contents/archives-top/reuse	https://iiif.dl.itc.u-tokyo.ac.jp/repo/files/medium/0c62bac5bc6479d439d9f96a8e28fcc253ce7974.jpg	https://iiif.dl.itc.u-tokyo.ac.jp/repo/api/items/171969	東京大学総合図書館 General Library, The University of Tokyo, JAPAN	http://iiif.io/api/presentation/2#rightToLeftDirection		総合図書館所蔵古典籍	47		https://iiif.dl.itc.u-tokyo.ac.jp/repo/iiif/171969/manifest					52
柳南鯨記	A00:5849	リュウナン ゲイキ	鯨族譜	谷村柳南編	不明	不明	不明	1冊	写	大	分類:動物マイクロフィルム番号:3-5-4	日本語	和古書		http://tify.sub.uni-goettingen.de/demo.html?manifest=https://archdataset.dl.itc.u-tokyo.ac.jp/manifest/1f2ed9da-a2cf-4033-2086-2d3e3fb09386.json	1f2ed9da-a2cf-4033-2086-2d3e3fb09386	https://iiif.dl.itc.u-tokyo.ac.jp/repo/s/koten/	https://iiif.dl.itc.u-tokyo.ac.jp/repo/s/koten/document/1f2ed9da-a2cf-4033-2086-2d3e3fb09386	https://www.lib.u-tokyo.ac.jp/ja/library/contents/archives-top/reuse	https://iiif.dl.itc.u-tokyo.ac.jp/repo/files/medium/fc6ea3a39309083a5a5dc560ec23b335773f77bc.jpg	https://iiif.dl.itc.u-tokyo.ac.jp/repo/api/items/171970	東京大学総合図書館 General Library, The University of Tokyo, JAPAN	http://iiif.io/api/presentation/2#rightToLeftDirection		総合図書館所蔵古典籍	48		https://iiif.dl.itc.u-tokyo.ac.jp/repo/iiif/171970/manifest					49
孝行録	A00:5871	コウコウロク			不明	不明	不明	1帙	写	大	"印記 : 南葵文庫分類:教訓
マイクロフィルム番号:3-5-13"	日本語	和古書	南葵文庫	http://tify.sub.uni-goettingen.de/demo.html?manifest=https://archdataset.dl.itc.u-tokyo.ac.jp/manifest/5778a1c4-1b8f-1dfc-24b5-38be7fcc1dab.json	5778a1c4-1b8f-1dfc-24b5-38be7fcc1dab	https://iiif.dl.itc.u-tokyo.ac.jp/repo/s/koten/	https://iiif.dl.itc.u-tokyo.ac.jp/repo/s/koten/document/5778a1c4-1b8f-1dfc-24b5-38be7fcc1dab	https://www.lib.u-tokyo.ac.jp/ja/library/contents/archives-top/reuse	https://iiif.dl.itc.u-tokyo.ac.jp/repo/files/medium/a6dd15f17241b3ef620f27aeb5b3b5f1b20263dd.jpg	https://iiif.dl.itc.u-tokyo.ac.jp/repo/api/items/171990	東京大学総合図書館 General Library, The University of Tokyo, JAPAN	http://iiif.io/api/presentation/2#rightToLeftDirection		総合図書館所蔵古典籍	49		https://iiif.dl.itc.u-tokyo.ac.jp/repo/iiif/171990/manifest					41
曽我物語	A00:5796	ソガ  モノガタリ			不明	不明	不明	12冊	刊	大	"古活字版分類:軍記物語
マイクロフィルム番号:6-9-2"	日本語	和古書		http://tify.sub.uni-goettingen.de/demo.html?manifest=https://archdataset.dl.itc.u-tokyo.ac.jp/manifest/78ae6f7f-5f09-8d58-9f56-366dfa599642.json	78ae6f7f-5f09-8d58-9f56-366dfa599642	https://iiif.dl.itc.u-tokyo.ac.jp/repo/s/koten/	https://iiif.dl.itc.u-tokyo.ac.jp/repo/s/koten/document/78ae6f7f-5f09-8d58-9f56-366dfa599642	https://www.lib.u-tokyo.ac.jp/ja/library/contents/archives-top/reuse	https://iiif.dl.itc.u-tokyo.ac.jp/repo/files/medium/8b7027d541111447fd97b1074b1db765aff1c1e7.jpg	https://iiif.dl.itc.u-tokyo.ac.jp/repo/api/items/172019	東京大学総合図書館 General Library, The University of Tokyo, JAPAN	http://iiif.io/api/presentation/2#rightToLeftDirection		総合図書館所蔵古典籍	5		https://iiif.dl.itc.u-tokyo.ac.jp/repo/iiif/172019/manifest					630
藻芥	A00:6390	モクズ		中院通茂著	[京都]	不明	不明	2冊	写	大	"自筆稿本印記 : 萩野本内藤耻叟の蔵書印あり奥書ニ「右中院通茂公自筆歌集二冊自貞享四年●至宝永二年●全備後宝永七年三月二十一日薨年八十云 此出明治二十八年頃得之於東京下谷文明堂可珍 内藤耻叟書之」トアリ分類:歌集
マイクロフィルム番号:3-13-10"	日本語	和古書		http://tify.sub.uni-goettingen.de/demo.html?manifest=https://archdataset.dl.itc.u-tokyo.ac.jp/manifest/ecdb69c8-a18d-42d5-3df7-f2f4bccf096a.json	ecdb69c8-a18d-42d5-3df7-f2f4bccf096a	https://iiif.dl.itc.u-tokyo.ac.jp/repo/s/koten/	https://iiif.dl.itc.u-tokyo.ac.jp/repo/s/koten/document/ecdb69c8-a18d-42d5-3df7-f2f4bccf096a	https://www.lib.u-tokyo.ac.jp/ja/library/contents/archives-top/reuse	https://iiif.dl.itc.u-tokyo.ac.jp/repo/files/medium/930f1a8036aea151b20a78e6b1c644f61277f02b.jpg	https://iiif.dl.itc.u-tokyo.ac.jp/repo/api/items/171999	東京大学総合図書館 General Library, The University of Tokyo, JAPAN	http://iiif.io/api/presentation/2#rightToLeftDirection		総合図書館所蔵古典籍	50		https://iiif.dl.itc.u-tokyo.ac.jp/repo/iiif/171999/manifest					171
今は昔	A00:4089	イマ ワ ムカシ	今物語		不明	不明	不明	1冊	写	大	"書写者 : 黒澤翁満印記 : ●居蔵書書後ニ「これの物語ふみもしの誤いと多くて中にはことの心わきかたきさへ●あなる然はあれとも今写すにいささかもさかしらをましへすあやまりけに見ゆるふしくはもしの形をさへに●がままに物し待るなりつきくかうかんたしなむ物● もんせうのむとせといふとしの平翁満きさらきのつこもりかた」トアリ黒澤翁満自筆本。表紙ニ「今物語」トモ並記アルモ信実ノソレトハ違ル、「今は昔」トハ巻頭ノ文句ニアリテ表紙ニモ(翁満筆ナラム)アリ。コノ書ト同内容ノモノノ版本(「世継物語」ト題セル由)アル由。分類:物語
マイクロフィルム番号:3-14-21"	日本語	和古書		http://tify.sub.uni-goettingen.de/demo.html?manifest=https://archdataset.dl.itc.u-tokyo.ac.jp/manifest/ca9dfffb-8019-569c-7af5-b0e1e79422c1.json	ca9dfffb-8019-569c-7af5-b0e1e79422c1	https://iiif.dl.itc.u-tokyo.ac.jp/repo/s/koten/	https://iiif.dl.itc.u-tokyo.ac.jp/repo/s/koten/document/ca9dfffb-8019-569c-7af5-b0e1e79422c1	https://www.lib.u-tokyo.ac.jp/ja/library/contents/archives-top/reuse	https://iiif.dl.itc.u-tokyo.ac.jp/repo/files/medium/6ef82bc6e7c96d3eb0d4c497276d794d54cabf51.jpg	https://iiif.dl.itc.u-tokyo.ac.jp/repo/api/items/171976	東京大学総合図書館 General Library, The University of Tokyo, JAPAN	http://iiif.io/api/presentation/2#rightToLeftDirection		総合図書館所蔵古典籍	51		https://iiif.dl.itc.u-tokyo.ac.jp/repo/iiif/171976/manifest					30
和清人魏惟度八居韻	A00:6412	シンジン ギユイド ハッキョ ノ イン ニ ワス	和清人八居韻	新井白石著	江戸	不明	不明	1冊	写	中	"印記 : 萩野本奥書ニ「白石先生手書由之印」トアリ分類:漢詩
マイクロフィルム番号:3-31-13"	日本語	和古書		http://tify.sub.uni-goettingen.de/demo.html?manifest=https://archdataset.dl.itc.u-tokyo.ac.jp/manifest/ed146214-5a40-5419-7770-bdb8f8ef4ae2.json	ed146214-5a40-5419-7770-bdb8f8ef4ae2	https://iiif.dl.itc.u-tokyo.ac.jp/repo/s/koten/	https://iiif.dl.itc.u-tokyo.ac.jp/repo/s/koten/document/ed146214-5a40-5419-7770-bdb8f8ef4ae2	https://www.lib.u-tokyo.ac.jp/ja/library/contents/archives-top/reuse	https://iiif.dl.itc.u-tokyo.ac.jp/repo/files/medium/b985b95f5fbe4de37b93709d7af99ff43d1f07ee.jpg	https://iiif.dl.itc.u-tokyo.ac.jp/repo/api/items/172028	東京大学総合図書館 General Library, The University of Tokyo, JAPAN	http://iiif.io/api/presentation/2#rightToLeftDirection		総合図書館所蔵古典籍	52		https://iiif.dl.itc.u-tokyo.ac.jp/repo/iiif/172028/manifest					15
島原御影供紋日	A00:4253	シマバラ ミエク ノ モンビ	かはりとよかつしまばらみゑくのもん日		不明	不明	不明	1冊	刊	中	"題簽は島原御影供紋日 分類:浄瑠璃
マイクロフィルム番号:3-33-7"	日本語	和古書		http://tify.sub.uni-goettingen.de/demo.html?manifest=https://archdataset.dl.itc.u-tokyo.ac.jp/manifest/cc0ebcb2-3979-67e7-712b-9e1f2a688361.json	cc0ebcb2-3979-67e7-712b-9e1f2a688361	https://iiif.dl.itc.u-tokyo.ac.jp/repo/s/koten/	https://iiif.dl.itc.u-tokyo.ac.jp/repo/s/koten/document/cc0ebcb2-3979-67e7-712b-9e1f2a688361	https://www.lib.u-tokyo.ac.jp/ja/library/contents/archives-top/reuse	https://iiif.dl.itc.u-tokyo.ac.jp/repo/files/medium/deba1d4284cccb95802cfa268ae5476bf09cc2b3.jpg	https://iiif.dl.itc.u-tokyo.ac.jp/repo/api/items/171983	東京大学総合図書館 General Library, The University of Tokyo, JAPAN	http://iiif.io/api/presentation/2#rightToLeftDirection		総合図書館所蔵古典籍	53		https://iiif.dl.itc.u-tokyo.ac.jp/repo/iiif/171983/manifest					12
犬筑波集	A00:4294	イヌツクバシュウ	新撰犬筑波集	山崎宗鑑著	不明	不明	不明	1冊	刊	小	"印記 : ダルマヤ五一印記 : 坂田文庫印記 : 南葵文庫分類:俳諧
マイクロフィルム番号:4-9-24"	日本語	和古書	南葵文庫	http://tify.sub.uni-goettingen.de/demo.html?manifest=https://archdataset.dl.itc.u-tokyo.ac.jp/manifest/276ad5b5-9b59-9035-1912-c22ddbf56cd5.json	276ad5b5-9b59-9035-1912-c22ddbf56cd5	https://iiif.dl.itc.u-tokyo.ac.jp/repo/s/koten/	https://iiif.dl.itc.u-tokyo.ac.jp/repo/s/koten/document/276ad5b5-9b59-9035-1912-c22ddbf56cd5	https://www.lib.u-tokyo.ac.jp/ja/library/contents/archives-top/reuse	https://iiif.dl.itc.u-tokyo.ac.jp/repo/files/medium/5b0f5c443e81eb74a59493c0673b0f5c33e586c3.jpg	https://iiif.dl.itc.u-tokyo.ac.jp/repo/api/items/171977	東京大学総合図書館 General Library, The University of Tokyo, JAPAN	http://iiif.io/api/presentation/2#rightToLeftDirection		総合図書館所蔵古典籍	54		https://iiif.dl.itc.u-tokyo.ac.jp/repo/iiif/171977/manifest					44
麞説	A00:5841	ショウセツ		栗本瑞仙院(丹洲)著	不明	1819	文政3	1冊	写	大	"丹波元●題字、森枳園自筆奥書印記 : 田中本森氏の朱印あり奥書ニ「此一冊三葉丹洲君手書明治丙子三月二十五棟庵大淵君●贈写 古稀翁枳園 立之」トアリ分類:動物
マイクロフィルム番号:4-11-12"	日本語	和古書		http://tify.sub.uni-goettingen.de/demo.html?manifest=https://archdataset.dl.itc.u-tokyo.ac.jp/manifest/101a903c-9a91-226d-2b7a-f1b5853d1d6d.json	101a903c-9a91-226d-2b7a-f1b5853d1d6d	https://iiif.dl.itc.u-tokyo.ac.jp/repo/s/koten/	https://iiif.dl.itc.u-tokyo.ac.jp/repo/s/koten/document/101a903c-9a91-226d-2b7a-f1b5853d1d6d	https://www.lib.u-tokyo.ac.jp/ja/library/contents/archives-top/reuse	https://iiif.dl.itc.u-tokyo.ac.jp/repo/files/medium/de530a20ea2c07f1b518c88537f40ff729aa95e6.jpg	https://iiif.dl.itc.u-tokyo.ac.jp/repo/api/items/172015	東京大学総合図書館 General Library, The University of Tokyo, JAPAN	http://iiif.io/api/presentation/2#rightToLeftDirection		総合図書館所蔵古典籍	55		https://iiif.dl.itc.u-tokyo.ac.jp/repo/iiif/172015/manifest					6
其砧	A00:6433	ソノ キヌタ		富岡有佐著 ; 平砂編	江戸 ; 京都 : 西村源六 : 西村市郎右衛門	1741	寛保1	2巻2冊(1帙入)	刊	23 cm	分類:俳諧マイクロフィルム番号:4-11-8	日本語	和古書		http://tify.sub.uni-goettingen.de/demo.html?manifest=https://archdataset.dl.itc.u-tokyo.ac.jp/manifest/e260ea9c-6ee4-18ef-6895-c2540d0b84d6.json	e260ea9c-6ee4-18ef-6895-c2540d0b84d6	https://iiif.dl.itc.u-tokyo.ac.jp/repo/s/koten/	https://iiif.dl.itc.u-tokyo.ac.jp/repo/s/koten/document/e260ea9c-6ee4-18ef-6895-c2540d0b84d6	https://www.lib.u-tokyo.ac.jp/ja/library/contents/archives-top/reuse	https://iiif.dl.itc.u-tokyo.ac.jp/repo/files/medium/14fce2cb5b22d61c895129f84aefe5d8a48e9e2c.jpg	https://iiif.dl.itc.u-tokyo.ac.jp/repo/api/items/172020	東京大学総合図書館 General Library, The University of Tokyo, JAPAN	http://iiif.io/api/presentation/2#rightToLeftDirection		総合図書館所蔵古典籍	56		https://iiif.dl.itc.u-tokyo.ac.jp/repo/iiif/172020/manifest					72
くずは道心	A00:4247	クズハ ドウシン			京都	1674	延宝2	1冊	刊	中	分類:浄瑠璃マイクロフィルム番号:4-13-10	日本語	和古書		http://tify.sub.uni-goettingen.de/demo.html?manifest=https://archdataset.dl.itc.u-tokyo.ac.jp/manifest/720ab3e9-54b3-12b4-50d2-59de91f43e87.json	720ab3e9-54b3-12b4-50d2-59de91f43e87	https://iiif.dl.itc.u-tokyo.ac.jp/repo/s/koten/	https://iiif.dl.itc.u-tokyo.ac.jp/repo/s/koten/document/720ab3e9-54b3-12b4-50d2-59de91f43e87	https://www.lib.u-tokyo.ac.jp/ja/library/contents/archives-top/reuse	https://iiif.dl.itc.u-tokyo.ac.jp/repo/files/medium/2babbf17f822cdaa2752873e2456ed87a9d0b229.jpg	https://iiif.dl.itc.u-tokyo.ac.jp/repo/api/items/171995	東京大学総合図書館 General Library, The University of Tokyo, JAPAN	http://iiif.io/api/presentation/2#rightToLeftDirection		総合図書館所蔵古典籍	57		https://iiif.dl.itc.u-tokyo.ac.jp/repo/iiif/171995/manifest					19
薩摩太夫芝居図考	A00:4100	サツマ ダユウ シバイズコウ		山東京伝著	江戸	不明	不明	1冊	写	大	分類:演劇マイクロフィルム番号:5-3-21	日本語	和古書		http://tify.sub.uni-goettingen.de/demo.html?manifest=https://archdataset.dl.itc.u-tokyo.ac.jp/manifest/7a2f0687-8592-8cb4-948c-644fae3d0b60.json	7a2f0687-8592-8cb4-948c-644fae3d0b60	https://iiif.dl.itc.u-tokyo.ac.jp/repo/s/koten/	https://iiif.dl.itc.u-tokyo.ac.jp/repo/s/koten/document/7a2f0687-8592-8cb4-948c-644fae3d0b60	https://www.lib.u-tokyo.ac.jp/ja/library/contents/archives-top/reuse	https://iiif.dl.itc.u-tokyo.ac.jp/repo/files/medium/bd21077928acc6a41da573d0c5319395cb9b2e4d.jpg	https://iiif.dl.itc.u-tokyo.ac.jp/repo/api/items/172009	東京大学総合図書館 General Library, The University of Tokyo, JAPAN	http://iiif.io/api/presentation/2#rightToLeftDirection		総合図書館所蔵古典籍	58		https://iiif.dl.itc.u-tokyo.ac.jp/repo/iiif/172009/manifest					7
庭訓往来古註	A00:4015	テイキン オウライ コチュウ			不明	不明	不明	1冊	写	大	"印記 : 陽春盧記印記 : ●齋印記 : 南葵文庫巻頭小中村氏ノ貼紙ニヨレバ黒川●●義本ト相似タルモノニシテ、判信友ノ鑑定ニ依レバ文明頃ノモノナラントイフ。分類:往来物
マイクロフィルム番号:5-9-4"	日本語	和古書	南葵文庫	http://tify.sub.uni-goettingen.de/demo.html?manifest=https://archdataset.dl.itc.u-tokyo.ac.jp/manifest/70e9efdf-16bf-4960-3e2d-9ef9a13a4405.json	70e9efdf-16bf-4960-3e2d-9ef9a13a4405	https://iiif.dl.itc.u-tokyo.ac.jp/repo/s/koten/	https://iiif.dl.itc.u-tokyo.ac.jp/repo/s/koten/document/70e9efdf-16bf-4960-3e2d-9ef9a13a4405	https://www.lib.u-tokyo.ac.jp/ja/library/contents/archives-top/reuse	https://iiif.dl.itc.u-tokyo.ac.jp/repo/files/medium/96aff69b579563b80c26a2799023296cdc27fa69.jpg	https://iiif.dl.itc.u-tokyo.ac.jp/repo/api/items/172021	東京大学総合図書館 General Library, The University of Tokyo, JAPAN	http://iiif.io/api/presentation/2#rightToLeftDirection		総合図書館所蔵古典籍	59		https://iiif.dl.itc.u-tokyo.ac.jp/repo/iiif/172021/manifest					56
新古今和歌集	A00:6231	シンコキン  ワカシュウ		藤原定家奉勅撰	不明	室町時代	室町時代	2冊	写	大	分類:歌集マイクロフィルム番号:6-9-1	日本語	和古書		http://tify.sub.uni-goettingen.de/demo.html?manifest=https://archdataset.dl.itc.u-tokyo.ac.jp/manifest/950a3252-4bc7-7baa-40e0-5a15cb5610a8.json	950a3252-4bc7-7baa-40e0-5a15cb5610a8	https://iiif.dl.itc.u-tokyo.ac.jp/repo/s/koten/	https://iiif.dl.itc.u-tokyo.ac.jp/repo/s/koten/document/950a3252-4bc7-7baa-40e0-5a15cb5610a8	https://www.lib.u-tokyo.ac.jp/ja/library/contents/archives-top/reuse	https://iiif.dl.itc.u-tokyo.ac.jp/repo/files/medium/57b196d2c652ebd63570a2a7499b411405fa2068.jpg	https://iiif.dl.itc.u-tokyo.ac.jp/repo/api/items/172012	東京大学総合図書館 General Library, The University of Tokyo, JAPAN	http://iiif.io/api/presentation/2#rightToLeftDirection		総合図書館所蔵古典籍	6		https://iiif.dl.itc.u-tokyo.ac.jp/repo/iiif/172012/manifest					314
源氏(古浄瑠璃)	A00:4214	ゲンジ		萩原宗固著	不明	不明	不明	1冊	刊	中	分類:浄瑠璃マイクロフィルム番号:5-10-2	日本語	和古書		http://tify.sub.uni-goettingen.de/demo.html?manifest=https://archdataset.dl.itc.u-tokyo.ac.jp/manifest/b570aa8c-6e56-92b9-7bc2-67a459cd66df.json	b570aa8c-6e56-92b9-7bc2-67a459cd66df	https://iiif.dl.itc.u-tokyo.ac.jp/repo/s/koten/	https://iiif.dl.itc.u-tokyo.ac.jp/repo/s/koten/document/b570aa8c-6e56-92b9-7bc2-67a459cd66df	https://www.lib.u-tokyo.ac.jp/ja/library/contents/archives-top/reuse	https://iiif.dl.itc.u-tokyo.ac.jp/repo/files/medium/c3a6cae1609455955071036ac178ad1b7ada964f.jpg	https://iiif.dl.itc.u-tokyo.ac.jp/repo/api/items/171972	東京大学総合図書館 General Library, The University of Tokyo, JAPAN	http://iiif.io/api/presentation/2#rightToLeftDirection		総合図書館所蔵古典籍	60		https://iiif.dl.itc.u-tokyo.ac.jp/repo/iiif/171972/manifest					15
浄土さんたん記并おはら問答	A00:4245	ジョウド サンタンキ ナラビ ニ オハラ モンドウ			京都 : 鶴屋喜右衛門	不明	不明	1冊	刊	中	"松更朱印・武宗黒印あり分類:浄瑠璃
マイクロフィルム番号:5-10-11"	日本語	和古書		http://tify.sub.uni-goettingen.de/demo.html?manifest=https://archdataset.dl.itc.u-tokyo.ac.jp/manifest/16ea5dcc-3bea-13be-5929-c58d75822997.json	16ea5dcc-3bea-13be-5929-c58d75822997	https://iiif.dl.itc.u-tokyo.ac.jp/repo/s/koten/	https://iiif.dl.itc.u-tokyo.ac.jp/repo/s/koten/document/16ea5dcc-3bea-13be-5929-c58d75822997	https://www.lib.u-tokyo.ac.jp/ja/library/contents/archives-top/reuse	https://iiif.dl.itc.u-tokyo.ac.jp/repo/files/medium/c064b5b44c6d43b46671c1f11787fbb2651384df.jpg	https://iiif.dl.itc.u-tokyo.ac.jp/repo/api/items/171978	東京大学総合図書館 General Library, The University of Tokyo, JAPAN	http://iiif.io/api/presentation/2#rightToLeftDirection		総合図書館所蔵古典籍	61		https://iiif.dl.itc.u-tokyo.ac.jp/repo/iiif/171978/manifest					21
瘈狗説	A00:6468	ケイクセツ		Greve,Wilhelm著 ; 宇田川	江戸	1821	文政4	119丁(帙入)	写	25cm	"書写者 : 宇田川榕庵 印記 : 土肥文庫分類:医学
マイクロフィルム番号:5-10-7"	日本語	和古書	鶚軒文庫	http://tify.sub.uni-goettingen.de/demo.html?manifest=https://archdataset.dl.itc.u-tokyo.ac.jp/manifest/b13ff573-4c25-98fc-43ab-9c85ab1f3a5c.json	b13ff573-4c25-98fc-43ab-9c85ab1f3a5c	https://iiif.dl.itc.u-tokyo.ac.jp/repo/s/koten/	https://iiif.dl.itc.u-tokyo.ac.jp/repo/s/koten/document/b13ff573-4c25-98fc-43ab-9c85ab1f3a5c	https://www.lib.u-tokyo.ac.jp/ja/library/contents/archives-top/reuse	https://iiif.dl.itc.u-tokyo.ac.jp/repo/files/medium/c87b05ec9374ab59c470665141bca140d959fe56.jpg	https://iiif.dl.itc.u-tokyo.ac.jp/repo/api/items/171984	東京大学総合図書館 General Library, The University of Tokyo, JAPAN	http://iiif.io/api/presentation/2#rightToLeftDirection		総合図書館所蔵古典籍	62		https://iiif.dl.itc.u-tokyo.ac.jp/repo/iiif/171984/manifest					126
落窪物語	A00:4083	オチクボ モノガタリ	おちくぼのさうし		不明	室町時代	室町時代	1冊	写	大	分類:室町物語マイクロフィルム番号:5-12-8	日本語	和古書		http://tify.sub.uni-goettingen.de/demo.html?manifest=https://archdataset.dl.itc.u-tokyo.ac.jp/manifest/9301d388-95ee-8b41-1c3c-c2951dae8693.json	9301d388-95ee-8b41-1c3c-c2951dae8693	https://iiif.dl.itc.u-tokyo.ac.jp/repo/s/koten/	https://iiif.dl.itc.u-tokyo.ac.jp/repo/s/koten/document/9301d388-95ee-8b41-1c3c-c2951dae8693	https://www.lib.u-tokyo.ac.jp/ja/library/contents/archives-top/reuse	https://iiif.dl.itc.u-tokyo.ac.jp/repo/files/medium/babe9299e6f217b3c1a43b73650b447fa537ea1c.jpg	https://iiif.dl.itc.u-tokyo.ac.jp/repo/api/items/172003	東京大学総合図書館 General Library, The University of Tokyo, JAPAN	http://iiif.io/api/presentation/2#rightToLeftDirection		総合図書館所蔵古典籍	63		https://iiif.dl.itc.u-tokyo.ac.jp/repo/iiif/172003/manifest					31
栗崎文書	A00:6509	クリサキ モンジョ	栗崎通有日記	栗崎道有正羽著	不明	不明	不明	29丁,4枚(帙入)	写	23 cm	栗崎通有日記はその一部マイクロフィルム番号:5-13-1	日本語	和古書		http://tify.sub.uni-goettingen.de/demo.html?manifest=https://archdataset.dl.itc.u-tokyo.ac.jp/manifest/88930f9c-4b42-93fb-73fe-dfd44f8f2460.json	88930f9c-4b42-93fb-73fe-dfd44f8f2460	https://iiif.dl.itc.u-tokyo.ac.jp/repo/s/koten/	https://iiif.dl.itc.u-tokyo.ac.jp/repo/s/koten/document/88930f9c-4b42-93fb-73fe-dfd44f8f2460	https://www.lib.u-tokyo.ac.jp/ja/library/contents/archives-top/reuse	https://iiif.dl.itc.u-tokyo.ac.jp/repo/files/medium/61147ff400d760c58a6e43df8940f277a3b1ce6c.jpg	https://iiif.dl.itc.u-tokyo.ac.jp/repo/api/items/171994	東京大学総合図書館 General Library, The University of Tokyo, JAPAN	http://iiif.io/api/presentation/2#rightToLeftDirection		総合図書館所蔵古典籍	64		https://iiif.dl.itc.u-tokyo.ac.jp/repo/iiif/171994/manifest					7
蒲御曹子東童歌	A00:4252	カバ ノ オンゾウシ アズマ ノ ドウカ			京都 : 山本九兵衛	不明	不明	1冊	刊	小	"このぬしせんくわ黒印あり本書題名ニ就キ「古今外題年代記」、「浄瑠璃大系図」宇治加賀予作●中ニ「蒲御曹子東踏歌」トアルモ本書内題ニ依リ「蒲御曹子東童歌」トナシオクモノ也。分類:浄瑠璃
マイクロフィルム番号:6-4-8"	日本語	和古書		http://tify.sub.uni-goettingen.de/demo.html?manifest=https://archdataset.dl.itc.u-tokyo.ac.jp/manifest/2cb8bbad-724a-20ce-1f72-fd8cc7c436a4.json	2cb8bbad-724a-20ce-1f72-fd8cc7c436a4	https://iiif.dl.itc.u-tokyo.ac.jp/repo/s/koten/	https://iiif.dl.itc.u-tokyo.ac.jp/repo/s/koten/document/2cb8bbad-724a-20ce-1f72-fd8cc7c436a4	https://www.lib.u-tokyo.ac.jp/ja/library/contents/archives-top/reuse	https://iiif.dl.itc.u-tokyo.ac.jp/repo/files/medium/8668f5cbe12b8fd161e0f5d4473b16b10efe23c0.jpg	https://iiif.dl.itc.u-tokyo.ac.jp/repo/api/items/171981	東京大学総合図書館 General Library, The University of Tokyo, JAPAN	http://iiif.io/api/presentation/2#rightToLeftDirection		総合図書館所蔵古典籍	65		https://iiif.dl.itc.u-tokyo.ac.jp/repo/iiif/171981/manifest					17
大じゃ	A00:4210	ダイジャ			江戸 : うろこがたや	不明	不明	1冊	刊	小	"破本分類:浄瑠璃
マイクロフィルム番号:6-5-23"	日本語	和古書		http://tify.sub.uni-goettingen.de/demo.html?manifest=https://archdataset.dl.itc.u-tokyo.ac.jp/manifest/1354de31-0d49-75ba-a01d-5310be0a0a8d.json	1354de31-0d49-75ba-a01d-5310be0a0a8d	https://iiif.dl.itc.u-tokyo.ac.jp/repo/s/koten/	https://iiif.dl.itc.u-tokyo.ac.jp/repo/s/koten/document/1354de31-0d49-75ba-a01d-5310be0a0a8d	https://www.lib.u-tokyo.ac.jp/ja/library/contents/archives-top/reuse	https://iiif.dl.itc.u-tokyo.ac.jp/repo/files/medium/a74b31e61f959783d0cc9e2cd68046074549f7f9.jpg	https://iiif.dl.itc.u-tokyo.ac.jp/repo/api/items/171967	東京大学総合図書館 General Library, The University of Tokyo, JAPAN	http://iiif.io/api/presentation/2#rightToLeftDirection		総合図書館所蔵古典籍	66		https://iiif.dl.itc.u-tokyo.ac.jp/repo/iiif/171967/manifest					13
こあつもり	A00:6284	コアツモリ			江戸 : 西村伝兵衛	1715	正徳5	1冊	刊	小	"「右此本者太夫直之以正本為寫令板行者也正徳五年松正月吉日 籠込嘉町 西村傳兵衛新板」の刊記あり分類:浄瑠璃
マイクロフィルム番号:6-5-22"	日本語	和古書		http://tify.sub.uni-goettingen.de/demo.html?manifest=https://archdataset.dl.itc.u-tokyo.ac.jp/manifest/01466091-970c-4f8a-2e36-bfb0e88733c8.json	01466091-970c-4f8a-2e36-bfb0e88733c8	https://iiif.dl.itc.u-tokyo.ac.jp/repo/s/koten/	https://iiif.dl.itc.u-tokyo.ac.jp/repo/s/koten/document/01466091-970c-4f8a-2e36-bfb0e88733c8	https://www.lib.u-tokyo.ac.jp/ja/library/contents/archives-top/reuse	https://iiif.dl.itc.u-tokyo.ac.jp/repo/files/medium/6f7176ba99cbc69ba7a2e7f261a906e0ddefa3b1.jpg	https://iiif.dl.itc.u-tokyo.ac.jp/repo/api/items/171987	東京大学総合図書館 General Library, The University of Tokyo, JAPAN	http://iiif.io/api/presentation/2#rightToLeftDirection		総合図書館所蔵古典籍	67		https://iiif.dl.itc.u-tokyo.ac.jp/repo/iiif/171987/manifest					13
好問堂儲蔵書目	A00:6300	コウモンドウ チョゾウ ショモク		山崎美成	不明	不明	不明	6巻6冊	写	中	"自筆本印記 : 詩賈堂印記 : 南葵文庫分類:書目
マイクロフィルム番号:6-8-8"	日本語	和古書	南葵文庫	http://tify.sub.uni-goettingen.de/demo.html?manifest=https://archdataset.dl.itc.u-tokyo.ac.jp/manifest/95db0d93-3107-4491-2084-9b7783f35e28.json	95db0d93-3107-4491-2084-9b7783f35e28	https://iiif.dl.itc.u-tokyo.ac.jp/repo/s/koten/	https://iiif.dl.itc.u-tokyo.ac.jp/repo/s/koten/document/95db0d93-3107-4491-2084-9b7783f35e28	https://www.lib.u-tokyo.ac.jp/ja/library/contents/archives-top/reuse	https://iiif.dl.itc.u-tokyo.ac.jp/repo/files/medium/154b3e0636e6e70da1a77a2eb8a61aaf6458468f.jpg	https://iiif.dl.itc.u-tokyo.ac.jp/repo/api/items/171993	東京大学総合図書館 General Library, The University of Tokyo, JAPAN	http://iiif.io/api/presentation/2#rightToLeftDirection		総合図書館所蔵古典籍	68		https://iiif.dl.itc.u-tokyo.ac.jp/repo/iiif/171993/manifest					297
陸詩考實	A00:6555	リクシ コウジツ		陸游(務観)著 ; 河世寧(子静)考実	不明	不明	不明	3冊	写	24 cm	"自筆稿本附  本傳年譜印記 : 河子静印記 : 志在幽古印記 : 河正寧印分類:漢詩
マイクロフィルム番号:2-35-1"	日本語	和古書		http://tify.sub.uni-goettingen.de/demo.html?manifest=https://archdataset.dl.itc.u-tokyo.ac.jp/manifest/d8480473-998e-5d50-41a5-f1464dd215df.json	d8480473-998e-5d50-41a5-f1464dd215df	https://iiif.dl.itc.u-tokyo.ac.jp/repo/s/koten/	https://iiif.dl.itc.u-tokyo.ac.jp/repo/s/koten/document/d8480473-998e-5d50-41a5-f1464dd215df	https://www.lib.u-tokyo.ac.jp/ja/library/contents/archives-top/reuse	https://iiif.dl.itc.u-tokyo.ac.jp/repo/files/medium/c1efe63deb31f772c2d3ec10979294212b5ee777.jpg	https://iiif.dl.itc.u-tokyo.ac.jp/repo/api/items/172004	東京大学総合図書館 General Library, The University of Tokyo, JAPAN	http://iiif.io/api/presentation/2#rightToLeftDirection		総合図書館所蔵古典籍	69		https://iiif.dl.itc.u-tokyo.ac.jp/repo/iiif/172004/manifest					73
承久記	A00:6135	ショウキュウキ			不明	不明	不明	2巻1冊	写	大	"飛鳥井家本安藤素軒筆分類:軍記物語
マイクロフィルム番号:6-11-5"	日本語	和古書		http://tify.sub.uni-goettingen.de/demo.html?manifest=https://archdataset.dl.itc.u-tokyo.ac.jp/manifest/06582fd8-23f9-121f-7314-1fbb0dc1438b.json	06582fd8-23f9-121f-7314-1fbb0dc1438b	https://iiif.dl.itc.u-tokyo.ac.jp/repo/s/koten/	https://iiif.dl.itc.u-tokyo.ac.jp/repo/s/koten/document/06582fd8-23f9-121f-7314-1fbb0dc1438b	https://www.lib.u-tokyo.ac.jp/ja/library/contents/archives-top/reuse	https://iiif.dl.itc.u-tokyo.ac.jp/repo/files/medium/a87f6add2ef235bf25f9d5a0b9478ed20057aba1.jpg	https://iiif.dl.itc.u-tokyo.ac.jp/repo/api/items/172014	東京大学総合図書館 General Library, The University of Tokyo, JAPAN	http://iiif.io/api/presentation/2#rightToLeftDirection		総合図書館所蔵古典籍	7		https://iiif.dl.itc.u-tokyo.ac.jp/repo/iiif/172014/manifest					73
延喜式	A00:6122	エンギシキ		藤原時平 , 藤原忠平[著]	不明	不明	不明	1冊	写	大	"刻板補闕原本河村秀●書入アリ分類:法制
マイクロフィルム番号:6-15-13"	日本語	和古書		http://tify.sub.uni-goettingen.de/demo.html?manifest=https://archdataset.dl.itc.u-tokyo.ac.jp/manifest/262f6110-5c5b-09d4-7a28-0c0019fa5a79.json	262f6110-5c5b-09d4-7a28-0c0019fa5a79	https://iiif.dl.itc.u-tokyo.ac.jp/repo/s/koten/	https://iiif.dl.itc.u-tokyo.ac.jp/repo/s/koten/document/262f6110-5c5b-09d4-7a28-0c0019fa5a79	https://www.lib.u-tokyo.ac.jp/ja/library/contents/archives-top/reuse	https://iiif.dl.itc.u-tokyo.ac.jp/repo/files/medium/16570fe6eb042804db95da674a63f4ef7bd38c93.jpg	https://iiif.dl.itc.u-tokyo.ac.jp/repo/api/items/171968	東京大学総合図書館 General Library, The University of Tokyo, JAPAN	http://iiif.io/api/presentation/2#rightToLeftDirection		総合図書館所蔵古典籍	8		https://iiif.dl.itc.u-tokyo.ac.jp/repo/iiif/171968/manifest					34
子子子子子子	E24:1310	ネコ  ノ  コ  ノ  コネコ			不明	1758	宝暦8	2巻	刊	小	分類:黒本マイクロフィルム番号:6-15-22	日本語	和古書		http://tify.sub.uni-goettingen.de/demo.html?manifest=https://archdataset.dl.itc.u-tokyo.ac.jp/manifest/00e1f95d-5bd4-0b85-403e-b0eb6cd422d4.json	00e1f95d-5bd4-0b85-403e-b0eb6cd422d4	https://iiif.dl.itc.u-tokyo.ac.jp/repo/s/koten/	https://iiif.dl.itc.u-tokyo.ac.jp/repo/s/koten/document/00e1f95d-5bd4-0b85-403e-b0eb6cd422d4	https://www.lib.u-tokyo.ac.jp/ja/library/contents/archives-top/reuse	https://iiif.dl.itc.u-tokyo.ac.jp/repo/files/medium/34ade0bb37ba6da7423325744e67b3255f8ba497.jpg	https://iiif.dl.itc.u-tokyo.ac.jp/repo/api/items/172001	東京大学総合図書館 General Library, The University of Tokyo, JAPAN	http://iiif.io/api/presentation/2#rightToLeftDirection		総合図書館所蔵古典籍	9		https://iiif.dl.itc.u-tokyo.ac.jp/repo/iiif/172001/manifest					15
