タイトル,別タイトル,記事種別,執筆者,備考,巻号,発行年月日,iiif viewer,ID,ウェブサイトURL,アイテムURL,利用条件,サムネイル,機械可読ドキュメント,帰属,viewingDirection,viewingHint,コレクション,ソート用項目,西暦,IIIFマニフェストURI,IIIF Search API URI,アノテーション付きIIIFマニフェストURI,Link to TAPAS Project,Text with Rich Text Format,# of media
dcterms:title,dcterms:alternative,dcndl:materialType,dcterms:creator,dcterms:description,dcndl:volume,dcterms:issued,iiif viewer,bibo:identifier,dcterms:isPartOf,dcterms:relation,dcterms:rights,foaf:thumbnail,rdfs:seeAlso,sc:attributionLabel,sc:viewingDirection,sc:viewingHint,uterms:databaseLabel,uterms:sort,uterms:year,uterms:manifestUri,uterms:searchApiUri,uterms:annotedManifest,uterms:linkToTapas,uterms:rtf,336
(表紙、口絵、目次),,,,口絵 : 戸田ヶ原採集隊 一行,第1巻第1号,明治33年5月25日,http://tify.sub.uni-goettingen.de/demo.html?manifest=https://archdataset.dl.itc.u-tokyo.ac.jp/manifest/62956d7c-0925-4c6c-8ef4-c3eacc6e289a.json,62956d7c-0925-4c6c-8ef4-c3eacc6e289a,https://iiif.dl.itc.u-tokyo.ac.jp/repo/s/hakubutsunotomo/,https://iiif.dl.itc.u-tokyo.ac.jp/repo/s/hakubutsunotomo/document/62956d7c-0925-4c6c-8ef4-c3eacc6e289a,https://www.lib.u-tokyo.ac.jp/ja/library/contents/archives-top/reuse,https://iiif.dl.itc.u-tokyo.ac.jp/repo/files/medium/f578875a6a7ae577d80413c96c2d123599d72524.jpg,https://iiif.dl.itc.u-tokyo.ac.jp/repo/api/items/478158,"東京大学柏図書館 Kashiwa Library, The University of Tokyo, JAPAN",,,博物之友,001,,https://iiif.dl.itc.u-tokyo.ac.jp/repo/iiif/62956d7c-0925-4c6c-8ef4-c3eacc6e289a/manifest,,,,,4
本誌発刊ノ趣旨,発刊ノ趣旨,,,,第1巻第1号,明治33年5月25日,http://tify.sub.uni-goettingen.de/demo.html?manifest=https://archdataset.dl.itc.u-tokyo.ac.jp/manifest/4c3df8d7-4faa-72b9-37f9-7ba3f9c336c5.json,4c3df8d7-4faa-72b9-37f9-7ba3f9c336c5,https://iiif.dl.itc.u-tokyo.ac.jp/repo/s/hakubutsunotomo/,https://iiif.dl.itc.u-tokyo.ac.jp/repo/s/hakubutsunotomo/document/4c3df8d7-4faa-72b9-37f9-7ba3f9c336c5,https://www.lib.u-tokyo.ac.jp/ja/library/contents/archives-top/reuse,https://iiif.dl.itc.u-tokyo.ac.jp/repo/files/medium/172e9dc4ae274d6e230bc2e77307fb55e4ad7e02.jpg,https://iiif.dl.itc.u-tokyo.ac.jp/repo/api/items/478159,"東京大学柏図書館 Kashiwa Library, The University of Tokyo, JAPAN",,,博物之友,002,,https://iiif.dl.itc.u-tokyo.ac.jp/repo/iiif/4c3df8d7-4faa-72b9-37f9-7ba3f9c336c5/manifest,,,,,2
博物の友発刊を喜ぶ,博物ノ友発刊ヲ喜ブ,,市河三喜,,第1巻第1号,明治33年5月25日,http://tify.sub.uni-goettingen.de/demo.html?manifest=https://archdataset.dl.itc.u-tokyo.ac.jp/manifest/58b2260e-999d-4095-08f0-fc1aef106edf.json,58b2260e-999d-4095-08f0-fc1aef106edf,https://iiif.dl.itc.u-tokyo.ac.jp/repo/s/hakubutsunotomo/,https://iiif.dl.itc.u-tokyo.ac.jp/repo/s/hakubutsunotomo/document/58b2260e-999d-4095-08f0-fc1aef106edf,http://creativecommons.org/licenses/by-nd/4.0/,https://iiif.dl.itc.u-tokyo.ac.jp/repo/files/medium/643a541eaaae124174fc446a2bc9afceebf73c5f.jpg,https://iiif.dl.itc.u-tokyo.ac.jp/repo/api/items/478160,"東京大学柏図書館 Kashiwa Library, The University of Tokyo, JAPAN",,,博物之友,003,,https://iiif.dl.itc.u-tokyo.ac.jp/repo/iiif/58b2260e-999d-4095-08f0-fc1aef106edf/manifest,,,,,3
昆虫分類一覧,,雑録,市河三喜,,第1巻第1号,明治33年5月25日,http://tify.sub.uni-goettingen.de/demo.html?manifest=https://archdataset.dl.itc.u-tokyo.ac.jp/manifest/c33467fa-32f7-7940-0d65-42278d072689.json,c33467fa-32f7-7940-0d65-42278d072689,https://iiif.dl.itc.u-tokyo.ac.jp/repo/s/hakubutsunotomo/,https://iiif.dl.itc.u-tokyo.ac.jp/repo/s/hakubutsunotomo/document/c33467fa-32f7-7940-0d65-42278d072689,http://creativecommons.org/licenses/by-nd/4.0/,https://iiif.dl.itc.u-tokyo.ac.jp/repo/files/medium/efd0bd3dd71f46f2d0403aacd62a27888b7611a4.jpg,https://iiif.dl.itc.u-tokyo.ac.jp/repo/api/items/478161,"東京大学柏図書館 Kashiwa Library, The University of Tokyo, JAPAN",,,博物之友,005,,https://iiif.dl.itc.u-tokyo.ac.jp/repo/iiif/c33467fa-32f7-7940-0d65-42278d072689/manifest,,,,,5
昆虫分類記憶ノ歌,,雑録,市河三喜,,第1巻第1号,明治33年5月25日,http://tify.sub.uni-goettingen.de/demo.html?manifest=https://archdataset.dl.itc.u-tokyo.ac.jp/manifest/a524a5ae-15c3-2bee-a371-11a9474439a0.json,a524a5ae-15c3-2bee-a371-11a9474439a0,https://iiif.dl.itc.u-tokyo.ac.jp/repo/s/hakubutsunotomo/,https://iiif.dl.itc.u-tokyo.ac.jp/repo/s/hakubutsunotomo/document/a524a5ae-15c3-2bee-a371-11a9474439a0,http://creativecommons.org/licenses/by-nd/4.0/,https://iiif.dl.itc.u-tokyo.ac.jp/repo/files/medium/26c530bace5c53b2076741fe016db784db8ea9fa.jpg,https://iiif.dl.itc.u-tokyo.ac.jp/repo/api/items/478162,"東京大学柏図書館 Kashiwa Library, The University of Tokyo, JAPAN",,,博物之友,006,,https://iiif.dl.itc.u-tokyo.ac.jp/repo/iiif/a524a5ae-15c3-2bee-a371-11a9474439a0/manifest,,,,,2
質問応答,,質問応答,,,第1巻第1号,明治33年5月25日,http://tify.sub.uni-goettingen.de/demo.html?manifest=https://archdataset.dl.itc.u-tokyo.ac.jp/manifest/c42d4a10-7928-a78d-76ac-0dbea6d06956.json,c42d4a10-7928-a78d-76ac-0dbea6d06956,https://iiif.dl.itc.u-tokyo.ac.jp/repo/s/hakubutsunotomo/,https://iiif.dl.itc.u-tokyo.ac.jp/repo/s/hakubutsunotomo/document/c42d4a10-7928-a78d-76ac-0dbea6d06956,https://www.lib.u-tokyo.ac.jp/ja/library/contents/archives-top/reuse,https://iiif.dl.itc.u-tokyo.ac.jp/repo/files/medium/59bf84c28f8102109d6c785e5cffb46c3af293bc.jpg,https://iiif.dl.itc.u-tokyo.ac.jp/repo/api/items/478163,"東京大学柏図書館 Kashiwa Library, The University of Tokyo, JAPAN",,,博物之友,007,,https://iiif.dl.itc.u-tokyo.ac.jp/repo/iiif/c42d4a10-7928-a78d-76ac-0dbea6d06956/manifest,,,,,2
戸田ヶ原紀行,,紀行,村松操,,第1巻第1号,明治33年5月25日,http://tify.sub.uni-goettingen.de/demo.html?manifest=https://archdataset.dl.itc.u-tokyo.ac.jp/manifest/4c86f161-9ccd-6692-80f3-f101c4ce5ada.json,4c86f161-9ccd-6692-80f3-f101c4ce5ada,https://iiif.dl.itc.u-tokyo.ac.jp/repo/s/hakubutsunotomo/,https://iiif.dl.itc.u-tokyo.ac.jp/repo/s/hakubutsunotomo/document/4c86f161-9ccd-6692-80f3-f101c4ce5ada,https://www.lib.u-tokyo.ac.jp/ja/library/contents/archives-top/reuse,https://iiif.dl.itc.u-tokyo.ac.jp/repo/files/medium/f73895dbdeda90d185dddb0672ab1b9a5cd00074.jpg,https://iiif.dl.itc.u-tokyo.ac.jp/repo/api/items/478164,"東京大学柏図書館 Kashiwa Library, The University of Tokyo, JAPAN",,,博物之友,008,,https://iiif.dl.itc.u-tokyo.ac.jp/repo/iiif/4c86f161-9ccd-6692-80f3-f101c4ce5ada/manifest,,,,,4
戸田ヶ原採取紀行 午後,戸田ヶ原紀行,紀行,市河三喜,,第1巻第1号,明治33年5月25日,http://tify.sub.uni-goettingen.de/demo.html?manifest=https://archdataset.dl.itc.u-tokyo.ac.jp/manifest/deda0103-1755-7a98-6b3e-6b0cac795e86.json,deda0103-1755-7a98-6b3e-6b0cac795e86,https://iiif.dl.itc.u-tokyo.ac.jp/repo/s/hakubutsunotomo/,https://iiif.dl.itc.u-tokyo.ac.jp/repo/s/hakubutsunotomo/document/deda0103-1755-7a98-6b3e-6b0cac795e86,http://creativecommons.org/licenses/by-nd/4.0/,https://iiif.dl.itc.u-tokyo.ac.jp/repo/files/medium/8d02a225a6a78b6dea6c9b018fd538d59c53ffd7.jpg,https://iiif.dl.itc.u-tokyo.ac.jp/repo/api/items/478165,"東京大学柏図書館 Kashiwa Library, The University of Tokyo, JAPAN",,,博物之友,009,,https://iiif.dl.itc.u-tokyo.ac.jp/repo/iiif/deda0103-1755-7a98-6b3e-6b0cac795e86/manifest,,,,,4
日本博物学会第一回採集 世田ヶ谷豪徳寺紀行,第一回採集紀行,紀行,村松操,,第1巻第1号,明治33年5月25日,http://tify.sub.uni-goettingen.de/demo.html?manifest=https://archdataset.dl.itc.u-tokyo.ac.jp/manifest/5f9435f6-6482-1cb3-a057-d040a5b73d88.json,5f9435f6-6482-1cb3-a057-d040a5b73d88,https://iiif.dl.itc.u-tokyo.ac.jp/repo/s/hakubutsunotomo/,https://iiif.dl.itc.u-tokyo.ac.jp/repo/s/hakubutsunotomo/document/5f9435f6-6482-1cb3-a057-d040a5b73d88,https://www.lib.u-tokyo.ac.jp/ja/library/contents/archives-top/reuse,https://iiif.dl.itc.u-tokyo.ac.jp/repo/files/medium/430398c73a08bbe2b0bce39e3b4ebacb2ca97708.jpg,https://iiif.dl.itc.u-tokyo.ac.jp/repo/api/items/478166,"東京大学柏図書館 Kashiwa Library, The University of Tokyo, JAPAN",,,博物之友,010,,https://iiif.dl.itc.u-tokyo.ac.jp/repo/iiif/5f9435f6-6482-1cb3-a057-d040a5b73d88/manifest,,,,,3
日本博物学会第一回採集 豪徳寺紀行,第一回採集紀行,紀行,市河三喜,,第1巻第1号,明治33年5月25日,http://tify.sub.uni-goettingen.de/demo.html?manifest=https://archdataset.dl.itc.u-tokyo.ac.jp/manifest/7d93ef46-2933-60ab-8302-43237b3b236e.json,7d93ef46-2933-60ab-8302-43237b3b236e,https://iiif.dl.itc.u-tokyo.ac.jp/repo/s/hakubutsunotomo/,https://iiif.dl.itc.u-tokyo.ac.jp/repo/s/hakubutsunotomo/document/7d93ef46-2933-60ab-8302-43237b3b236e,http://creativecommons.org/licenses/by-nd/4.0/,https://iiif.dl.itc.u-tokyo.ac.jp/repo/files/medium/5ede62eebfef9a43eb1b542f96b22a9cd62ebd05.jpg,https://iiif.dl.itc.u-tokyo.ac.jp/repo/api/items/478167,"東京大学柏図書館 Kashiwa Library, The University of Tokyo, JAPAN",,,博物之友,011,,https://iiif.dl.itc.u-tokyo.ac.jp/repo/iiif/7d93ef46-2933-60ab-8302-43237b3b236e/manifest,,,,,2
豪徳寺記事,第一回採集紀行,紀行,村松操,,第1巻第1号,明治33年5月25日,http://tify.sub.uni-goettingen.de/demo.html?manifest=https://archdataset.dl.itc.u-tokyo.ac.jp/manifest/e3c9d1d6-8da8-5ae5-5182-5e405f038f92.json,e3c9d1d6-8da8-5ae5-5182-5e405f038f92,https://iiif.dl.itc.u-tokyo.ac.jp/repo/s/hakubutsunotomo/,https://iiif.dl.itc.u-tokyo.ac.jp/repo/s/hakubutsunotomo/document/e3c9d1d6-8da8-5ae5-5182-5e405f038f92,https://www.lib.u-tokyo.ac.jp/ja/library/contents/archives-top/reuse,https://iiif.dl.itc.u-tokyo.ac.jp/repo/files/medium/482c9e771373783b6967a736299c54df6656f647.jpg,https://iiif.dl.itc.u-tokyo.ac.jp/repo/api/items/478168,"東京大学柏図書館 Kashiwa Library, The University of Tokyo, JAPAN",,,博物之友,012,,https://iiif.dl.itc.u-tokyo.ac.jp/repo/iiif/e3c9d1d6-8da8-5ae5-5182-5e405f038f92/manifest,,,,,2
日本博物学会第二回採集 大宮八幡紀行,第二回採集紀行,紀行,村松操,,第1巻第1号,明治33年5月25日,http://tify.sub.uni-goettingen.de/demo.html?manifest=https://archdataset.dl.itc.u-tokyo.ac.jp/manifest/0f82c077-3cea-9ba9-49e5-7b56192b4961.json,0f82c077-3cea-9ba9-49e5-7b56192b4961,https://iiif.dl.itc.u-tokyo.ac.jp/repo/s/hakubutsunotomo/,https://iiif.dl.itc.u-tokyo.ac.jp/repo/s/hakubutsunotomo/document/0f82c077-3cea-9ba9-49e5-7b56192b4961,https://www.lib.u-tokyo.ac.jp/ja/library/contents/archives-top/reuse,https://iiif.dl.itc.u-tokyo.ac.jp/repo/files/medium/31194cb0ced80844e1eee47d10c6b4472901187b.jpg,https://iiif.dl.itc.u-tokyo.ac.jp/repo/api/items/478169,"東京大学柏図書館 Kashiwa Library, The University of Tokyo, JAPAN",,,博物之友,013,,https://iiif.dl.itc.u-tokyo.ac.jp/repo/iiif/0f82c077-3cea-9ba9-49e5-7b56192b4961/manifest,,,,,3
日本博物学会第二回採集 大宮紀行,第二回採集紀行,紀行,市河三喜,,第1巻第1号,明治33年5月25日,http://tify.sub.uni-goettingen.de/demo.html?manifest=https://archdataset.dl.itc.u-tokyo.ac.jp/manifest/4cba3ddd-407d-9673-6155-69c15ea20d3f.json,4cba3ddd-407d-9673-6155-69c15ea20d3f,https://iiif.dl.itc.u-tokyo.ac.jp/repo/s/hakubutsunotomo/,https://iiif.dl.itc.u-tokyo.ac.jp/repo/s/hakubutsunotomo/document/4cba3ddd-407d-9673-6155-69c15ea20d3f,http://creativecommons.org/licenses/by-nd/4.0/,https://iiif.dl.itc.u-tokyo.ac.jp/repo/files/medium/06b9ad59cd3ec4ba509b3f7bc525d6e9a65b8043.jpg,https://iiif.dl.itc.u-tokyo.ac.jp/repo/api/items/478170,"東京大学柏図書館 Kashiwa Library, The University of Tokyo, JAPAN",,,博物之友,014,,https://iiif.dl.itc.u-tokyo.ac.jp/repo/iiif/4cba3ddd-407d-9673-6155-69c15ea20d3f/manifest,,,,,4
「本号口絵説明」「植物隊記事ニツイテ」「採集シタルモノノ綱目ヲ序スルコトニツイテ」「会員章」「遠足」,,雑報,,,第1巻第1号,明治33年5月25日,http://tify.sub.uni-goettingen.de/demo.html?manifest=https://archdataset.dl.itc.u-tokyo.ac.jp/manifest/7db63d91-58ec-7557-8905-b6749af49714.json,7db63d91-58ec-7557-8905-b6749af49714,https://iiif.dl.itc.u-tokyo.ac.jp/repo/s/hakubutsunotomo/,https://iiif.dl.itc.u-tokyo.ac.jp/repo/s/hakubutsunotomo/document/7db63d91-58ec-7557-8905-b6749af49714,https://www.lib.u-tokyo.ac.jp/ja/library/contents/archives-top/reuse,https://iiif.dl.itc.u-tokyo.ac.jp/repo/files/medium/1af80e6b699c5b972301b1abb4082ad594883f92.jpg,https://iiif.dl.itc.u-tokyo.ac.jp/repo/api/items/478171,"東京大学柏図書館 Kashiwa Library, The University of Tokyo, JAPAN",,,博物之友,015,,https://iiif.dl.itc.u-tokyo.ac.jp/repo/iiif/7db63d91-58ec-7557-8905-b6749af49714/manifest,,,,,2
編集余筆,,雑報,,,第1巻第1号,明治33年5月25日,http://tify.sub.uni-goettingen.de/demo.html?manifest=https://archdataset.dl.itc.u-tokyo.ac.jp/manifest/56eedcaa-37f7-a338-6184-ee6968240111.json,56eedcaa-37f7-a338-6184-ee6968240111,https://iiif.dl.itc.u-tokyo.ac.jp/repo/s/hakubutsunotomo/,https://iiif.dl.itc.u-tokyo.ac.jp/repo/s/hakubutsunotomo/document/56eedcaa-37f7-a338-6184-ee6968240111,https://www.lib.u-tokyo.ac.jp/ja/library/contents/archives-top/reuse,https://iiif.dl.itc.u-tokyo.ac.jp/repo/files/medium/dd8777da154157322f766f181955ae3cc81a3237.jpg,https://iiif.dl.itc.u-tokyo.ac.jp/repo/api/items/478172,"東京大学柏図書館 Kashiwa Library, The University of Tokyo, JAPAN",,,博物之友,016,,https://iiif.dl.itc.u-tokyo.ac.jp/repo/iiif/56eedcaa-37f7-a338-6184-ee6968240111/manifest,,,,,2
"「日本博物学会規則」「投稿規程 輪見方法」「現任役員」「寄附目録」「会員住所」 , 奥付",,會報,,,第1巻第1号,明治33年5月25日,http://tify.sub.uni-goettingen.de/demo.html?manifest=https://archdataset.dl.itc.u-tokyo.ac.jp/manifest/483bf88f-7dd7-00b0-8a4e-cd143248383f.json,483bf88f-7dd7-00b0-8a4e-cd143248383f,https://iiif.dl.itc.u-tokyo.ac.jp/repo/s/hakubutsunotomo/,https://iiif.dl.itc.u-tokyo.ac.jp/repo/s/hakubutsunotomo/document/483bf88f-7dd7-00b0-8a4e-cd143248383f,https://www.lib.u-tokyo.ac.jp/ja/library/contents/archives-top/reuse,https://iiif.dl.itc.u-tokyo.ac.jp/repo/files/medium/fc1236279c44dde76008cc9a4b74569e274ec835.jpg,https://iiif.dl.itc.u-tokyo.ac.jp/repo/api/items/478173,"東京大学柏図書館 Kashiwa Library, The University of Tokyo, JAPAN",,,博物之友,017,,https://iiif.dl.itc.u-tokyo.ac.jp/repo/iiif/483bf88f-7dd7-00b0-8a4e-cd143248383f/manifest,,,,,5
(表紙、目次、口絵),,,,"口絵 : PEGONIA-REX PUTZ. 大葉ベコニア , 口絵 : 上の紙ですかして見ると実物通りです",第1巻第2号,明治33年6月25日,http://tify.sub.uni-goettingen.de/demo.html?manifest=https://archdataset.dl.itc.u-tokyo.ac.jp/manifest/406380b6-6ebd-133c-3dce-2985b7a03552.json,406380b6-6ebd-133c-3dce-2985b7a03552,https://iiif.dl.itc.u-tokyo.ac.jp/repo/s/hakubutsunotomo/,https://iiif.dl.itc.u-tokyo.ac.jp/repo/s/hakubutsunotomo/document/406380b6-6ebd-133c-3dce-2985b7a03552,https://www.lib.u-tokyo.ac.jp/ja/library/contents/archives-top/reuse,https://iiif.dl.itc.u-tokyo.ac.jp/repo/files/medium/924143248a474682c9ab76f05000e89325bb3265.jpg,https://iiif.dl.itc.u-tokyo.ac.jp/repo/api/items/478174,"東京大学柏図書館 Kashiwa Library, The University of Tokyo, JAPAN",,,博物之友,018,,https://iiif.dl.itc.u-tokyo.ac.jp/repo/iiif/406380b6-6ebd-133c-3dce-2985b7a03552/manifest,,,,,5
博物之友発兌ヲ祝ス,寄書 博物の友発兌ヲ祝ス,論説,梅澤親光,,第1巻第2号,明治33年6月25日,http://tify.sub.uni-goettingen.de/demo.html?manifest=https://archdataset.dl.itc.u-tokyo.ac.jp/manifest/f99dfa10-3e89-8e76-9f3c-990659281912.json,f99dfa10-3e89-8e76-9f3c-990659281912,https://iiif.dl.itc.u-tokyo.ac.jp/repo/s/hakubutsunotomo/,https://iiif.dl.itc.u-tokyo.ac.jp/repo/s/hakubutsunotomo/document/f99dfa10-3e89-8e76-9f3c-990659281912,https://www.lib.u-tokyo.ac.jp/ja/library/contents/archives-top/reuse,https://iiif.dl.itc.u-tokyo.ac.jp/repo/files/medium/c4c6d319055f13b4ee769d2b7418b4d03f0bd1eb.jpg,https://iiif.dl.itc.u-tokyo.ac.jp/repo/api/items/478175,"東京大学柏図書館 Kashiwa Library, The University of Tokyo, JAPAN",,,博物之友,019,,https://iiif.dl.itc.u-tokyo.ac.jp/repo/iiif/f99dfa10-3e89-8e76-9f3c-990659281912/manifest,,,,,2
顯花植物の分類,顯花植物ノ分類,雑録,市河三喜,,第1巻第2号,明治33年6月25日,http://tify.sub.uni-goettingen.de/demo.html?manifest=https://archdataset.dl.itc.u-tokyo.ac.jp/manifest/43a8db48-a6c9-8344-2e38-74d513322a55.json,43a8db48-a6c9-8344-2e38-74d513322a55,https://iiif.dl.itc.u-tokyo.ac.jp/repo/s/hakubutsunotomo/,https://iiif.dl.itc.u-tokyo.ac.jp/repo/s/hakubutsunotomo/document/43a8db48-a6c9-8344-2e38-74d513322a55,http://creativecommons.org/licenses/by-nd/4.0/,https://iiif.dl.itc.u-tokyo.ac.jp/repo/files/medium/08b3eafb33995fedba09d50f5dbcc15ff97d4090.jpg,https://iiif.dl.itc.u-tokyo.ac.jp/repo/api/items/478176,"東京大学柏図書館 Kashiwa Library, The University of Tokyo, JAPAN",,,博物之友,023,,https://iiif.dl.itc.u-tokyo.ac.jp/repo/iiif/43a8db48-a6c9-8344-2e38-74d513322a55/manifest,,,,,6
松うちふぐりノ実験,松うちふぐりノ実験,雑録,市河三喜,,第1巻第2号,明治33年6月25日,http://tify.sub.uni-goettingen.de/demo.html?manifest=https://archdataset.dl.itc.u-tokyo.ac.jp/manifest/cd2ac7d3-4554-4be5-5ad4-5b34485195d7.json,cd2ac7d3-4554-4be5-5ad4-5b34485195d7,https://iiif.dl.itc.u-tokyo.ac.jp/repo/s/hakubutsunotomo/,https://iiif.dl.itc.u-tokyo.ac.jp/repo/s/hakubutsunotomo/document/cd2ac7d3-4554-4be5-5ad4-5b34485195d7,http://creativecommons.org/licenses/by-nd/4.0/,https://iiif.dl.itc.u-tokyo.ac.jp/repo/files/medium/38e4d665f33462eaa6d3a0374a598e849a378ff8.jpg,https://iiif.dl.itc.u-tokyo.ac.jp/repo/api/items/478177,"東京大学柏図書館 Kashiwa Library, The University of Tokyo, JAPAN",,,博物之友,024,,https://iiif.dl.itc.u-tokyo.ac.jp/repo/iiif/cd2ac7d3-4554-4be5-5ad4-5b34485195d7/manifest,,,,,1
廿日々記,廿日々記,雑録,村松操,,第1巻第2号,明治33年6月25日,http://tify.sub.uni-goettingen.de/demo.html?manifest=https://archdataset.dl.itc.u-tokyo.ac.jp/manifest/4c0dc8e7-2538-2891-45e7-a633c5fa2ac0.json,4c0dc8e7-2538-2891-45e7-a633c5fa2ac0,https://iiif.dl.itc.u-tokyo.ac.jp/repo/s/hakubutsunotomo/,https://iiif.dl.itc.u-tokyo.ac.jp/repo/s/hakubutsunotomo/document/4c0dc8e7-2538-2891-45e7-a633c5fa2ac0,https://www.lib.u-tokyo.ac.jp/ja/library/contents/archives-top/reuse,https://iiif.dl.itc.u-tokyo.ac.jp/repo/files/medium/28d8861daaa9a3d46209f1b9ae6c4d4caa7ad662.jpg,https://iiif.dl.itc.u-tokyo.ac.jp/repo/api/items/478178,"東京大学柏図書館 Kashiwa Library, The University of Tokyo, JAPAN",,,博物之友,025,,https://iiif.dl.itc.u-tokyo.ac.jp/repo/iiif/4c0dc8e7-2538-2891-45e7-a633c5fa2ac0/manifest,,,,,3
所蔵蝶目録,,雑録,村松,,第1巻第2号,明治33年6月25日,http://tify.sub.uni-goettingen.de/demo.html?manifest=https://archdataset.dl.itc.u-tokyo.ac.jp/manifest/79064b2c-7fa3-9c89-861b-fee86fbd18d0.json,79064b2c-7fa3-9c89-861b-fee86fbd18d0,https://iiif.dl.itc.u-tokyo.ac.jp/repo/s/hakubutsunotomo/,https://iiif.dl.itc.u-tokyo.ac.jp/repo/s/hakubutsunotomo/document/79064b2c-7fa3-9c89-861b-fee86fbd18d0,https://www.lib.u-tokyo.ac.jp/ja/library/contents/archives-top/reuse,https://iiif.dl.itc.u-tokyo.ac.jp/repo/files/medium/919029186ba2c50e02e42f9a8a9c8da37617f150.jpg,https://iiif.dl.itc.u-tokyo.ac.jp/repo/api/items/478179,"東京大学柏図書館 Kashiwa Library, The University of Tokyo, JAPAN",,,博物之友,028,,https://iiif.dl.itc.u-tokyo.ac.jp/repo/iiif/79064b2c-7fa3-9c89-861b-fee86fbd18d0/manifest,,,,,2
質問応答,質問、応答 質問七件 応答三件,質問応答,,,第1巻第2号,明治33年6月25日,http://tify.sub.uni-goettingen.de/demo.html?manifest=https://archdataset.dl.itc.u-tokyo.ac.jp/manifest/5ecb144e-5679-3a4f-a50a-e8b13ac28d26.json,5ecb144e-5679-3a4f-a50a-e8b13ac28d26,https://iiif.dl.itc.u-tokyo.ac.jp/repo/s/hakubutsunotomo/,https://iiif.dl.itc.u-tokyo.ac.jp/repo/s/hakubutsunotomo/document/5ecb144e-5679-3a4f-a50a-e8b13ac28d26,https://www.lib.u-tokyo.ac.jp/ja/library/contents/archives-top/reuse,https://iiif.dl.itc.u-tokyo.ac.jp/repo/files/medium/87845b4133eaac3f6b00fc0170aecc86a32c6c81.jpg,https://iiif.dl.itc.u-tokyo.ac.jp/repo/api/items/478180,"東京大学柏図書館 Kashiwa Library, The University of Tokyo, JAPAN",,,博物之友,029,,https://iiif.dl.itc.u-tokyo.ac.jp/repo/iiif/5ecb144e-5679-3a4f-a50a-e8b13ac28d26/manifest,,,,,2
日本博物学会第三回採集 等々力、多摩紀行 午前,第三回採集紀行,紀行,村松操,,第1巻第2号,明治33年6月25日,http://tify.sub.uni-goettingen.de/demo.html?manifest=https://archdataset.dl.itc.u-tokyo.ac.jp/manifest/9127f0d9-61ff-7e02-7b99-8ba040f9685d.json,9127f0d9-61ff-7e02-7b99-8ba040f9685d,https://iiif.dl.itc.u-tokyo.ac.jp/repo/s/hakubutsunotomo/,https://iiif.dl.itc.u-tokyo.ac.jp/repo/s/hakubutsunotomo/document/9127f0d9-61ff-7e02-7b99-8ba040f9685d,https://www.lib.u-tokyo.ac.jp/ja/library/contents/archives-top/reuse,https://iiif.dl.itc.u-tokyo.ac.jp/repo/files/medium/f1d3abf7b73f03e5bd1002c17e2d257c4f261dc2.jpg,https://iiif.dl.itc.u-tokyo.ac.jp/repo/api/items/478181,"東京大学柏図書館 Kashiwa Library, The University of Tokyo, JAPAN",,,博物之友,030,,https://iiif.dl.itc.u-tokyo.ac.jp/repo/iiif/9127f0d9-61ff-7e02-7b99-8ba040f9685d/manifest,,,,,2
本會第四回採集目黒紀行,第四回採集紀行,紀行,村松操,,第1巻第2号,明治33年6月25日,http://tify.sub.uni-goettingen.de/demo.html?manifest=https://archdataset.dl.itc.u-tokyo.ac.jp/manifest/43729bee-4355-8359-3f3e-73d8017329d3.json,43729bee-4355-8359-3f3e-73d8017329d3,https://iiif.dl.itc.u-tokyo.ac.jp/repo/s/hakubutsunotomo/,https://iiif.dl.itc.u-tokyo.ac.jp/repo/s/hakubutsunotomo/document/43729bee-4355-8359-3f3e-73d8017329d3,https://www.lib.u-tokyo.ac.jp/ja/library/contents/archives-top/reuse,https://iiif.dl.itc.u-tokyo.ac.jp/repo/files/medium/606585ad407199f98d24611d5f166a2b193b7c59.jpg,https://iiif.dl.itc.u-tokyo.ac.jp/repo/api/items/478182,"東京大学柏図書館 Kashiwa Library, The University of Tokyo, JAPAN",,,博物之友,032,,https://iiif.dl.itc.u-tokyo.ac.jp/repo/iiif/43729bee-4355-8359-3f3e-73d8017329d3/manifest,,,,,3
「本誌口絵説明」「世界中最多く蝶類を所有せる者」「正誤」「昆虫採集器具及貯蔵用器具薬品類」,,雑報,,,第1巻第2号,明治33年6月25日,http://tify.sub.uni-goettingen.de/demo.html?manifest=https://archdataset.dl.itc.u-tokyo.ac.jp/manifest/b195bc12-a36a-4daf-0962-b3cd9f453122.json,b195bc12-a36a-4daf-0962-b3cd9f453122,https://iiif.dl.itc.u-tokyo.ac.jp/repo/s/hakubutsunotomo/,https://iiif.dl.itc.u-tokyo.ac.jp/repo/s/hakubutsunotomo/document/b195bc12-a36a-4daf-0962-b3cd9f453122,https://www.lib.u-tokyo.ac.jp/ja/library/contents/archives-top/reuse,https://iiif.dl.itc.u-tokyo.ac.jp/repo/files/medium/85cea414ced46077825666c6b374d73154487f2e.jpg,https://iiif.dl.itc.u-tokyo.ac.jp/repo/api/items/478183,"東京大学柏図書館 Kashiwa Library, The University of Tokyo, JAPAN",,,博物之友,033,,https://iiif.dl.itc.u-tokyo.ac.jp/repo/iiif/b195bc12-a36a-4daf-0962-b3cd9f453122/manifest,,,,,2
"「会報」「会計報告」「寄附目録」「部報」「投稿規程」「輪見方法」 , 奥付",,會報,,,第1巻第2号,明治33年6月25日,http://tify.sub.uni-goettingen.de/demo.html?manifest=https://archdataset.dl.itc.u-tokyo.ac.jp/manifest/4ad279ad-92c8-8d23-6ce6-0bc4dae27928.json,4ad279ad-92c8-8d23-6ce6-0bc4dae27928,https://iiif.dl.itc.u-tokyo.ac.jp/repo/s/hakubutsunotomo/,https://iiif.dl.itc.u-tokyo.ac.jp/repo/s/hakubutsunotomo/document/4ad279ad-92c8-8d23-6ce6-0bc4dae27928,https://www.lib.u-tokyo.ac.jp/ja/library/contents/archives-top/reuse,https://iiif.dl.itc.u-tokyo.ac.jp/repo/files/medium/5a3fb60374438a331a076609c1773c9e7b8d4ab9.jpg,https://iiif.dl.itc.u-tokyo.ac.jp/repo/api/items/478184,"東京大学柏図書館 Kashiwa Library, The University of Tokyo, JAPAN",,,博物之友,034,,https://iiif.dl.itc.u-tokyo.ac.jp/repo/iiif/4ad279ad-92c8-8d23-6ce6-0bc4dae27928/manifest,,,,,4
(表紙、目次),,,,,第1巻第3号,明治33年9月25日,http://tify.sub.uni-goettingen.de/demo.html?manifest=https://archdataset.dl.itc.u-tokyo.ac.jp/manifest/7e46107b-a702-4bb3-2d56-8265595391fa.json,7e46107b-a702-4bb3-2d56-8265595391fa,https://iiif.dl.itc.u-tokyo.ac.jp/repo/s/hakubutsunotomo/,https://iiif.dl.itc.u-tokyo.ac.jp/repo/s/hakubutsunotomo/document/7e46107b-a702-4bb3-2d56-8265595391fa,https://www.lib.u-tokyo.ac.jp/ja/library/contents/archives-top/reuse,https://iiif.dl.itc.u-tokyo.ac.jp/repo/files/medium/bf14c36a4d51096a57bb8e855f65cc59a67105ba.jpg,https://iiif.dl.itc.u-tokyo.ac.jp/repo/api/items/478185,"東京大学柏図書館 Kashiwa Library, The University of Tokyo, JAPAN",,,博物之友,035,,https://iiif.dl.itc.u-tokyo.ac.jp/repo/iiif/7e46107b-a702-4bb3-2d56-8265595391fa/manifest,,,,,3
昆蟲の体色(Colors of the Insect bodies)ニ就イテ,昆蟲ノ体色ニ就イテ,論説,市河三喜,,第1巻第3号,明治33年9月25日,http://tify.sub.uni-goettingen.de/demo.html?manifest=https://archdataset.dl.itc.u-tokyo.ac.jp/manifest/b67b5552-7d01-5a99-31e1-300d8c3d8337.json,b67b5552-7d01-5a99-31e1-300d8c3d8337,https://iiif.dl.itc.u-tokyo.ac.jp/repo/s/hakubutsunotomo/,https://iiif.dl.itc.u-tokyo.ac.jp/repo/s/hakubutsunotomo/document/b67b5552-7d01-5a99-31e1-300d8c3d8337,http://creativecommons.org/licenses/by-nd/4.0/,https://iiif.dl.itc.u-tokyo.ac.jp/repo/files/medium/1fa47049f9e880c98e500f44a45b808e7a3918d5.jpg,https://iiif.dl.itc.u-tokyo.ac.jp/repo/api/items/478186,"東京大学柏図書館 Kashiwa Library, The University of Tokyo, JAPAN",,,博物之友,036,,https://iiif.dl.itc.u-tokyo.ac.jp/repo/iiif/b67b5552-7d01-5a99-31e1-300d8c3d8337/manifest,,,,,6
人類ハ穀食動物ナリ,,論説,梅澤親光,,第1巻第3号,明治33年9月25日,http://tify.sub.uni-goettingen.de/demo.html?manifest=https://archdataset.dl.itc.u-tokyo.ac.jp/manifest/95c5b9cd-9e99-3f3d-1ed2-f4f96b2e3b2b.json,95c5b9cd-9e99-3f3d-1ed2-f4f96b2e3b2b,https://iiif.dl.itc.u-tokyo.ac.jp/repo/s/hakubutsunotomo/,https://iiif.dl.itc.u-tokyo.ac.jp/repo/s/hakubutsunotomo/document/95c5b9cd-9e99-3f3d-1ed2-f4f96b2e3b2b,https://www.lib.u-tokyo.ac.jp/ja/library/contents/archives-top/reuse,https://iiif.dl.itc.u-tokyo.ac.jp/repo/files/medium/12cc2337ccd821e1b743d3b4df0e23fb753b70bd.jpg,https://iiif.dl.itc.u-tokyo.ac.jp/repo/api/items/478187,"東京大学柏図書館 Kashiwa Library, The University of Tokyo, JAPAN",,,博物之友,037,,https://iiif.dl.itc.u-tokyo.ac.jp/repo/iiif/95c5b9cd-9e99-3f3d-1ed2-f4f96b2e3b2b/manifest,,,,,5
鉱物分類,,雑録,村松操,,第1巻第3号,明治33年9月25日,http://tify.sub.uni-goettingen.de/demo.html?manifest=https://archdataset.dl.itc.u-tokyo.ac.jp/manifest/4b074bdb-66b6-6e1b-0649-3b22b7559a6f.json,4b074bdb-66b6-6e1b-0649-3b22b7559a6f,https://iiif.dl.itc.u-tokyo.ac.jp/repo/s/hakubutsunotomo/,https://iiif.dl.itc.u-tokyo.ac.jp/repo/s/hakubutsunotomo/document/4b074bdb-66b6-6e1b-0649-3b22b7559a6f,https://www.lib.u-tokyo.ac.jp/ja/library/contents/archives-top/reuse,https://iiif.dl.itc.u-tokyo.ac.jp/repo/files/medium/7866da9235b7e9ea44af00e238a022b278edb08c.jpg,https://iiif.dl.itc.u-tokyo.ac.jp/repo/api/items/478188,"東京大学柏図書館 Kashiwa Library, The University of Tokyo, JAPAN",,,博物之友,040,,https://iiif.dl.itc.u-tokyo.ac.jp/repo/iiif/4b074bdb-66b6-6e1b-0649-3b22b7559a6f/manifest,,,,,3
面白き性質を有せる石=方解石と電気石,面白キ性質ヲ有セル石,雑録,村松操,,第1巻第3号,明治33年9月25日,http://tify.sub.uni-goettingen.de/demo.html?manifest=https://archdataset.dl.itc.u-tokyo.ac.jp/manifest/1ac9f9a7-3a84-9ad7-9d9e-5a4a96ce1c8e.json,1ac9f9a7-3a84-9ad7-9d9e-5a4a96ce1c8e,https://iiif.dl.itc.u-tokyo.ac.jp/repo/s/hakubutsunotomo/,https://iiif.dl.itc.u-tokyo.ac.jp/repo/s/hakubutsunotomo/document/1ac9f9a7-3a84-9ad7-9d9e-5a4a96ce1c8e,https://www.lib.u-tokyo.ac.jp/ja/library/contents/archives-top/reuse,https://iiif.dl.itc.u-tokyo.ac.jp/repo/files/medium/9f6e2c2563e68a1ed1102cc5155c27cd42415b19.jpg,https://iiif.dl.itc.u-tokyo.ac.jp/repo/api/items/478189,"東京大学柏図書館 Kashiwa Library, The University of Tokyo, JAPAN",,,博物之友,041,,https://iiif.dl.itc.u-tokyo.ac.jp/repo/iiif/1ac9f9a7-3a84-9ad7-9d9e-5a4a96ce1c8e/manifest,,,,,2
質問応答,質問、応答 質問四件 応答四件,質問応答,,,第1巻第3号,明治33年9月25日,http://tify.sub.uni-goettingen.de/demo.html?manifest=https://archdataset.dl.itc.u-tokyo.ac.jp/manifest/cfb877fa-a451-97dd-6104-2318f5485a54.json,cfb877fa-a451-97dd-6104-2318f5485a54,https://iiif.dl.itc.u-tokyo.ac.jp/repo/s/hakubutsunotomo/,https://iiif.dl.itc.u-tokyo.ac.jp/repo/s/hakubutsunotomo/document/cfb877fa-a451-97dd-6104-2318f5485a54,https://www.lib.u-tokyo.ac.jp/ja/library/contents/archives-top/reuse,https://iiif.dl.itc.u-tokyo.ac.jp/repo/files/medium/6ea801f2c1324c7248d04cabe38770dcc3f28eb1.jpg,https://iiif.dl.itc.u-tokyo.ac.jp/repo/api/items/478190,"東京大学柏図書館 Kashiwa Library, The University of Tokyo, JAPAN",,,博物之友,046,,https://iiif.dl.itc.u-tokyo.ac.jp/repo/iiif/cfb877fa-a451-97dd-6104-2318f5485a54/manifest,,,,,2
質問者並応答者ニ就イテ注意,質問者並ニ応答者ニ就イテノ注意,質問応答,,,第1巻第3号,明治33年9月25日,http://tify.sub.uni-goettingen.de/demo.html?manifest=https://archdataset.dl.itc.u-tokyo.ac.jp/manifest/dd470135-6e61-5dbd-3edf-fb9720360317.json,dd470135-6e61-5dbd-3edf-fb9720360317,https://iiif.dl.itc.u-tokyo.ac.jp/repo/s/hakubutsunotomo/,https://iiif.dl.itc.u-tokyo.ac.jp/repo/s/hakubutsunotomo/document/dd470135-6e61-5dbd-3edf-fb9720360317,https://www.lib.u-tokyo.ac.jp/ja/library/contents/archives-top/reuse,https://iiif.dl.itc.u-tokyo.ac.jp/repo/files/medium/1a4ef1d913978e82c34ab7c67dbda57b723ee264.jpg,https://iiif.dl.itc.u-tokyo.ac.jp/repo/api/items/478191,"東京大学柏図書館 Kashiwa Library, The University of Tokyo, JAPAN",,,博物之友,047,,https://iiif.dl.itc.u-tokyo.ac.jp/repo/iiif/dd470135-6e61-5dbd-3edf-fb9720360317/manifest,,,,,1
大久保、中野附近採集紀行(昆虫隊記事),大久保、中野附近採集紀行,紀行,市河三喜,,第1巻第3号,明治33年9月25日,http://tify.sub.uni-goettingen.de/demo.html?manifest=https://archdataset.dl.itc.u-tokyo.ac.jp/manifest/959f098a-490d-549b-9641-1f34b8f677a2.json,959f098a-490d-549b-9641-1f34b8f677a2,https://iiif.dl.itc.u-tokyo.ac.jp/repo/s/hakubutsunotomo/,https://iiif.dl.itc.u-tokyo.ac.jp/repo/s/hakubutsunotomo/document/959f098a-490d-549b-9641-1f34b8f677a2,http://creativecommons.org/licenses/by-nd/4.0/,https://iiif.dl.itc.u-tokyo.ac.jp/repo/files/medium/d999f2ba026c52741cd58e8722b42b5528885f21.jpg,https://iiif.dl.itc.u-tokyo.ac.jp/repo/api/items/478192,"東京大学柏図書館 Kashiwa Library, The University of Tokyo, JAPAN",,,博物之友,048,,https://iiif.dl.itc.u-tokyo.ac.jp/repo/iiif/959f098a-490d-549b-9641-1f34b8f677a2/manifest,,,,,3
飛鳥山附近採集紀行,,紀行,市河三喜,,第1巻第3号,明治33年9月25日,http://tify.sub.uni-goettingen.de/demo.html?manifest=https://archdataset.dl.itc.u-tokyo.ac.jp/manifest/7cd98a6e-738e-1093-a4c1-70ded3e64c81.json,7cd98a6e-738e-1093-a4c1-70ded3e64c81,https://iiif.dl.itc.u-tokyo.ac.jp/repo/s/hakubutsunotomo/,https://iiif.dl.itc.u-tokyo.ac.jp/repo/s/hakubutsunotomo/document/7cd98a6e-738e-1093-a4c1-70ded3e64c81,http://creativecommons.org/licenses/by-nd/4.0/,https://iiif.dl.itc.u-tokyo.ac.jp/repo/files/medium/7158f9c5ff0ba3b393c810ad5c8147dc6ed36de9.jpg,https://iiif.dl.itc.u-tokyo.ac.jp/repo/api/items/478193,"東京大学柏図書館 Kashiwa Library, The University of Tokyo, JAPAN",,,博物之友,049,,https://iiif.dl.itc.u-tokyo.ac.jp/repo/iiif/7cd98a6e-738e-1093-a4c1-70ded3e64c81/manifest,,,,,3
博物標本交換会 一行欄,,雑報,,,第1巻第3号,明治33年9月25日,http://tify.sub.uni-goettingen.de/demo.html?manifest=https://archdataset.dl.itc.u-tokyo.ac.jp/manifest/19f03477-503a-4cc3-04a9-eda2f24048d3.json,19f03477-503a-4cc3-04a9-eda2f24048d3,https://iiif.dl.itc.u-tokyo.ac.jp/repo/s/hakubutsunotomo/,https://iiif.dl.itc.u-tokyo.ac.jp/repo/s/hakubutsunotomo/document/19f03477-503a-4cc3-04a9-eda2f24048d3,https://www.lib.u-tokyo.ac.jp/ja/library/contents/archives-top/reuse,https://iiif.dl.itc.u-tokyo.ac.jp/repo/files/medium/cd40ed62b46dcc77a99aa8d94264f09b01b09a9b.jpg,https://iiif.dl.itc.u-tokyo.ac.jp/repo/api/items/478194,"東京大学柏図書館 Kashiwa Library, The University of Tokyo, JAPAN",,,博物之友,050,,https://iiif.dl.itc.u-tokyo.ac.jp/repo/iiif/19f03477-503a-4cc3-04a9-eda2f24048d3/manifest,,,,,2
"「役員ノ異動」「会員ノ異動」「会計報告」「寄附目録」「時報」「部報」「雑誌購求」「投稿規程」「輪見方法」 , 奥付",,會報,,,第1巻第3号,明治33年9月25日,http://tify.sub.uni-goettingen.de/demo.html?manifest=https://archdataset.dl.itc.u-tokyo.ac.jp/manifest/4c73a787-2449-1bd5-6964-f07df3172b2f.json,4c73a787-2449-1bd5-6964-f07df3172b2f,https://iiif.dl.itc.u-tokyo.ac.jp/repo/s/hakubutsunotomo/,https://iiif.dl.itc.u-tokyo.ac.jp/repo/s/hakubutsunotomo/document/4c73a787-2449-1bd5-6964-f07df3172b2f,https://www.lib.u-tokyo.ac.jp/ja/library/contents/archives-top/reuse,https://iiif.dl.itc.u-tokyo.ac.jp/repo/files/medium/07c493aacdd30ee0e18f2a70f16e6ff5fcdef54a.jpg,https://iiif.dl.itc.u-tokyo.ac.jp/repo/api/items/478195,"東京大学柏図書館 Kashiwa Library, The University of Tokyo, JAPAN",,,博物之友,051,,https://iiif.dl.itc.u-tokyo.ac.jp/repo/iiif/4c73a787-2449-1bd5-6964-f07df3172b2f/manifest,,,,,5
(表紙、目次、口絵),,,,口絵 : AREAS LACHINA ♂ AREAS LACHINA ♀ by M. M. 第二版,第1巻第4号,明治33年10月25日,http://tify.sub.uni-goettingen.de/demo.html?manifest=https://archdataset.dl.itc.u-tokyo.ac.jp/manifest/df03d6ed-1e8b-45cc-1583-1ab1503a5e37.json,df03d6ed-1e8b-45cc-1583-1ab1503a5e37,https://iiif.dl.itc.u-tokyo.ac.jp/repo/s/hakubutsunotomo/,https://iiif.dl.itc.u-tokyo.ac.jp/repo/s/hakubutsunotomo/document/df03d6ed-1e8b-45cc-1583-1ab1503a5e37,https://www.lib.u-tokyo.ac.jp/ja/library/contents/archives-top/reuse,https://iiif.dl.itc.u-tokyo.ac.jp/repo/files/medium/bd5cbd2563ed238369939d4f3169766842fdd33e.jpg,https://iiif.dl.itc.u-tokyo.ac.jp/repo/api/items/478196,"東京大学柏図書館 Kashiwa Library, The University of Tokyo, JAPAN",,,博物之友,052,,https://iiif.dl.itc.u-tokyo.ac.jp/repo/iiif/df03d6ed-1e8b-45cc-1583-1ab1503a5e37/manifest,,,,,3
きやうじよろうニ就テ(図参看),きやうじゃうらうニ就イテ,論説,村松操,,第1巻第4号,明治33年10月25日,http://tify.sub.uni-goettingen.de/demo.html?manifest=https://archdataset.dl.itc.u-tokyo.ac.jp/manifest/f7ed3f68-1c05-2337-0e9d-74b66efc917c.json,f7ed3f68-1c05-2337-0e9d-74b66efc917c,https://iiif.dl.itc.u-tokyo.ac.jp/repo/s/hakubutsunotomo/,https://iiif.dl.itc.u-tokyo.ac.jp/repo/s/hakubutsunotomo/document/f7ed3f68-1c05-2337-0e9d-74b66efc917c,https://www.lib.u-tokyo.ac.jp/ja/library/contents/archives-top/reuse,https://iiif.dl.itc.u-tokyo.ac.jp/repo/files/medium/8c440c23a8f2290a743d6df4522fc0530da2bf25.jpg,https://iiif.dl.itc.u-tokyo.ac.jp/repo/api/items/478197,"東京大学柏図書館 Kashiwa Library, The University of Tokyo, JAPAN",,,博物之友,053,,https://iiif.dl.itc.u-tokyo.ac.jp/repo/iiif/f7ed3f68-1c05-2337-0e9d-74b66efc917c/manifest,,,,,3
Dicranuraの幼虫に就いて,Dicranuraノ幼虫ニ就テ,論説,市河三喜,,第1巻第4号,明治33年10月25日,http://tify.sub.uni-goettingen.de/demo.html?manifest=https://archdataset.dl.itc.u-tokyo.ac.jp/manifest/1903448c-a37d-6e55-0741-91ba6a317a77.json,1903448c-a37d-6e55-0741-91ba6a317a77,https://iiif.dl.itc.u-tokyo.ac.jp/repo/s/hakubutsunotomo/,https://iiif.dl.itc.u-tokyo.ac.jp/repo/s/hakubutsunotomo/document/1903448c-a37d-6e55-0741-91ba6a317a77,http://creativecommons.org/licenses/by-nd/4.0/,https://iiif.dl.itc.u-tokyo.ac.jp/repo/files/medium/ef694b730c3e9e01e3f9025416734e131050c719.jpg,https://iiif.dl.itc.u-tokyo.ac.jp/repo/api/items/478198,"東京大学柏図書館 Kashiwa Library, The University of Tokyo, JAPAN",,,博物之友,055,,https://iiif.dl.itc.u-tokyo.ac.jp/repo/iiif/1903448c-a37d-6e55-0741-91ba6a317a77/manifest,,,,,2
鰹節ノ害虫ニ就テ,鰹節ノ害虫ニ就イテ,論説,村松操,,第1巻第4号,明治33年10月25日,http://tify.sub.uni-goettingen.de/demo.html?manifest=https://archdataset.dl.itc.u-tokyo.ac.jp/manifest/4ea5a9d0-34c9-314d-227a-50dc0cf754ea.json,4ea5a9d0-34c9-314d-227a-50dc0cf754ea,https://iiif.dl.itc.u-tokyo.ac.jp/repo/s/hakubutsunotomo/,https://iiif.dl.itc.u-tokyo.ac.jp/repo/s/hakubutsunotomo/document/4ea5a9d0-34c9-314d-227a-50dc0cf754ea,https://www.lib.u-tokyo.ac.jp/ja/library/contents/archives-top/reuse,https://iiif.dl.itc.u-tokyo.ac.jp/repo/files/medium/17451ff8cedf92bb21de6e356ac1a3df1ec736ff.jpg,https://iiif.dl.itc.u-tokyo.ac.jp/repo/api/items/478199,"東京大学柏図書館 Kashiwa Library, The University of Tokyo, JAPAN",,,博物之友,057,,https://iiif.dl.itc.u-tokyo.ac.jp/repo/iiif/4ea5a9d0-34c9-314d-227a-50dc0cf754ea/manifest,,,,,2
昆虫の体色(Colors of Insect Bodies)ニ就イテ,昆虫ノ体色ニ就イテ(続キ),論説,市河三喜,,第1巻第4号,明治33年10月25日,http://tify.sub.uni-goettingen.de/demo.html?manifest=https://archdataset.dl.itc.u-tokyo.ac.jp/manifest/6f08488e-6cc9-6d07-03f4-5d5172805ca8.json,6f08488e-6cc9-6d07-03f4-5d5172805ca8,https://iiif.dl.itc.u-tokyo.ac.jp/repo/s/hakubutsunotomo/,https://iiif.dl.itc.u-tokyo.ac.jp/repo/s/hakubutsunotomo/document/6f08488e-6cc9-6d07-03f4-5d5172805ca8,http://creativecommons.org/licenses/by-nd/4.0/,https://iiif.dl.itc.u-tokyo.ac.jp/repo/files/medium/9585b7659852ed9af9db27b61affa84921dc1477.jpg,https://iiif.dl.itc.u-tokyo.ac.jp/repo/api/items/478200,"東京大学柏図書館 Kashiwa Library, The University of Tokyo, JAPAN",,,博物之友,058,,https://iiif.dl.itc.u-tokyo.ac.jp/repo/iiif/6f08488e-6cc9-6d07-03f4-5d5172805ca8/manifest,,,,,3
博物笑説 胡蝶國 Rhopalocera Kingdom,博物笑説,雑録,青々園,目次では執筆者として「邨松操」と記載あり,第1巻第4号,明治33年10月25日,http://tify.sub.uni-goettingen.de/demo.html?manifest=https://archdataset.dl.itc.u-tokyo.ac.jp/manifest/d6d26664-4673-237d-62de-01444c825489.json,d6d26664-4673-237d-62de-01444c825489,https://iiif.dl.itc.u-tokyo.ac.jp/repo/s/hakubutsunotomo/,https://iiif.dl.itc.u-tokyo.ac.jp/repo/s/hakubutsunotomo/document/d6d26664-4673-237d-62de-01444c825489,https://www.lib.u-tokyo.ac.jp/ja/library/contents/archives-top/reuse,https://iiif.dl.itc.u-tokyo.ac.jp/repo/files/medium/966418ee14acdf914490ffa1495fb46d06ffd88d.jpg,https://iiif.dl.itc.u-tokyo.ac.jp/repo/api/items/478201,"東京大学柏図書館 Kashiwa Library, The University of Tokyo, JAPAN",,,博物之友,062,,https://iiif.dl.itc.u-tokyo.ac.jp/repo/iiif/d6d26664-4673-237d-62de-01444c825489/manifest,,,,,5
質問応答,質問三件 応答二件,質問応答,,,第1巻第4号,明治33年10月25日,http://tify.sub.uni-goettingen.de/demo.html?manifest=https://archdataset.dl.itc.u-tokyo.ac.jp/manifest/22ab3650-26c3-90c0-0e4e-a580123a93ed.json,22ab3650-26c3-90c0-0e4e-a580123a93ed,https://iiif.dl.itc.u-tokyo.ac.jp/repo/s/hakubutsunotomo/,https://iiif.dl.itc.u-tokyo.ac.jp/repo/s/hakubutsunotomo/document/22ab3650-26c3-90c0-0e4e-a580123a93ed,https://www.lib.u-tokyo.ac.jp/ja/library/contents/archives-top/reuse,https://iiif.dl.itc.u-tokyo.ac.jp/repo/files/medium/5bf42c6d58a0d78c9ae99e61316401ef0d2f754e.jpg,https://iiif.dl.itc.u-tokyo.ac.jp/repo/api/items/478202,"東京大学柏図書館 Kashiwa Library, The University of Tokyo, JAPAN",,,博物之友,064,,https://iiif.dl.itc.u-tokyo.ac.jp/repo/iiif/22ab3650-26c3-90c0-0e4e-a580123a93ed/manifest,,,,,2
日本昆虫学第三版出来,日本昆虫学第三版出来,雑報,市河三喜,,第1巻第4号,明治33年10月25日,http://tify.sub.uni-goettingen.de/demo.html?manifest=https://archdataset.dl.itc.u-tokyo.ac.jp/manifest/e0a14794-38a5-0388-6793-624951017b37.json,e0a14794-38a5-0388-6793-624951017b37,https://iiif.dl.itc.u-tokyo.ac.jp/repo/s/hakubutsunotomo/,https://iiif.dl.itc.u-tokyo.ac.jp/repo/s/hakubutsunotomo/document/e0a14794-38a5-0388-6793-624951017b37,http://creativecommons.org/licenses/by-nd/4.0/,https://iiif.dl.itc.u-tokyo.ac.jp/repo/files/medium/3888cad543b6e988cbb5e20964d0f67e64a235b3.jpg,https://iiif.dl.itc.u-tokyo.ac.jp/repo/api/items/478203,"東京大学柏図書館 Kashiwa Library, The University of Tokyo, JAPAN",,,博物之友,067,,https://iiif.dl.itc.u-tokyo.ac.jp/repo/iiif/e0a14794-38a5-0388-6793-624951017b37/manifest,,,,,2
投書欄,,雑報,,,第1巻第4号,明治33年10月25日,http://tify.sub.uni-goettingen.de/demo.html?manifest=https://archdataset.dl.itc.u-tokyo.ac.jp/manifest/ba5ae31f-4f1c-92a8-4989-d5343bca1a79.json,ba5ae31f-4f1c-92a8-4989-d5343bca1a79,https://iiif.dl.itc.u-tokyo.ac.jp/repo/s/hakubutsunotomo/,https://iiif.dl.itc.u-tokyo.ac.jp/repo/s/hakubutsunotomo/document/ba5ae31f-4f1c-92a8-4989-d5343bca1a79,https://www.lib.u-tokyo.ac.jp/ja/library/contents/archives-top/reuse,https://iiif.dl.itc.u-tokyo.ac.jp/repo/files/medium/f5dcb5c2e90df438582b1b336e28a05d327e1722.jpg,https://iiif.dl.itc.u-tokyo.ac.jp/repo/api/items/478204,"東京大学柏図書館 Kashiwa Library, The University of Tokyo, JAPAN",,,博物之友,068,,https://iiif.dl.itc.u-tokyo.ac.jp/repo/iiif/ba5ae31f-4f1c-92a8-4989-d5343bca1a79/manifest,,,,,2
"「役員ノ異動」「会員ノ異動」「会計報告」「寄附目録」「購求書目」「投稿規程」 , 奥付",,會報,,,第1巻第4号,明治33年10月25日,http://tify.sub.uni-goettingen.de/demo.html?manifest=https://archdataset.dl.itc.u-tokyo.ac.jp/manifest/251c1936-7970-9c9f-10dd-b821e08d9002.json,251c1936-7970-9c9f-10dd-b821e08d9002,https://iiif.dl.itc.u-tokyo.ac.jp/repo/s/hakubutsunotomo/,https://iiif.dl.itc.u-tokyo.ac.jp/repo/s/hakubutsunotomo/document/251c1936-7970-9c9f-10dd-b821e08d9002,https://www.lib.u-tokyo.ac.jp/ja/library/contents/archives-top/reuse,https://iiif.dl.itc.u-tokyo.ac.jp/repo/files/medium/4eacf8b046624accdef8cfd0328ea7f87387208a.jpg,https://iiif.dl.itc.u-tokyo.ac.jp/repo/api/items/478205,"東京大学柏図書館 Kashiwa Library, The University of Tokyo, JAPAN",,,博物之友,069,,https://iiif.dl.itc.u-tokyo.ac.jp/repo/iiif/251c1936-7970-9c9f-10dd-b821e08d9002/manifest,,,,,4
(表紙、目次、口絵),,,,"口絵 : 第三版 風蝶科 みかどたいまい Papilio mikado, Leech. 風蝶科 あげは Papilio xuthus, L. by M. M.",第1巻第5号,明治33年11月25日,http://tify.sub.uni-goettingen.de/demo.html?manifest=https://archdataset.dl.itc.u-tokyo.ac.jp/manifest/f8f565b6-71dc-91c6-2640-033b2ece7d02.json,f8f565b6-71dc-91c6-2640-033b2ece7d02,https://iiif.dl.itc.u-tokyo.ac.jp/repo/s/hakubutsunotomo/,https://iiif.dl.itc.u-tokyo.ac.jp/repo/s/hakubutsunotomo/document/f8f565b6-71dc-91c6-2640-033b2ece7d02,https://www.lib.u-tokyo.ac.jp/ja/library/contents/archives-top/reuse,https://iiif.dl.itc.u-tokyo.ac.jp/repo/files/medium/5e86639f6d77dfc530b727aae19cfbbc61bf2c4c.jpg,https://iiif.dl.itc.u-tokyo.ac.jp/repo/api/items/478206,"東京大学柏図書館 Kashiwa Library, The University of Tokyo, JAPAN",,,博物之友,070,,https://iiif.dl.itc.u-tokyo.ac.jp/repo/iiif/f8f565b6-71dc-91c6-2640-033b2ece7d02/manifest,,,,,3
種子の話,種子ノ話,論説,市河三喜,,第1巻第5号,明治33年11月25日,http://tify.sub.uni-goettingen.de/demo.html?manifest=https://archdataset.dl.itc.u-tokyo.ac.jp/manifest/04e3f1c3-6c48-2694-540c-5fd81ab791f6.json,04e3f1c3-6c48-2694-540c-5fd81ab791f6,https://iiif.dl.itc.u-tokyo.ac.jp/repo/s/hakubutsunotomo/,https://iiif.dl.itc.u-tokyo.ac.jp/repo/s/hakubutsunotomo/document/04e3f1c3-6c48-2694-540c-5fd81ab791f6,http://creativecommons.org/licenses/by-nd/4.0/,https://iiif.dl.itc.u-tokyo.ac.jp/repo/files/medium/90080cf78e7406e8c69aefe01067c5f699017458.jpg,https://iiif.dl.itc.u-tokyo.ac.jp/repo/api/items/478207,"東京大学柏図書館 Kashiwa Library, The University of Tokyo, JAPAN",,,博物之友,072,,https://iiif.dl.itc.u-tokyo.ac.jp/repo/iiif/04e3f1c3-6c48-2694-540c-5fd81ab791f6/manifest,,,,,6
博物笑説 胡蝶國 The Rhopalocera Kingdom,博物笑説(続キ),雑録,青々園,,第1巻第5号,明治33年11月25日,http://tify.sub.uni-goettingen.de/demo.html?manifest=https://archdataset.dl.itc.u-tokyo.ac.jp/manifest/e6ca27a7-13d6-1fe4-0c7f-ea499e1a36a0.json,e6ca27a7-13d6-1fe4-0c7f-ea499e1a36a0,https://iiif.dl.itc.u-tokyo.ac.jp/repo/s/hakubutsunotomo/,https://iiif.dl.itc.u-tokyo.ac.jp/repo/s/hakubutsunotomo/document/e6ca27a7-13d6-1fe4-0c7f-ea499e1a36a0,https://www.lib.u-tokyo.ac.jp/ja/library/contents/archives-top/reuse,https://iiif.dl.itc.u-tokyo.ac.jp/repo/files/medium/56d1dd7bc3e950277cf6926b32e6384d12026dd8.jpg,https://iiif.dl.itc.u-tokyo.ac.jp/repo/api/items/478208,"東京大学柏図書館 Kashiwa Library, The University of Tokyo, JAPAN",,,博物之友,076,,https://iiif.dl.itc.u-tokyo.ac.jp/repo/iiif/e6ca27a7-13d6-1fe4-0c7f-ea499e1a36a0/manifest,,,,,8
伊香保蝶報,,雑報,村松操,,第1巻第5号,明治33年11月25日,http://tify.sub.uni-goettingen.de/demo.html?manifest=https://archdataset.dl.itc.u-tokyo.ac.jp/manifest/3ce5bae8-6321-56e7-9514-73fef94f61ae.json,3ce5bae8-6321-56e7-9514-73fef94f61ae,https://iiif.dl.itc.u-tokyo.ac.jp/repo/s/hakubutsunotomo/,https://iiif.dl.itc.u-tokyo.ac.jp/repo/s/hakubutsunotomo/document/3ce5bae8-6321-56e7-9514-73fef94f61ae,https://www.lib.u-tokyo.ac.jp/ja/library/contents/archives-top/reuse,https://iiif.dl.itc.u-tokyo.ac.jp/repo/files/medium/805cf9d17786eaef696491716ed08629594bb116.jpg,https://iiif.dl.itc.u-tokyo.ac.jp/repo/api/items/478209,"東京大学柏図書館 Kashiwa Library, The University of Tokyo, JAPAN",,,博物之友,078,,https://iiif.dl.itc.u-tokyo.ac.jp/repo/iiif/3ce5bae8-6321-56e7-9514-73fef94f61ae/manifest,,,,,3
"「会員ノ異動」「会計報告」「寄附目録」「投稿規程」 , 奥付",,會報,,,第1巻第5号,明治33年11月25日,http://tify.sub.uni-goettingen.de/demo.html?manifest=https://archdataset.dl.itc.u-tokyo.ac.jp/manifest/29afb22b-6112-2633-5b1c-3595cd58735c.json,29afb22b-6112-2633-5b1c-3595cd58735c,https://iiif.dl.itc.u-tokyo.ac.jp/repo/s/hakubutsunotomo/,https://iiif.dl.itc.u-tokyo.ac.jp/repo/s/hakubutsunotomo/document/29afb22b-6112-2633-5b1c-3595cd58735c,https://www.lib.u-tokyo.ac.jp/ja/library/contents/archives-top/reuse,https://iiif.dl.itc.u-tokyo.ac.jp/repo/files/medium/6d9e42e0fcfa068851ac14827467650281494682.jpg,https://iiif.dl.itc.u-tokyo.ac.jp/repo/api/items/478210,"東京大学柏図書館 Kashiwa Library, The University of Tokyo, JAPAN",,,博物之友,079,,https://iiif.dl.itc.u-tokyo.ac.jp/repo/iiif/29afb22b-6112-2633-5b1c-3595cd58735c/manifest,,,,,4
(表紙、目次、大日本博物学会執事による会員募集、口絵),,,,口絵 : 蝶類十三種(解説本誌ニアリ),第2巻第6号(博物の友臨時増刊第2巻第6号 韶光),明治34年1月1日,http://tify.sub.uni-goettingen.de/demo.html?manifest=https://archdataset.dl.itc.u-tokyo.ac.jp/manifest/c6613100-99fd-9157-90c9-0d38e6b11f39.json,c6613100-99fd-9157-90c9-0d38e6b11f39,https://iiif.dl.itc.u-tokyo.ac.jp/repo/s/hakubutsunotomo/,https://iiif.dl.itc.u-tokyo.ac.jp/repo/s/hakubutsunotomo/document/c6613100-99fd-9157-90c9-0d38e6b11f39,https://www.lib.u-tokyo.ac.jp/ja/library/contents/archives-top/reuse,https://iiif.dl.itc.u-tokyo.ac.jp/repo/files/medium/3f6cf4772d99b308fee77f3a5ec68a00fe8aad1b.jpg,https://iiif.dl.itc.u-tokyo.ac.jp/repo/api/items/478211,"東京大学柏図書館 Kashiwa Library, The University of Tokyo, JAPAN",,,博物之友,080,,https://iiif.dl.itc.u-tokyo.ac.jp/repo/iiif/c6613100-99fd-9157-90c9-0d38e6b11f39/manifest,,,,,4
貳拾世紀ヲ迎フ,二十世紀ヲ迎フ,寄書,村松操,,第2巻第6号(博物の友臨時増刊第2巻第6号 韶光),明治34年1月1日,http://tify.sub.uni-goettingen.de/demo.html?manifest=https://archdataset.dl.itc.u-tokyo.ac.jp/manifest/ca7c72bc-97e9-7287-77d2-c441c3928904.json,ca7c72bc-97e9-7287-77d2-c441c3928904,https://iiif.dl.itc.u-tokyo.ac.jp/repo/s/hakubutsunotomo/,https://iiif.dl.itc.u-tokyo.ac.jp/repo/s/hakubutsunotomo/document/ca7c72bc-97e9-7287-77d2-c441c3928904,https://www.lib.u-tokyo.ac.jp/ja/library/contents/archives-top/reuse,https://iiif.dl.itc.u-tokyo.ac.jp/repo/files/medium/58cd7449e450b21420da7f3ad3704f0f4042e47a.jpg,https://iiif.dl.itc.u-tokyo.ac.jp/repo/api/items/478212,"東京大学柏図書館 Kashiwa Library, The University of Tokyo, JAPAN",,,博物之友,081,,https://iiif.dl.itc.u-tokyo.ac.jp/repo/iiif/ca7c72bc-97e9-7287-77d2-c441c3928904/manifest,,,,,2
食虫植物譜,,論説,村松操,,第2巻第6号(博物の友臨時増刊第2巻第6号 韶光),明治34年1月1日,http://tify.sub.uni-goettingen.de/demo.html?manifest=https://archdataset.dl.itc.u-tokyo.ac.jp/manifest/f43ccb0b-83f6-8087-6cfa-a2d2b2d14d9f.json,f43ccb0b-83f6-8087-6cfa-a2d2b2d14d9f,https://iiif.dl.itc.u-tokyo.ac.jp/repo/s/hakubutsunotomo/,https://iiif.dl.itc.u-tokyo.ac.jp/repo/s/hakubutsunotomo/document/f43ccb0b-83f6-8087-6cfa-a2d2b2d14d9f,https://www.lib.u-tokyo.ac.jp/ja/library/contents/archives-top/reuse,https://iiif.dl.itc.u-tokyo.ac.jp/repo/files/medium/a392180bd0b096f3bd1bf6bd2b8810d916042b3c.jpg,https://iiif.dl.itc.u-tokyo.ac.jp/repo/api/items/478213,"東京大学柏図書館 Kashiwa Library, The University of Tokyo, JAPAN",,,博物之友,083,,https://iiif.dl.itc.u-tokyo.ac.jp/repo/iiif/f43ccb0b-83f6-8087-6cfa-a2d2b2d14d9f/manifest,,,,,9
弾力護謨ヲ生ズル植物,,論説,梅澤親光,,第2巻第6号(博物の友臨時増刊第2巻第6号 韶光),明治34年1月1日,http://tify.sub.uni-goettingen.de/demo.html?manifest=https://archdataset.dl.itc.u-tokyo.ac.jp/manifest/509754a4-131f-8808-5a00-ef1e562e6f92.json,509754a4-131f-8808-5a00-ef1e562e6f92,https://iiif.dl.itc.u-tokyo.ac.jp/repo/s/hakubutsunotomo/,https://iiif.dl.itc.u-tokyo.ac.jp/repo/s/hakubutsunotomo/document/509754a4-131f-8808-5a00-ef1e562e6f92,https://www.lib.u-tokyo.ac.jp/ja/library/contents/archives-top/reuse,https://iiif.dl.itc.u-tokyo.ac.jp/repo/files/medium/e7b0381b53a573ece97bf1a6ef58a890d7892d83.jpg,https://iiif.dl.itc.u-tokyo.ac.jp/repo/api/items/478214,"東京大学柏図書館 Kashiwa Library, The University of Tokyo, JAPAN",,,博物之友,084,,https://iiif.dl.itc.u-tokyo.ac.jp/repo/iiif/509754a4-131f-8808-5a00-ef1e562e6f92/manifest,,,,,4
動物分類,,雑録,村松操,,第2巻第6号(博物の友臨時増刊第2巻第6号 韶光),明治34年1月1日,http://tify.sub.uni-goettingen.de/demo.html?manifest=https://archdataset.dl.itc.u-tokyo.ac.jp/manifest/4f6873cd-5de5-672f-1af4-2e5b66866f2d.json,4f6873cd-5de5-672f-1af4-2e5b66866f2d,https://iiif.dl.itc.u-tokyo.ac.jp/repo/s/hakubutsunotomo/,https://iiif.dl.itc.u-tokyo.ac.jp/repo/s/hakubutsunotomo/document/4f6873cd-5de5-672f-1af4-2e5b66866f2d,https://www.lib.u-tokyo.ac.jp/ja/library/contents/archives-top/reuse,https://iiif.dl.itc.u-tokyo.ac.jp/repo/files/medium/0ff04fe39a29d1a13035031db305fa5b48a9c545.jpg,https://iiif.dl.itc.u-tokyo.ac.jp/repo/api/items/478215,"東京大学柏図書館 Kashiwa Library, The University of Tokyo, JAPAN",,,博物之友,088,,https://iiif.dl.itc.u-tokyo.ac.jp/repo/iiif/4f6873cd-5de5-672f-1af4-2e5b66866f2d/manifest,,,,,3
湯けぶりノ一節 あづさゆみ,あづさゆみ,紀行,村松操,,第2巻第6号(博物の友臨時増刊第2巻第6号 韶光),明治34年1月1日,http://tify.sub.uni-goettingen.de/demo.html?manifest=https://archdataset.dl.itc.u-tokyo.ac.jp/manifest/4f535b19-9822-2ce8-3f3a-db0154f390c7.json,4f535b19-9822-2ce8-3f3a-db0154f390c7,https://iiif.dl.itc.u-tokyo.ac.jp/repo/s/hakubutsunotomo/,https://iiif.dl.itc.u-tokyo.ac.jp/repo/s/hakubutsunotomo/document/4f535b19-9822-2ce8-3f3a-db0154f390c7,https://www.lib.u-tokyo.ac.jp/ja/library/contents/archives-top/reuse,https://iiif.dl.itc.u-tokyo.ac.jp/repo/files/medium/df83e098ad61282a527b9482fc2badc9298dc032.jpg,https://iiif.dl.itc.u-tokyo.ac.jp/repo/api/items/478216,"東京大学柏図書館 Kashiwa Library, The University of Tokyo, JAPAN",,,博物之友,090,,https://iiif.dl.itc.u-tokyo.ac.jp/repo/iiif/4f535b19-9822-2ce8-3f3a-db0154f390c7/manifest,,,,,4
質問応答,質問三件 応答二件,質問応答,,,第2巻第6号(博物の友臨時増刊第2巻第6号 韶光),明治34年1月1日,http://tify.sub.uni-goettingen.de/demo.html?manifest=https://archdataset.dl.itc.u-tokyo.ac.jp/manifest/cb7b5fd0-76fa-247c-7630-0984de9d1a0d.json,cb7b5fd0-76fa-247c-7630-0984de9d1a0d,https://iiif.dl.itc.u-tokyo.ac.jp/repo/s/hakubutsunotomo/,https://iiif.dl.itc.u-tokyo.ac.jp/repo/s/hakubutsunotomo/document/cb7b5fd0-76fa-247c-7630-0984de9d1a0d,https://www.lib.u-tokyo.ac.jp/ja/library/contents/archives-top/reuse,https://iiif.dl.itc.u-tokyo.ac.jp/repo/files/medium/03c70d813d6f5b18a640ecd36a06886be898f06d.jpg,https://iiif.dl.itc.u-tokyo.ac.jp/repo/api/items/478217,"東京大学柏図書館 Kashiwa Library, The University of Tokyo, JAPAN",,,博物之友,091,,https://iiif.dl.itc.u-tokyo.ac.jp/repo/iiif/cb7b5fd0-76fa-247c-7630-0984de9d1a0d/manifest,,,,,2
東京産蝶報,,雑報,市河三喜,,第2巻第6号(博物の友臨時増刊第2巻第6号 韶光),明治34年1月1日,http://tify.sub.uni-goettingen.de/demo.html?manifest=https://archdataset.dl.itc.u-tokyo.ac.jp/manifest/97249caf-29bc-4dfa-4393-452d69102be0.json,97249caf-29bc-4dfa-4393-452d69102be0,https://iiif.dl.itc.u-tokyo.ac.jp/repo/s/hakubutsunotomo/,https://iiif.dl.itc.u-tokyo.ac.jp/repo/s/hakubutsunotomo/document/97249caf-29bc-4dfa-4393-452d69102be0,http://creativecommons.org/licenses/by-nd/4.0/,https://iiif.dl.itc.u-tokyo.ac.jp/repo/files/medium/7aa11e3299d2a4d420f952a169bc2fd85465c28a.jpg,https://iiif.dl.itc.u-tokyo.ac.jp/repo/api/items/478218,"東京大学柏図書館 Kashiwa Library, The University of Tokyo, JAPAN",,,博物之友,092,,https://iiif.dl.itc.u-tokyo.ac.jp/repo/iiif/97249caf-29bc-4dfa-4393-452d69102be0/manifest,,,,,2
本号写真説明,,雑報,村松操,,第2巻第6号(博物の友臨時増刊第2巻第6号 韶光),明治34年1月1日,http://tify.sub.uni-goettingen.de/demo.html?manifest=https://archdataset.dl.itc.u-tokyo.ac.jp/manifest/0e284aed-8a33-6849-9507-4e2f390a2e4a.json,0e284aed-8a33-6849-9507-4e2f390a2e4a,https://iiif.dl.itc.u-tokyo.ac.jp/repo/s/hakubutsunotomo/,https://iiif.dl.itc.u-tokyo.ac.jp/repo/s/hakubutsunotomo/document/0e284aed-8a33-6849-9507-4e2f390a2e4a,https://www.lib.u-tokyo.ac.jp/ja/library/contents/archives-top/reuse,https://iiif.dl.itc.u-tokyo.ac.jp/repo/files/medium/fc2b883749afd82dcd92a06919f41a07aebc8984.jpg,https://iiif.dl.itc.u-tokyo.ac.jp/repo/api/items/478219,"東京大学柏図書館 Kashiwa Library, The University of Tokyo, JAPAN",,,博物之友,093,,https://iiif.dl.itc.u-tokyo.ac.jp/repo/iiif/0e284aed-8a33-6849-9507-4e2f390a2e4a/manifest,,,,,2
本誌第五号盲評,,雑報,村松操,,第2巻第6号(博物の友臨時増刊第2巻第6号 韶光),明治34年1月1日,http://tify.sub.uni-goettingen.de/demo.html?manifest=https://archdataset.dl.itc.u-tokyo.ac.jp/manifest/208f86d5-2dc5-11c2-97ce-201d51bc28f9.json,208f86d5-2dc5-11c2-97ce-201d51bc28f9,https://iiif.dl.itc.u-tokyo.ac.jp/repo/s/hakubutsunotomo/,https://iiif.dl.itc.u-tokyo.ac.jp/repo/s/hakubutsunotomo/document/208f86d5-2dc5-11c2-97ce-201d51bc28f9,https://www.lib.u-tokyo.ac.jp/ja/library/contents/archives-top/reuse,https://iiif.dl.itc.u-tokyo.ac.jp/repo/files/medium/70881ea4ac7bfb5fe5970bea004d678efc5f2668.jpg,https://iiif.dl.itc.u-tokyo.ac.jp/repo/api/items/478220,"東京大学柏図書館 Kashiwa Library, The University of Tokyo, JAPAN",,,博物之友,094,,https://iiif.dl.itc.u-tokyo.ac.jp/repo/iiif/208f86d5-2dc5-11c2-97ce-201d51bc28f9/manifest,,,,,2
投書欄,,雑報,,,第2巻第6号(博物の友臨時増刊第2巻第6号 韶光),明治34年1月1日,http://tify.sub.uni-goettingen.de/demo.html?manifest=https://archdataset.dl.itc.u-tokyo.ac.jp/manifest/477e967b-6300-8abb-8a8c-9e47f7d98523.json,477e967b-6300-8abb-8a8c-9e47f7d98523,https://iiif.dl.itc.u-tokyo.ac.jp/repo/s/hakubutsunotomo/,https://iiif.dl.itc.u-tokyo.ac.jp/repo/s/hakubutsunotomo/document/477e967b-6300-8abb-8a8c-9e47f7d98523,https://www.lib.u-tokyo.ac.jp/ja/library/contents/archives-top/reuse,https://iiif.dl.itc.u-tokyo.ac.jp/repo/files/medium/9a3ef5fb17b35e1cd674f5cdadd953394f1adcb2.jpg,https://iiif.dl.itc.u-tokyo.ac.jp/repo/api/items/478221,"東京大学柏図書館 Kashiwa Library, The University of Tokyo, JAPAN",,,博物之友,095,,https://iiif.dl.itc.u-tokyo.ac.jp/repo/iiif/477e967b-6300-8abb-8a8c-9e47f7d98523/manifest,,,,,3
「会員ノ異動」「会員住所」「会計報告」,数件(会員ノ異動及会員住所及会計報告),會報,,,第2巻第6号(博物の友臨時増刊第2巻第6号 韶光),明治34年1月1日,http://tify.sub.uni-goettingen.de/demo.html?manifest=https://archdataset.dl.itc.u-tokyo.ac.jp/manifest/276e8815-9199-20af-58ce-5084f4b44444.json,276e8815-9199-20af-58ce-5084f4b44444,https://iiif.dl.itc.u-tokyo.ac.jp/repo/s/hakubutsunotomo/,https://iiif.dl.itc.u-tokyo.ac.jp/repo/s/hakubutsunotomo/document/276e8815-9199-20af-58ce-5084f4b44444,https://www.lib.u-tokyo.ac.jp/ja/library/contents/archives-top/reuse,https://iiif.dl.itc.u-tokyo.ac.jp/repo/files/medium/a984d31173bdbf813f4845d140c4391fb3c893fb.jpg,https://iiif.dl.itc.u-tokyo.ac.jp/repo/api/items/478222,"東京大学柏図書館 Kashiwa Library, The University of Tokyo, JAPAN",,,博物之友,096,,https://iiif.dl.itc.u-tokyo.ac.jp/repo/iiif/276e8815-9199-20af-58ce-5084f4b44444/manifest,,,,,2
所蔵昆虫目録,附録,附録,"市河三喜, 小熊捍, 村松, 橋本慎一, 大澤正五郎",第1号から第5号までの総目次及び奥付を含む,第2巻第6号(博物の友臨時増刊第2巻第6号 韶光),明治34年1月1日,http://tify.sub.uni-goettingen.de/demo.html?manifest=https://archdataset.dl.itc.u-tokyo.ac.jp/manifest/539f185b-46ec-7418-7213-ed561d7ca49c.json,539f185b-46ec-7418-7213-ed561d7ca49c,https://iiif.dl.itc.u-tokyo.ac.jp/repo/s/hakubutsunotomo/,https://iiif.dl.itc.u-tokyo.ac.jp/repo/s/hakubutsunotomo/document/539f185b-46ec-7418-7213-ed561d7ca49c,https://www.lib.u-tokyo.ac.jp/ja/library/contents/archives-top/reuse,https://iiif.dl.itc.u-tokyo.ac.jp/repo/files/medium/08e4250e33dac0c983d3bf0049310a75aea85d32.jpg,https://iiif.dl.itc.u-tokyo.ac.jp/repo/api/items/478223,"東京大学柏図書館 Kashiwa Library, The University of Tokyo, JAPAN",,,博物之友,097,,https://iiif.dl.itc.u-tokyo.ac.jp/repo/iiif/539f185b-46ec-7418-7213-ed561d7ca49c/manifest,,,,,61
(表紙、目次、口絵),,,,"口絵 : 冬季之採集物 by Oguma , 口絵 : 岐阜蝶 虫譜図説所蔵大風子蝶 某外国雑誌所蔵 日光白蝶 by M. M.",第2巻第7号,明治34年1月25日,http://tify.sub.uni-goettingen.de/demo.html?manifest=https://archdataset.dl.itc.u-tokyo.ac.jp/manifest/23027000-7dad-5bff-1c3b-e6dad09739e1.json,23027000-7dad-5bff-1c3b-e6dad09739e1,https://iiif.dl.itc.u-tokyo.ac.jp/repo/s/hakubutsunotomo/,https://iiif.dl.itc.u-tokyo.ac.jp/repo/s/hakubutsunotomo/document/23027000-7dad-5bff-1c3b-e6dad09739e1,https://www.lib.u-tokyo.ac.jp/ja/library/contents/archives-top/reuse,https://iiif.dl.itc.u-tokyo.ac.jp/repo/files/medium/2bc40d3008d20f3f0d59ae25e3d7901fce55b027.jpg,https://iiif.dl.itc.u-tokyo.ac.jp/repo/api/items/478224,"東京大学柏図書館 Kashiwa Library, The University of Tokyo, JAPAN",,,博物之友,098,,https://iiif.dl.itc.u-tokyo.ac.jp/repo/iiif/23027000-7dad-5bff-1c3b-e6dad09739e1/manifest,,,,,4
嗚呼伊藤圭介翁,,寄書,市河三喜,,第2巻第7号,明治34年1月25日,http://tify.sub.uni-goettingen.de/demo.html?manifest=https://archdataset.dl.itc.u-tokyo.ac.jp/manifest/648839af-938f-5a95-800d-700c43c41a92.json,648839af-938f-5a95-800d-700c43c41a92,https://iiif.dl.itc.u-tokyo.ac.jp/repo/s/hakubutsunotomo/,https://iiif.dl.itc.u-tokyo.ac.jp/repo/s/hakubutsunotomo/document/648839af-938f-5a95-800d-700c43c41a92,http://creativecommons.org/licenses/by-nd/4.0/,https://iiif.dl.itc.u-tokyo.ac.jp/repo/files/medium/3a4b87353f9b17349ee00d027564ee5a6217c530.jpg,https://iiif.dl.itc.u-tokyo.ac.jp/repo/api/items/478225,"東京大学柏図書館 Kashiwa Library, The University of Tokyo, JAPAN",,,博物之友,099,,https://iiif.dl.itc.u-tokyo.ac.jp/repo/iiif/648839af-938f-5a95-800d-700c43c41a92/manifest,,,,,2
故伊藤圭介翁の伝,,寄書,市河三喜,,第2巻第7号,明治34年1月25日,http://tify.sub.uni-goettingen.de/demo.html?manifest=https://archdataset.dl.itc.u-tokyo.ac.jp/manifest/b41f2ae8-3d57-6bab-3725-67523a0da4bd.json,b41f2ae8-3d57-6bab-3725-67523a0da4bd,https://iiif.dl.itc.u-tokyo.ac.jp/repo/s/hakubutsunotomo/,https://iiif.dl.itc.u-tokyo.ac.jp/repo/s/hakubutsunotomo/document/b41f2ae8-3d57-6bab-3725-67523a0da4bd,http://creativecommons.org/licenses/by-nd/4.0/,https://iiif.dl.itc.u-tokyo.ac.jp/repo/files/medium/538cbd8f758679769a7a46631518d05dd79efa45.jpg,https://iiif.dl.itc.u-tokyo.ac.jp/repo/api/items/478226,"東京大学柏図書館 Kashiwa Library, The University of Tokyo, JAPAN",,,博物之友,100,,https://iiif.dl.itc.u-tokyo.ac.jp/repo/iiif/b41f2ae8-3d57-6bab-3725-67523a0da4bd/manifest,,,,,3
岩石採集,,雑録,村松操,,第2巻第7号,明治34年1月25日,http://tify.sub.uni-goettingen.de/demo.html?manifest=https://archdataset.dl.itc.u-tokyo.ac.jp/manifest/8b4e5a44-a384-9636-3eee-8ef398e388d5.json,8b4e5a44-a384-9636-3eee-8ef398e388d5,https://iiif.dl.itc.u-tokyo.ac.jp/repo/s/hakubutsunotomo/,https://iiif.dl.itc.u-tokyo.ac.jp/repo/s/hakubutsunotomo/document/8b4e5a44-a384-9636-3eee-8ef398e388d5,https://www.lib.u-tokyo.ac.jp/ja/library/contents/archives-top/reuse,https://iiif.dl.itc.u-tokyo.ac.jp/repo/files/medium/9ca3b17daeb00ac679b314984d0cf83c51df1487.jpg,https://iiif.dl.itc.u-tokyo.ac.jp/repo/api/items/478227,"東京大学柏図書館 Kashiwa Library, The University of Tokyo, JAPAN",,,博物之友,107,,https://iiif.dl.itc.u-tokyo.ac.jp/repo/iiif/8b4e5a44-a384-9636-3eee-8ef398e388d5/manifest,,,,,2
博物笑説 胡蝶国,胡蝶国(博物笑説) 其之四,雑録,青々園,,第2巻第7号,明治34年1月25日,http://tify.sub.uni-goettingen.de/demo.html?manifest=https://archdataset.dl.itc.u-tokyo.ac.jp/manifest/6bfa6965-7c23-4f9f-5a81-b19b919d38ee.json,6bfa6965-7c23-4f9f-5a81-b19b919d38ee,https://iiif.dl.itc.u-tokyo.ac.jp/repo/s/hakubutsunotomo/,https://iiif.dl.itc.u-tokyo.ac.jp/repo/s/hakubutsunotomo/document/6bfa6965-7c23-4f9f-5a81-b19b919d38ee,https://www.lib.u-tokyo.ac.jp/ja/library/contents/archives-top/reuse,https://iiif.dl.itc.u-tokyo.ac.jp/repo/files/medium/9334fb0f0ab4774d6edb743ca6cba90a8a6fe919.jpg,https://iiif.dl.itc.u-tokyo.ac.jp/repo/api/items/478228,"東京大学柏図書館 Kashiwa Library, The University of Tokyo, JAPAN",,,博物之友,108,,https://iiif.dl.itc.u-tokyo.ac.jp/repo/iiif/6bfa6965-7c23-4f9f-5a81-b19b919d38ee/manifest,,,,,3
夜間採集,,紀行,村松操,,第2巻第7号,明治34年1月25日,http://tify.sub.uni-goettingen.de/demo.html?manifest=https://archdataset.dl.itc.u-tokyo.ac.jp/manifest/5ec89d42-a27e-6f2f-06c2-efc8753e9959.json,5ec89d42-a27e-6f2f-06c2-efc8753e9959,https://iiif.dl.itc.u-tokyo.ac.jp/repo/s/hakubutsunotomo/,https://iiif.dl.itc.u-tokyo.ac.jp/repo/s/hakubutsunotomo/document/5ec89d42-a27e-6f2f-06c2-efc8753e9959,https://www.lib.u-tokyo.ac.jp/ja/library/contents/archives-top/reuse,https://iiif.dl.itc.u-tokyo.ac.jp/repo/files/medium/446d387a63734de548f18f9a77d8e6e8d4110086.jpg,https://iiif.dl.itc.u-tokyo.ac.jp/repo/api/items/478229,"東京大学柏図書館 Kashiwa Library, The University of Tokyo, JAPAN",,,博物之友,111,,https://iiif.dl.itc.u-tokyo.ac.jp/repo/iiif/5ec89d42-a27e-6f2f-06c2-efc8753e9959/manifest,,,,,3
冬ノ井頭ノ池,冬ノ井頭池,紀行,村松操,,第2巻第7号,明治34年1月25日,http://tify.sub.uni-goettingen.de/demo.html?manifest=https://archdataset.dl.itc.u-tokyo.ac.jp/manifest/03cc3ce4-81b2-9d80-23f2-5480a0bc96a6.json,03cc3ce4-81b2-9d80-23f2-5480a0bc96a6,https://iiif.dl.itc.u-tokyo.ac.jp/repo/s/hakubutsunotomo/,https://iiif.dl.itc.u-tokyo.ac.jp/repo/s/hakubutsunotomo/document/03cc3ce4-81b2-9d80-23f2-5480a0bc96a6,https://www.lib.u-tokyo.ac.jp/ja/library/contents/archives-top/reuse,https://iiif.dl.itc.u-tokyo.ac.jp/repo/files/medium/1dd32c6de20bf86d2041e10fa7e9e5a2f8d8e59f.jpg,https://iiif.dl.itc.u-tokyo.ac.jp/repo/api/items/478230,"東京大学柏図書館 Kashiwa Library, The University of Tokyo, JAPAN",,,博物之友,114,,https://iiif.dl.itc.u-tokyo.ac.jp/repo/iiif/03cc3ce4-81b2-9d80-23f2-5480a0bc96a6/manifest,,,,,2
博物笑話,博物笑話,雑報,博物小僧,,第2巻第7号,明治34年1月25日,http://tify.sub.uni-goettingen.de/demo.html?manifest=https://archdataset.dl.itc.u-tokyo.ac.jp/manifest/5a4c1c3d-2c47-4de3-5976-38fe452f095d.json,5a4c1c3d-2c47-4de3-5976-38fe452f095d,https://iiif.dl.itc.u-tokyo.ac.jp/repo/s/hakubutsunotomo/,https://iiif.dl.itc.u-tokyo.ac.jp/repo/s/hakubutsunotomo/document/5a4c1c3d-2c47-4de3-5976-38fe452f095d,https://www.lib.u-tokyo.ac.jp/ja/library/contents/archives-top/reuse,https://iiif.dl.itc.u-tokyo.ac.jp/repo/files/medium/86c329396b8ea54d10701f4b7068a5a4fcf43071.jpg,https://iiif.dl.itc.u-tokyo.ac.jp/repo/api/items/478231,"東京大学柏図書館 Kashiwa Library, The University of Tokyo, JAPAN",,,博物之友,115,,https://iiif.dl.itc.u-tokyo.ac.jp/repo/iiif/5a4c1c3d-2c47-4de3-5976-38fe452f095d/manifest,,,,,2
投書欄,投書欄,雑報,,,第2巻第7号,明治34年1月25日,http://tify.sub.uni-goettingen.de/demo.html?manifest=https://archdataset.dl.itc.u-tokyo.ac.jp/manifest/14d6e430-973a-06e7-683e-39fbf7a21c54.json,14d6e430-973a-06e7-683e-39fbf7a21c54,https://iiif.dl.itc.u-tokyo.ac.jp/repo/s/hakubutsunotomo/,https://iiif.dl.itc.u-tokyo.ac.jp/repo/s/hakubutsunotomo/document/14d6e430-973a-06e7-683e-39fbf7a21c54,https://www.lib.u-tokyo.ac.jp/ja/library/contents/archives-top/reuse,https://iiif.dl.itc.u-tokyo.ac.jp/repo/files/medium/8415d15e495e41020ee164aa78b8145d04a3d30d.jpg,https://iiif.dl.itc.u-tokyo.ac.jp/repo/api/items/478232,"東京大学柏図書館 Kashiwa Library, The University of Tokyo, JAPAN",,,博物之友,116,,https://iiif.dl.itc.u-tokyo.ac.jp/repo/iiif/14d6e430-973a-06e7-683e-39fbf7a21c54/manifest,,,,,2
"「役員ノ異動」「会員ノ異動」「投稿規程」「輪見方法」 , 奥付",,會報,,,第2巻第7号,明治34年1月25日,http://tify.sub.uni-goettingen.de/demo.html?manifest=https://archdataset.dl.itc.u-tokyo.ac.jp/manifest/2a3618d4-4894-6e13-0360-147726da812c.json,2a3618d4-4894-6e13-0360-147726da812c,https://iiif.dl.itc.u-tokyo.ac.jp/repo/s/hakubutsunotomo/,https://iiif.dl.itc.u-tokyo.ac.jp/repo/s/hakubutsunotomo/document/2a3618d4-4894-6e13-0360-147726da812c,https://www.lib.u-tokyo.ac.jp/ja/library/contents/archives-top/reuse,https://iiif.dl.itc.u-tokyo.ac.jp/repo/files/medium/54bac658060c33824600969f59a6d3a060f8b10b.jpg,https://iiif.dl.itc.u-tokyo.ac.jp/repo/api/items/478233,"東京大学柏図書館 Kashiwa Library, The University of Tokyo, JAPAN",,,博物之友,117,,https://iiif.dl.itc.u-tokyo.ac.jp/repo/iiif/2a3618d4-4894-6e13-0360-147726da812c/manifest,,,,,4
(表紙、目次、口絵),,,,"口絵 : 本會事務所 , 口絵 : 大宮附近採集物 , 口絵 : かたくりノ図 , 口絵 : Argynnis sagana ♂+♀",第2巻第8号,明治34年5月25日,http://tify.sub.uni-goettingen.de/demo.html?manifest=https://archdataset.dl.itc.u-tokyo.ac.jp/manifest/ca8121db-61a9-9a3c-80ab-68da99478bee.json,ca8121db-61a9-9a3c-80ab-68da99478bee,https://iiif.dl.itc.u-tokyo.ac.jp/repo/s/hakubutsunotomo/,https://iiif.dl.itc.u-tokyo.ac.jp/repo/s/hakubutsunotomo/document/ca8121db-61a9-9a3c-80ab-68da99478bee,https://www.lib.u-tokyo.ac.jp/ja/library/contents/archives-top/reuse,https://iiif.dl.itc.u-tokyo.ac.jp/repo/files/medium/b93d4976a37e9a75432672ac1411b1238d5a176d.jpg,https://iiif.dl.itc.u-tokyo.ac.jp/repo/api/items/478234,"東京大学柏図書館 Kashiwa Library, The University of Tokyo, JAPAN",,,博物之友,118,,https://iiif.dl.itc.u-tokyo.ac.jp/repo/iiif/ca8121db-61a9-9a3c-80ab-68da99478bee/manifest,,,,,7
巻ヲ閉ズルニ臨ミテ,,記事,,,第2巻第8号,明治34年5月25日,http://tify.sub.uni-goettingen.de/demo.html?manifest=https://archdataset.dl.itc.u-tokyo.ac.jp/manifest/e911c9a5-8b7c-471c-a24c-7f8918fb817f.json,e911c9a5-8b7c-471c-a24c-7f8918fb817f,https://iiif.dl.itc.u-tokyo.ac.jp/repo/s/hakubutsunotomo/,https://iiif.dl.itc.u-tokyo.ac.jp/repo/s/hakubutsunotomo/document/e911c9a5-8b7c-471c-a24c-7f8918fb817f,https://www.lib.u-tokyo.ac.jp/ja/library/contents/archives-top/reuse,https://iiif.dl.itc.u-tokyo.ac.jp/repo/files/medium/448fad7b5e9d71c4e44fea110a38016610854a03.jpg,https://iiif.dl.itc.u-tokyo.ac.jp/repo/api/items/478235,"東京大学柏図書館 Kashiwa Library, The University of Tokyo, JAPAN",,,博物之友,119,,https://iiif.dl.itc.u-tokyo.ac.jp/repo/iiif/e911c9a5-8b7c-471c-a24c-7f8918fb817f/manifest,,,,,2
僕之実験,,記事,梅澤親光,本編では執筆者として梅雅生と記載あり,第2巻第8号,明治34年5月25日,http://tify.sub.uni-goettingen.de/demo.html?manifest=https://archdataset.dl.itc.u-tokyo.ac.jp/manifest/994d1f3c-6af1-7d6c-11df-a3591c578d14.json,994d1f3c-6af1-7d6c-11df-a3591c578d14,https://iiif.dl.itc.u-tokyo.ac.jp/repo/s/hakubutsunotomo/,https://iiif.dl.itc.u-tokyo.ac.jp/repo/s/hakubutsunotomo/document/994d1f3c-6af1-7d6c-11df-a3591c578d14,https://www.lib.u-tokyo.ac.jp/ja/library/contents/archives-top/reuse,https://iiif.dl.itc.u-tokyo.ac.jp/repo/files/medium/5abfeb7d757f8f332f172289d270f6bd45928b29.jpg,https://iiif.dl.itc.u-tokyo.ac.jp/repo/api/items/478236,"東京大学柏図書館 Kashiwa Library, The University of Tokyo, JAPAN",,,博物之友,125,,https://iiif.dl.itc.u-tokyo.ac.jp/repo/iiif/994d1f3c-6af1-7d6c-11df-a3591c578d14/manifest,,,,,3
小庭見聞,,記事,村松操,,第2巻第8号,明治34年5月25日,http://tify.sub.uni-goettingen.de/demo.html?manifest=https://archdataset.dl.itc.u-tokyo.ac.jp/manifest/23b5c9df-8a52-3412-6501-ea7992c55c84.json,23b5c9df-8a52-3412-6501-ea7992c55c84,https://iiif.dl.itc.u-tokyo.ac.jp/repo/s/hakubutsunotomo/,https://iiif.dl.itc.u-tokyo.ac.jp/repo/s/hakubutsunotomo/document/23b5c9df-8a52-3412-6501-ea7992c55c84,https://www.lib.u-tokyo.ac.jp/ja/library/contents/archives-top/reuse,https://iiif.dl.itc.u-tokyo.ac.jp/repo/files/medium/89896fd0919fcbc082f63d42e4992c304a003040.jpg,https://iiif.dl.itc.u-tokyo.ac.jp/repo/api/items/478237,"東京大学柏図書館 Kashiwa Library, The University of Tokyo, JAPAN",,,博物之友,126,,https://iiif.dl.itc.u-tokyo.ac.jp/repo/iiif/23b5c9df-8a52-3412-6501-ea7992c55c84/manifest,,,,,1
日曜,,記事,村松操,,第2巻第8号,明治34年5月25日,http://tify.sub.uni-goettingen.de/demo.html?manifest=https://archdataset.dl.itc.u-tokyo.ac.jp/manifest/cdabee4d-a29d-1f71-0f05-ad44dc38607d.json,cdabee4d-a29d-1f71-0f05-ad44dc38607d,https://iiif.dl.itc.u-tokyo.ac.jp/repo/s/hakubutsunotomo/,https://iiif.dl.itc.u-tokyo.ac.jp/repo/s/hakubutsunotomo/document/cdabee4d-a29d-1f71-0f05-ad44dc38607d,https://www.lib.u-tokyo.ac.jp/ja/library/contents/archives-top/reuse,https://iiif.dl.itc.u-tokyo.ac.jp/repo/files/medium/48844068a50ba8000f4b2a5fce8478fe45054610.jpg,https://iiif.dl.itc.u-tokyo.ac.jp/repo/api/items/478238,"東京大学柏図書館 Kashiwa Library, The University of Tokyo, JAPAN",,,博物之友,127,,https://iiif.dl.itc.u-tokyo.ac.jp/repo/iiif/cdabee4d-a29d-1f71-0f05-ad44dc38607d/manifest,,,,,2
第二採集報告,,記事,村松操,,第2巻第8号,明治34年5月25日,http://tify.sub.uni-goettingen.de/demo.html?manifest=https://archdataset.dl.itc.u-tokyo.ac.jp/manifest/7e423fab-a148-3116-3af0-0bee3674a115.json,7e423fab-a148-3116-3af0-0bee3674a115,https://iiif.dl.itc.u-tokyo.ac.jp/repo/s/hakubutsunotomo/,https://iiif.dl.itc.u-tokyo.ac.jp/repo/s/hakubutsunotomo/document/7e423fab-a148-3116-3af0-0bee3674a115,https://www.lib.u-tokyo.ac.jp/ja/library/contents/archives-top/reuse,https://iiif.dl.itc.u-tokyo.ac.jp/repo/files/medium/daea8456d5ae9469355dab950ab6d9a6f06f15ae.jpg,https://iiif.dl.itc.u-tokyo.ac.jp/repo/api/items/478239,"東京大学柏図書館 Kashiwa Library, The University of Tokyo, JAPAN",,,博物之友,128,,https://iiif.dl.itc.u-tokyo.ac.jp/repo/iiif/7e423fab-a148-3116-3af0-0bee3674a115/manifest,,,,,2
博物笑説 The Rhopalocera Kingdom 胡蝶国,博物笑説 胡蝶国(The Rhopalocera Kingdom)(第三版付),記事,青々園,,第2巻第8号,明治34年5月25日,http://tify.sub.uni-goettingen.de/demo.html?manifest=https://archdataset.dl.itc.u-tokyo.ac.jp/manifest/bf76d6a0-66d8-14d7-0da1-8aa175c65909.json,bf76d6a0-66d8-14d7-0da1-8aa175c65909,https://iiif.dl.itc.u-tokyo.ac.jp/repo/s/hakubutsunotomo/,https://iiif.dl.itc.u-tokyo.ac.jp/repo/s/hakubutsunotomo/document/bf76d6a0-66d8-14d7-0da1-8aa175c65909,https://www.lib.u-tokyo.ac.jp/ja/library/contents/archives-top/reuse,https://iiif.dl.itc.u-tokyo.ac.jp/repo/files/medium/226e7bbdc728d85feab4f6b4e5c8768d5badcfee.jpg,https://iiif.dl.itc.u-tokyo.ac.jp/repo/api/items/478240,"東京大学柏図書館 Kashiwa Library, The University of Tokyo, JAPAN",,,博物之友,130,,https://iiif.dl.itc.u-tokyo.ac.jp/repo/iiif/bf76d6a0-66d8-14d7-0da1-8aa175c65909/manifest,,,,,6
日本博物学同志会 第一回談話会々況,,記事,,著者名として「む・み・生」と記載あり,第2巻第8号,明治34年5月25日,http://tify.sub.uni-goettingen.de/demo.html?manifest=https://archdataset.dl.itc.u-tokyo.ac.jp/manifest/f62876d7-81d8-57ca-03f7-dbff3a595cc7.json,f62876d7-81d8-57ca-03f7-dbff3a595cc7,https://iiif.dl.itc.u-tokyo.ac.jp/repo/s/hakubutsunotomo/,https://iiif.dl.itc.u-tokyo.ac.jp/repo/s/hakubutsunotomo/document/f62876d7-81d8-57ca-03f7-dbff3a595cc7,https://www.lib.u-tokyo.ac.jp/ja/library/contents/archives-top/reuse,https://iiif.dl.itc.u-tokyo.ac.jp/repo/files/medium/539c2c428d4c6d43f61516c554de9a58079db5bd.jpg,https://iiif.dl.itc.u-tokyo.ac.jp/repo/api/items/478241,"東京大学柏図書館 Kashiwa Library, The University of Tokyo, JAPAN",,,博物之友,131,,https://iiif.dl.itc.u-tokyo.ac.jp/repo/iiif/f62876d7-81d8-57ca-03f7-dbff3a595cc7/manifest,,,,,6
談話会余聞,,記事,,,第2巻第8号,明治34年5月25日,http://tify.sub.uni-goettingen.de/demo.html?manifest=https://archdataset.dl.itc.u-tokyo.ac.jp/manifest/b749f27f-1952-277e-64db-4c98ad2792c5.json,b749f27f-1952-277e-64db-4c98ad2792c5,https://iiif.dl.itc.u-tokyo.ac.jp/repo/s/hakubutsunotomo/,https://iiif.dl.itc.u-tokyo.ac.jp/repo/s/hakubutsunotomo/document/b749f27f-1952-277e-64db-4c98ad2792c5,https://www.lib.u-tokyo.ac.jp/ja/library/contents/archives-top/reuse,https://iiif.dl.itc.u-tokyo.ac.jp/repo/files/medium/45f0a1dab5483b26592c794ac287d588aa70c3f5.jpg,https://iiif.dl.itc.u-tokyo.ac.jp/repo/api/items/478242,"東京大学柏図書館 Kashiwa Library, The University of Tokyo, JAPAN",,,博物之友,132,,https://iiif.dl.itc.u-tokyo.ac.jp/repo/iiif/b749f27f-1952-277e-64db-4c98ad2792c5/manifest,,,,,4
質問応答,質問二件 応答二件,質問応答,,,第2巻第8号,明治34年5月25日,http://tify.sub.uni-goettingen.de/demo.html?manifest=https://archdataset.dl.itc.u-tokyo.ac.jp/manifest/2868ac4e-60fb-9ea4-6eea-8f861d4e0800.json,2868ac4e-60fb-9ea4-6eea-8f861d4e0800,https://iiif.dl.itc.u-tokyo.ac.jp/repo/s/hakubutsunotomo/,https://iiif.dl.itc.u-tokyo.ac.jp/repo/s/hakubutsunotomo/document/2868ac4e-60fb-9ea4-6eea-8f861d4e0800,https://www.lib.u-tokyo.ac.jp/ja/library/contents/archives-top/reuse,https://iiif.dl.itc.u-tokyo.ac.jp/repo/files/medium/c3773d8a2873007e661bc0fe66776cfdf0596b01.jpg,https://iiif.dl.itc.u-tokyo.ac.jp/repo/api/items/478243,"東京大学柏図書館 Kashiwa Library, The University of Tokyo, JAPAN",,,博物之友,133,,https://iiif.dl.itc.u-tokyo.ac.jp/repo/iiif/2868ac4e-60fb-9ea4-6eea-8f861d4e0800/manifest,,,,,2
"「会名改編」「第一回談話会」「本会趣意書」「新入会員」「退会者」 , 奥付",,會報,,挟み込み資料2点(「日博物学会規則」「日本博物学同志会規則」)あり,第2巻第8号,明治34年5月25日,http://tify.sub.uni-goettingen.de/demo.html?manifest=https://archdataset.dl.itc.u-tokyo.ac.jp/manifest/8f72802e-8c6d-8a0c-7e7b-e44af9f93a63.json,8f72802e-8c6d-8a0c-7e7b-e44af9f93a63,https://iiif.dl.itc.u-tokyo.ac.jp/repo/s/hakubutsunotomo/,https://iiif.dl.itc.u-tokyo.ac.jp/repo/s/hakubutsunotomo/document/8f72802e-8c6d-8a0c-7e7b-e44af9f93a63,https://www.lib.u-tokyo.ac.jp/ja/library/contents/archives-top/reuse,https://iiif.dl.itc.u-tokyo.ac.jp/repo/files/medium/7a21a9f5a49be1f2191cd7791a1a1b2bbc0fb04f.jpg,https://iiif.dl.itc.u-tokyo.ac.jp/repo/api/items/478244,"東京大学柏図書館 Kashiwa Library, The University of Tokyo, JAPAN",,,博物之友,134,,https://iiif.dl.itc.u-tokyo.ac.jp/repo/iiif/8f72802e-8c6d-8a0c-7e7b-e44af9f93a63/manifest,,,,,6
